:020000040800F2
:1000000000000C2029170008191100082111000810
:10001000291100083111000839110008791700086A
:10002000000000000000000000000000B1DB00083C
:10003000411100080000000051DB00083DBA000833
:100040007917000879170008791700087917000850
:100050007917000879170008791700087917000840
:100060007917000879170008791700087917000830
:100070007917000879170008791700087917000820
:100080007917000879170008791700087917000810
:100090007917000879170008791700087917000800
:1000A00079170008791700087917000879170008F0
:1000B0000000000079170008791700087917000878
:1000C00079170008791700087917000879170008D0
:1000D00079170008791700087917000879170008C0
:1000E00079170008791700085111000879170008DE
:1000F00079170008791700087917000879170008A0
:10010000791700087917000879170008791700088F
:100110007917000879170008791700086511000899
:100120007911000879170008791700087917000875
:10013000791700087917000879170008791700085F
:10014000791700087917000879170008791700084F
:10015000791700087917000879170008791700083F
:10016000791700088D110008791700087917000821
:10017000791700087917000879170008791700081F
:10018000791700087917000879170008791700080F
:1001900079170008791700087917000879170008FF
:1001A00079170008791700087917000879170008EF
:1001B0007917000800000000791700087917000877
:1001C0007917000800000000791700087917000867
:1001D00079170008791700087917000879170008BF
:1001E00079170008791700087917000879170008AF
:1001F00000000000000000007917000879170008CF
:10020000791700087917000879170008791700088E
:10021000791700087917000879170008791700087E
:10022000791700087917000879170008791700086E
:08023000791700087917000896
:1002400010B5054C237833B9044B13B10448AFF310
:1002500000800123237010BD9000002000000000EA
:100260000CE6000808B5034B1BB103490348AFF384
:10027000008008BD00000000940000200CE600088B
:1002800053B94AB9002908BF00281CBF4FF0FF31FD
:100290004FF0FF3000F07EB9ADF1080C6DE904CEEF
:1002A00000F006F8DDF804E0DDE9022304B0704751
:1002B0002DE9F04F099D0C46002B4DD18A420F4687
:1002C00084469646B2FA82F360D94BB102FA03FE35
:1002D000C3F120029F4000FA03FC20FA02F2174308
:1002E0004FEA1E461FFA8EF44FEA1C42B7FBF6F1A6
:1002F00006FB117701FB04F042EA0742904208D95D
:100300001EEB020201F1FF3702D2904200F22D8172
:100310003946121A1FFA8CFCB2FBF6F006FB1022CB
:1003200000FB04F44CEA024C644508D91EEB0C0CAB
:1003300000F1FF3202D2644500F21A81104640EA11
:100340000140ACEB040C002125B12CFA03F3002290
:10035000C5E90032BDE8F08F8B4205D90DB1C5E982
:10036000000100210846F5E7B3FA83F100294DD1D9
:10037000A342C0F0F280904280F0EF800646234610
:100380000846002DE6D0C5E90063E3E7002B40F006
:10039000A2808A1A4FEA1E471FFA8EF60121B2FB8D
:1003A000F7F407FB14204FEA1C4242EA004206FB26
:1003B00004F090420FD91EEB020204F1FF382CBF6B
:1003C0004FF001094FF00009904203D9B9F1000F35
:1003D00000F0C8804446121A1FFA8CFCB2FBF7F0FA
:1003E00007FB102200FB06F64CEA024C664508D9D2
:1003F0001EEB0C0C00F1FF3202D2664500F2BB800E
:100400001046ACEB060C40EA04409DE7C1F1200623
:100410008B4004FA01FE22FA06F720FA06FCF440AB
:100420008A401F434EEA0C0300FA01FE4FEA1748C8
:100430004FEA13491FFA87FCB4FBF8F008FB10449D
:1004400049EA044400FB0CF9A1450ED93C1900F11E
:10045000FF3A2CBF4FF0010B4FF0000BA14503D921
:10046000BBF1000F00F093805046A4EB09041FFA83
:1004700083F9B4FBF8F308FB134403FB0CFC49EAD3
:100480000444A44506D93C1903F1FF3801D2A44520
:100490007AD8434643EA0040A4EB0C04A0FB029840
:1004A0004445CC46434602D306D1CE4504D201385A
:1004B000B9EB020C68EB07035DB1BEEB0C0264EB19
:1004C000030404FA06F622FA01F3CC401E43C5E900
:1004D000006400213EE702FA03FEC3F1200104FAA2
:1004E00003F200FA03FCCC404FEA1E4720FA01F168
:1004F0001FFA8EF6B4FBF7F00A4307FB1044110C09
:1005000041EA044100FB06F48C420ED91EEB0101C6
:1005100000F1FF382CBF4FF001094FF000098C4269
:1005200002D9B9F1000F2CD04046091B92B2B1FBA1
:10053000F7F407FB141142EA014204FB06F1914271
:1005400007D91EEB020204F1FF3801D2914215D8FF
:100550004446521A44EA004121E7861A64EB030339
:1005600001200EE7023C724435E702397244D0E6BE
:10057000F4440238E3E6F444023842E7023C7244B1
:10058000E7E702387144D0E7023B3C4482E7023897
:100590003C446AE7704700BF80B500AF1E4B1F4A5E
:1005A0001A601D4B00225A601B4B00229A601A4BA6
:1005B0000022DA60184B00221A61174B04229A615C
:1005C000154B00221A77144B002283F82420124B7B
:1005D00001229A62104B002283F82C200E4B00223D
:1005E00083F840200C4B00229A660B4B00225A6481
:1005F000094B00221A65084B0022DA63064B0022E1
:1006000083F85420044801F02BFA0346002B01D054
:1006100000F0ECFC00BF80BDAC0000200080024276
:1006200080B5BAB000AF786007F1D40300221A6039
:100630005A609A60DA601A6107F11003C022002143
:1006400018460DF023FD7B681B68244A934240D175
:100650004FF400424FF00003C7E904234FF48043F6
:10066000C7F8B43007F11003184606F0B5FC03468E
:10067000002B01D000F0BAFC194BD3F88C30184A8B
:1006800043F48063C2F88C30154BD3F88C3003F4FC
:100690008063FB60FB68124BD3F88C30104A43F048
:1006A0000403C2F88C300E4BD3F88C3003F00403F3
:1006B000BB60BB680423C7F8D4300323C7F8D83025
:1006C0000023C7F8DC3007F1D4031946054802F0CF
:1006D00065F800BFE837BD4680BD00BF008002421C
:1006E000000C02460008024280B500AF084A002113
:1006F00008480BF033FA0346074A1360074A002103
:1007000007480BF02BFA0346064A136000BF80BD72
:100710008CE600082907000838010020B0E6000830
:10072000390700083C01002080B582B000AF786036
:1007300001200BF0A4FAFBE780B582B000AF78602F
:100740000421044802F01AFAC8200BF098FA00BFFE
:10075000F6E700BF0018024280B58AB000AF07F18B
:10076000140300221A605A609A60DA601A61494BD9
:10077000D3F88C30474A43F00403C2F88C30454B21
:10078000D3F88C3003F004033B613B69414BD3F851
:100790008C30404A43F00203C2F88C303D4BD3F812
:1007A0008C3003F00203FB60FB683A4BD3F88C30CB
:1007B000384A43F04003C2F88C30364BD3F88C30C3
:1007C00003F04003BB60BB68324BD3F88C30314A36
:1007D00043F00103C2F88C302E4BD3F88C3003F079
:1007E00001037B607B68002204212B4802F0AEF9F4
:1007F00000228021294802F0A9F90022202128485E
:1008000002F0A4F94FF400537B61264BBB61002337
:10081000FB6107F114031946204801F0BFFF4FF4B4
:1008200080437B610023BB610023FB6107F114035C
:1008300019461B4801F0B2FF04237B610123BB6111
:100840000123FB6102233B6207F11403194612489E
:1008500001F0A4FF80237B610123BB610123FB61C5
:1008600002233B6207F1140319460C4801F096FF7E
:1008700020237B610123BB610023FB6100233B62DA
:1008800007F114031946064801F088FF00BF283716
:10089000BD4680BD000C024600180242000802421C
:1008A000000402420000211080B500AF1F4B204A17
:1008B0001A601E4B1F4A5A601C4BA0229A601B4BA9
:1008C0000122DA60194B00221A61184B00225A618A
:1008D000164B00229A61154B0022DA61134B00225D
:1008E0001A62124802F064F90346002B01D000F0AE
:1008F0007DFB00210D4803F03FFE0346002B01D095
:1009000000F074FB0021094803F081FE0346002B30
:1009100001D000F06BFB054802F04AFB0346002BB8
:1009200001D000F063FB00BF80BD00BFBC01002010
:1009300000540040EC9D903080B5BAB000AF7860B4
:1009400007F1D40300221A605A609A60DA601A61D3
:1009500007F11003C022002118460DF097FB7B68B9
:100960001B682E4A934254D14FF040024FF00003CF
:10097000C7E904230023BB6707F11003184606F0FC
:100980002BFB0346002B01D000F030FB244BD3F8A7
:100990008C30234A43F00203C2F88C30204BD3F84A
:1009A0008C3003F00203FB60FB68C023C7F8D4302F
:1009B0001223C7F8D8300023C7F8DC300023C7F86B
:1009C000E0300423C7F8E43007F1D4031946154892
:1009D00001F0E4FE124BD3F89C30114A43F40013AB
:1009E000C2F89C300E4BD3F89C3003F40013BB606C
:1009F000BB6800220521372001F0B4FB372001F04D
:100A0000CBFB00220521382001F0ACFB382001F09F
:100A1000C3FB00BFE837BD4680BD00BF00540040A7
:100A2000000C02460004024280B500AF1A480DF0E7
:100A30004DFA1A4B1A681A4B1340194A934225D1A2
:100A400018480DF043FA64200BF019F901F09AFCF4
:100A500001F0D4FC144B1B6C134A23F08063136425
:100A6000114B1B6C104A23F0006313640E4B0B4AAE
:100A70009A640D4B9B6A0C4A43F40033936201F075
:100A8000F7FC01F0DDFC01F09FFC02E007480DF0EF
:100A90001DFA00BF80BD00BF3CE600080000010851
:100AA00000000C2050E600080020024060E600082C
:100AB00080B400AF00BFBD465DF8047B704780B5D1
:100AC00082B000AF7860786802F072FA00BF083731
:100AD000BD4680BD80B582B000AF78600B46FB702C
:100AE00013463B80FB78002B09D10E4B00221A7075
:100AF000002301220C49786802F0A8F90EE00B4BA4
:100B000000221A70002301220949786802F0ECF8EB
:100B1000084B1B780133DAB2064B1A7000BF083756
:100B2000BD4680BDB001002040010020B101002081
:100B3000B20100200000002080B582B000AF7860D4
:100B40000B4B1B780133DAB2094B1A704FF08073EC
:100B500001220849786802F0C7F8074B1B78013377
:100B6000DAB2054B1A7000BF0837BD4680BD00BF22
:100B7000B1010020B20100200000002080B5B0B01B
:100B800000AF7860A54B1B781A46A54B9A5CA54B25
:100B90001A700023A7F8BE30A04B1B78012B0AD196
:100BA0009F4B5B781B021AB29D4B1B781BB2134301
:100BB0001BB2A7F8BE30B7F8BE304AF6CD3293422A
:100BC00002D1964BFF221A70974B1B88002B26D11F
:100BD000924B1B78002B22D1944B1B78002B1ED1FB
:100BE00001F0D0FB01F00AFC0223C7F8A830002373
:100BF000C7F8B0300223C7F8AC307F23C7F8B43051
:100C000007F1A40207F1A8031146184601F000FD00
:100C1000034687F8A33001F013FC01F0D5FB7F4BAE
:100C20001B78012B15D1814B1B78002B11D17C4BEC
:100C30005B781B021AB27A4B1B781BB213431BB2B0
:100C40009AB27B4B1A80794B01221A70734BFF22A8
:100C50001A70724B1B780133DAB2704B1A706F4BFB
:100C60001B786F2B07D06D4B1B78012B0FD16F4B6F
:100C70001B78002B0BD1694B1B781A46684BD11897
:100C80004FF000730122786802F0E0F80AE0634B4D
:100C90001B781A46624BD1184FF080730122786896
:100CA00002F0D4F85D4B1B78702B40F0B38007F155
:100CB00008037022002118460DF0E8F9584A07F1A0
:100CC00008031146702218460DF05BFA0723C7F897
:100CD0009C3001F057FB01F091FB534B1B881A46E7
:100CE0001346DB009B1A1B01C7F898300023C7F896
:100CF0009430002387F8933025E097F89330DBB2E7
:100D0000002B20D1D7F8983003F10161D7F8943047
:100D10009B0007F108029B0013441A46012001F0D2
:100D2000E7FA034687F8933097F89330DBB2002B4D
:100D300009D1D7F898301033C7F89830D7F89430E5
:100D40000133C7F89430D7F89420D7F89C309A42F2
:100D5000D3D3354B1B8801339AB2334B1A8001F041
:100D60006FFB01F031FB304B1A88314B1B889A42E4
:100D700050D101F007FB01F041FB0223C7F880309E
:100D80000823C7F888300123C7F884307823C7F8D0
:100D90008C3007F17C0207F180031146184601F000
:100DA00037FC034687F87B300023C7F898300023D0
:100DB000C7F8B8301BE0D7F8983003F1006303F5AB
:100DC0008033D7F8982002F10162194644F20100FD
:100DD00001F08EFA034687F87B30D7F898308033DD
:100DE000C7F89830D7F8B8300133C7F8B8300E4B91
:100DF0001B881A46D7F8B8309342DCDB01F020FBA1
:100E000001F0E2FA084B00221A80084B00221A7007
:100E1000FFF70AFE00BFC037BD4680BDB00100200D
:100E200040010020B3010020B4010020B8010020DF
:100E3000B601002080B584B000AF7860786802F019
:100E40007EF9F860FB68042B10D17B681B681022C8
:100E5000DA610A4B1B78002B02D1FFF729FE05E06F
:100E6000064B1B78013BDAB2044B1A70786802F02B
:100E70009FF800BF1037BD4680BD00BFB101002004
:100E800080B500AF002003F00FFC0346002B01D01B
:100E900000F0ACF803F028FC0346002B01D000F072
:100EA000A5F800BF80BD80B500AF00F067FC00F082
:100EB00018F800F07AF8FFF74FFCFFF76DFBFFF72B
:100EC000DFFF00F081FA00F0B5FA00F067FBFFF7F2
:100ED000EBFC0AF0F3FDFFF707FC0AF015FE00BF7C
:100EE000FDE780B59EB000AF07F118036022002136
:100EF00018460DF0CBF83B4600221A605A609A6003
:100F0000DA601A615A614FF4403004F075FC034610
:100F1000002B01D000F06AF83223BB614FF48073DC
:100F20007B624FF480537B641023BB6201237B639D
:100F30001023BB634FF08043FB6302233B65012317
:100F40007B650023FB650123BB6550233B660223C1
:100F50007B660223BB660223FB6600233B670023FC
:100F60007B6707F11803184604F052FD0346002B77
:100F700001D000F03BF81F233B6003237B6000237C
:100F8000BB600023FB6000233B6100237B613B4689
:100F90000421184605F018FC0346002B01D000F090
:100FA00025F800BF7837BD4680BD80B500AF04F09E
:100FB0000FFD022004F0ACFC0346002B01D000F032
:100FC00015F800BF80BD000080B582B000AF78602A
:100FD0007B681B68044A934201D100F0FFFB00BF0D
:100FE0000837BD4680BD00BF002C014080B400AF73
:100FF00072B600BF00BFFDE780B582B000AF0D4BF9
:10100000D3F894300B4A43F00403C2F89430094BF0
:10101000D3F8943003F004037B607B6804F0E8FCB1
:1010200000220F216FF0010001F09CF800BF08378B
:10103000BD4680BD000C024680B58EB000AF786022
:1010400000233B630023FB622E4BD3F8A4302D4AD0
:1010500043F40063C2F8A4302A4BD3F8A43003F45D
:101060000063FB60FB6807F1100207F114031146EF
:10107000184605F0F3FE05F0C9FE38633B6B224AC3
:10108000A2FB03239B0C013BFB62204B204A1A600E
:101090001E4B40F2E732DA601C4AFB6A53601B4B7E
:1010A00000221A61194B00229A60184808F02CFCA3
:1010B000034687F8373097F83730002B18D113489C
:1010C00008F084FC034687F8373097F83730002B58
:1010D0000ED17B680F2B08D8002279682A2001F0F6
:1010E00041F80C4A7B68136002E0012387F837302F
:1010F0002A2001F051F897F8373018463837BD46A6
:1011000080BD00BF000C024683DE1B43100200209E
:10111000002C01400800002080B400AF00BFFDE7B4
:1011200080B400AF00BFFDE780B400AF00BFFDE7B3
:1011300080B400AF00BFFDE780B400AF00BFFDE7A3
:1011400080B400AF00BFBD465DF8047B704700006F
:1011500080B500AF024808F0D9FC00BF80BD00BFD9
:101160001002002080B500AF024801F041FF00BF2F
:1011700080BD00BFBC01002080B500AF024801F077
:1011800051FF00BF80BD00BFBC01002080B500AF93
:10119000024803F0D1FB00BF80BD00BFF402002075
:1011A00080B586B000AFF860B9607A6000237B61DB
:1011B0000AE0AFF300800146BB685A1CBA60CAB2AD
:1011C0001A707B6901337B617A697B689A42F0DB34
:1011D0007B6818461837BD4680BD80B586B000AF25
:1011E000F860B9607A6000237B6109E0BB685A1C33
:1011F000BA601B781846AFF300807B6901337B61CE
:101200007A697B689A42F1DB7B6818461837BD46DD
:1012100080BD80B483B000AF78604FF0FF331846D4
:101220000C37BD465DF8047B704780B483B000AFD7
:10123000786039603B684FF400525A6000231846CA
:101240000C37BD465DF8047B704780B483B000AFB7
:101250007860012318460C37BD465DF8047B704763
:1012600080B485B000AFF860B9607A60002318469A
:101270001437BD465DF8047B7047000080B586B02A
:1012800000AF7860144A154BD31A7B617B693B61D0
:10129000134B1B68002B02D1114B124A1A60104BE2
:1012A0001A687B6813443A699A4207D20CF03CFFF3
:1012B00003460C221A604FF0FF3309E0084B1B680D
:1012C000FB60074B1A687B681344054A1360FB6890
:1012D00018461837BD4680BD00000C2000040000F1
:1012E0005C0200205834002080B400AF184BD3F8C3
:1012F0008830174A43F47003C2F88830154B012236
:101300001A60144B0022DA61124B00221A62114B50
:1013100000225A620F4B1B680E4A23F0A85323F495
:10132000102313600B4B00229A620A4B1B68094A78
:1013300023F480231360074B00221A65044B4FF0FF
:1013400000629A6000BFBD465DF8047B704700BF35
:1013500000ED00E0000C024680B485B000AF78607C
:101360000A4BD3F88C2009497B681343C1F88C30B1
:10137000064BD3F88C207B681340FB60FB6800BFF2
:101380001437BD465DF8047B704700BF000C024671
:1013900080B485B000AF78600A4BD3F8A02009492B
:1013A0007B681343C1F8A030064BD3F8A0207B68BC
:1013B0001340FB60FB6800BF1437BD465DF8047B3B
:1013C000704700BF000C024680B586B000AF3B46B8
:1013D00000221A605A609A60DA601A615A614FF40A
:1013E0000000FFF7D5FF0220FFF7B6FF0120FFF74F
:1013F000B3FF4FF400433B6003237B6000233B615A
:101400003B461946094809F0A4FC4FF400433B60F1
:1014100003237B6000233B613B461946044809F0E7
:1014200098FC00BF1837BD4680BD00BF00040242D3
:101430000000024280B500AF224B234A1A60214BC4
:101440004FF4E1325A601F4B00229A601D4B00227C
:10145000DA601C4B00221A611A4B0C225A61194B9C
:1014600000229A61174B0022DA61164B00221A62A1
:10147000144B00225A62134B00229A62114808F062
:1014800009FE0346002B01D0FFF7B0FD00210D48F7
:1014900009F04AFA0346002B01D0FFF7A7FD00210F
:1014A000084809F07FFA0346002B01D0FFF79EFDA4
:1014B000044809F000FA0346002B01D0FFF796FD1F
:1014C00000BF80BD600200200038014080B5BAB086
:1014D00000AF786007F1D40300221A605A609A6066
:1014E000DA601A6107F11003C022002118460CF0DF
:1014F000CDFD7B681B68264A934245D14FF001021F
:101500004FF00003C7E9042300233B6607F11003F3
:10151000184605F061FD0346002B01D0FFF766FD7C
:101520001C4BD3F8A4301B4A43F48043C2F8A430C8
:10153000184BD3F8A43003F48043FB60FB68154BD1
:10154000D3F88C30134A43F00103C2F88C30114BAE
:10155000D3F88C3003F00103BB60BB684FF4C06369
:10156000C7F8D4300223C7F8D8300223C7F8DC30DC
:101570000323C7F8E0300723C7F8E43007F1D403AA
:101580001946054801F00AF900BFE837BD4680BD9D
:1015900000380140000C02460000024280B500AF56
:1015A000154B164A1A60144B06221A71124B02226E
:1015B000DA71114B02225A720F4B00229A720E4BB3
:1015C0000022DA720C4B00221A730B4B00225A7362
:1015D000094B0022DA73084B00229A73064B002253
:1015E0009A71054803F090F80346002B01D0FFF7ED
:1015F000FDFC00BF80BD00BFF402002000000442DB
:1016000080B5BCB000AF786007F1DC0300221A603F
:101610005A609A60DA601A6107F11803C02200214B
:1016200018460CF033FD7B681B683C4A934271D12D
:101630004FF480124FF00003C7E906230023C7F8D8
:10164000B43007F11803184605F0C6FC0346002B1A
:1016500001D0FFF7CBFC324BD3F88C30304A43F04B
:101660000103C2F88C302E4BD3F88C3003F0010309
:101670007B617B694FF4C053C7F8DC300223C7F8A5
:10168000E0300023C7F8E4300323C7F8E8300A232A
:10169000C7F8EC3007F1DC031946224801F07EF868
:1016A0001F4BD3F88C301E4A43F48043C2F88C3071
:1016B0001B4BD3F88C3003F480433B613B69184BE0
:1016C000D3F8943003F00403002B19D1144BD3F852
:1016D0009430134A43F00403C2F89430104BD3F80B
:1016E000943003F00403FB60FB6804F061F90C4BD9
:1016F000D3F894300A4A23F00403C2F8943001E08E
:1017000004F056F900220521492000F02BFD492064
:1017100000F042FD00BFF037BD4680BD000004422E
:10172000000C024600000242DFF834D0FFF7DCFD77
:10173000002103E00B4B5B58435004310A480B4B2C
:1017400042189A42F6D30A4A02E0002342F8043BC8
:10175000084B9A42F9D30CF0EDFCFFF7A4FBFEE72F
:1017600000000C20E4E700080000002090000020AA
:101770009000002058340020FEE7000080B500AF44
:10178000124B1B68114A43F480731360032000F06E
:10179000DEFC05F00BFA02460D4B1B6A03F00F034B
:1017A0000C49CB5C22FA03F30B4A1360042000F0CF
:1017B00001FD0F20FFF740FC0346002B01D0012361
:1017C00002E0FFF719FC0023184680BD002002400C
:1017D000000C0246D4E600080400002080B400AFEC
:1017E000064B1B781A46064B1B681344044A1360C9
:1017F00000BFBD465DF8047B704700BF0C000020B1
:10180000D807002080B400AF034B1B681846BD46C4
:101810005DF8047B704700BFD807002080B584B016
:1018200000AF7860FFF7EEFFB8607B68FB60FB6895
:10183000B3F1FF3F05D00A4B1B781A46FB681344EF
:10184000FB6000BFFFF7DEFF0246BB68D31AFA68F1
:101850009A42F7D800BF00BF1037BD4680BD00BF19
:101860000C00002080B483B000AF786039607B68E2
:101870001B6823F470123B681A437B681A6000BF30
:101880000C37BD465DF8047B7047000080B485B01E
:1018900000AF786039603B68FB607B680A4A93421E
:1018A00004D1FB68013B03F00C03FB607B68DB6841
:1018B00023F00C02FB681A437B68DA6000BF143720
:1018C000BD465DF8047B70470010024680B483B0CB
:1018D00000AF786039607B681B6F23F47F5323F07F
:1018E0003F033A681A437B681A677B681B6F23F0D3
:1018F00000433A68002A02D04FF0004200E0002284
:101900001A437B681A6700BF0C37BD465DF8047B3D
:10191000704780B485B000AFF860B9607A60FB684A
:101920005A69BB6803F00403072101FA03F3DB43A0
:101930001A40BB6803F00403796801FA03F31A4301
:10194000FB685A6100BF1437BD465DF8047B7047E1
:1019500080B483B000AF78607B689B6823F020433D
:1019600023F03F037A68936000BF0C37BD465DF8F3
:10197000047B704780B483B000AF78607B689B685D
:1019800003F00053B3F1005F01D1012300E0002315
:1019900018460C37BD465DF8047B704780B483B0B1
:1019A00000AF78607B689B6823F0104323F03F030F
:1019B00043F080527B689A6000BF0C37BD465DF8EB
:1019C000047B704780B483B000AF78607B689B680D
:1019D00003F08053B3F1805F01D1012300E00023C5
:1019E00018460C37BD465DF8047B704780B483B061
:1019F00000AF78607B689B6803F00103012B01D185
:101A0000012300E0002318460C37BD465DF8047B37
:101A1000704780B483B000AF78607B689B6803F048
:101A20000403042B01D1012300E0002318460C37E6
:101A3000BD465DF8047B704780B483B000AF78602A
:101A40007B689B6803F00803082B01D1012300E0A9
:101A5000002318460C37BD465DF8047B7047000034
:101A600080B58AB000AF7860002387F82730002364
:101A70003B620023FB617B68002B01D10123B3E2B1
:101A80007B681B69002B03D07B681B688B4A9342E1
:101A90007B689B6F002B09D17868FEF7C1FD7B68DE
:101AA0000022DA677B68002283F874207B681B6859
:101AB0001846FFF75FFF0346002B04D07B681B68C6
:101AC0001846FFF745FF7B681B681846FFF77AFF4B
:101AD0000346002B15D17B681B681846FFF75EFF95
:101AE000774B1B689B09774AA2FB03239B090133B1
:101AF0005B00FB6002E0FB68013BFB60FB68002BC6
:101B0000F9D17B681B681846FFF75CFF0346002B82
:101B10000ED17B689B6F43F010027B689A677B68ED
:101B2000DB6F43F001027B68DA67012387F8273017
:101B30007B681B681846FFF76CFFB8617B689B6F7A
:101B400003F01003002B40F04482BB69002B40F0EF
:101B500040827B689B6F23F4817343F002027B68B1
:101B60009A677B681B681846FFF740FF0346002B07
:101B700040D17B681B68514A934228D07B681B6820
:101B8000514A934209D15048FFF730FF0346002BDA
:101B90000CBF01230023DBB208E04848FFF726FF13
:101BA0000346002B0CBF01230023DBB2002B21D006
:101BB0007B681B68444A934201D1444A00E0444A8E
:101BC0007B685B6819461046FFF74CFE12E07B68A5
:101BD0001A687B689B6819461046FFF757FE3C4B16
:101BE0001B6823F470127B685B6803F47013384938
:101BF00013430B607B681B68304A934210D07B68AC
:101C000093F824305A037B685B6C1A437B689B68AB
:101C10001A437B6893F82C301B0413433B6230E07B
:101C20007B681B7F9A037B6893F824305B03134324
:101C30007A68526C002A02D04FF4805200E00022F1
:101C40001A437B685B691A437B681B69002B04DAC3
:101C50007B681B6923F0004301E04FF400131A4333
:101C60007B681B6818498B4203D17B6893F840302E
:101C700003E07B6893F840305B0013433A6A1343F8
:101C80003B627B6893F82C30012B2FD17B681B685B
:101C90000A4A934207D07B681B6B013B5B043A6A9C
:101CA00013433B6222E07B6893F82430002B11D170
:101CB0003B6A43F480333B6218E000BF00100246E9
:101CC00004000020632D3E0500800242088302428A
:101CD000081302467B689B6F43F020027B689A677B
:101CE0007B68DB6F43F001027B68DA677B681B6807
:101CF000924A934218D07B685B6B002B09D07B68BB
:101D00005B6B03F478727B689B6B13433A6A1343F3
:101D10003B627B681B68DA68894B13407A681268FB
:101D2000396A0B43D36031E07B685B6B002B09D0D1
:101D30007B685B6B03F4E0727B689B6B13433A6ACE
:101D400013433B627B681B68DA687E4B13407A68FA
:101D50001268396A0B43D3607B681B6A002B08D07A
:101D60007B681B68596C7B681A6A7B681B680A432E
:101D70005A647B68DB6E002B08D07B681B68596C4B
:101D80007B68DA6E7B681B680A435A647B681B6851
:101D90006A4A934200F093807B681B681846FFF7FD
:101DA00038FE78617B681B681846FFF745FE38618E
:101DB0007B69002B61D13B69002B5ED17B681B7F67
:101DC0009A037B681B6860498B4202D17B68DB6B9E
:101DD00002E07B68DB6B5B0013433B627B681B6844
:101DE000DB6823F4804323F003037A681268396ABE
:101DF0000B43D3607B68DB68002B07D07B681A68D5
:101E00007B68DB6819461046FFF760FD7B6893F836
:101E10005430012B1ED17B685B6B002B7B681B68E9
:101E20001A694A4B13407A68926D11047A68D26D30
:101E300011437A68126E11437A68526E11437A68C0
:101E4000926E92080A431A437B681B6842F00102B3
:101E50001A6107E07B681B681A697B681B6822F0BF
:101E600001021A617B681B681B6923F070417B6863
:101E70001A6D7B681B680A431A617B681B69012B1A
:101E80000CD17B681B681B6B23F00F017B689B6A7E
:101E90005A1E7B681B680A431A6307E07B681B684D
:101EA0001A6B7B681B6822F00F021A637B689B6FBA
:101EB00023F0030343F001027B689A6792E07B689A
:101EC00093F85430012B11D17B689A6D7B68DB6DE0
:101ED0001A437B681B6E1A437B689B6E1343FA6937
:101EE0001343FB61FB6943F00103FB617B681B68E3
:101EF0001A69174B13407A681268F9690B4313612A
:101F00007B6818687B689B6C1A460021FFF701FD0F
:101F10007B6818687B68DB6C1A466FF0FB01FFF783
:101F2000F8FC7B681B69002B14D17B681B689A6ADC
:101F30007B681B6862F00F029A6224E00010024680
:101F400013C0F0FF0D80DEFF008002421EF800FC8F
:101F500002FCFFF77B681B69B3F5001F13D17B6898
:101F60001B689B6A7B689B6A013B9B0003F01C0318
:101F70006FF00F0202FA03F17B68D3F888207B68C8
:101F80001B680A439A627B681B68DA68184B134027
:101F90003A6A9A420BD17B680022DA677B689B6FB2
:101FA00023F0030343F001027B689A671AE07B6821
:101FB0009B6F23F0120343F010027B689A677B68E3
:101FC000DB6F43F001027B68DA67012387F8273073
:101FD00008E07B689B6F43F010027B689A670123DF
:101FE00087F8273097F8273018462837BD4680BD38
:101FF000F3FF3F8380B485B000AF78607B6803F067
:102000000703FB600C4BDB68BB60BA684FF6FF034D
:102010001340BB60FB681A02BB68134343F0BF6305
:1020200043F40033BB60044ABB68D36000BF14377D
:10203000BD465DF8047B704700ED00E080B400AF62
:10204000044BDB681B0A03F007031846BD465DF826
:10205000047B704700ED00E080B483B000AF03461E
:10206000FB7197F90730002B0BDBFB7903F01F02A4
:10207000074997F907305B09012000FA02F241F89D
:10208000232000BF0C37BD465DF8047B704700BFBE
:1020900000E100E080B483B000AF03463960FB711B
:1020A00097F90730002B0ADB3B68DAB20C4997F945
:1020B00007301201D2B20B4483F800230AE03B68D8
:1020C000DAB20849FB7903F00F03043B1201D2B2E4
:1020D0000B441A7600BF0C37BD465DF8047B704791
:1020E00000E100E000ED00E080B489B000AFF860EE
:1020F000B9607A60FB6803F00703FB61FB69C3F119
:102100000703042B28BF0423BB61FB690433062BA0
:1021100002D9FB69033B00E000237B614FF0FF32F3
:10212000BB6902FA03F3DA43BB681A407B699A4041
:102130004FF0FF317B6901FA03F3D9437B680B4011
:10214000134318462437BD465DF8047B704780B5BD
:1021500082B000AF78607868FFF74CFF00BF0837A7
:10216000BD4680BD80B586B000AF0346B9607A60D9
:10217000FB73FFF763FF78617A68B9687869FFF7E6
:10218000B3FF024697F90F3011461846FFF782FF5A
:1021900000BF1837BD4680BD80B582B000AF034692
:1021A000FB7197F907301846FFF756FF00BF083755
:1021B000BD4680BD80B483B000AF78607B68042BDF
:1021C00044D801A252F823F0EB21000809220008AC
:1021D0002B2200084D220008DD2100081F4B1B6840
:1021E0001E4A43F00403136031E01C4B1B681B4A7A
:1021F00023F0040313601A4BD3F8E030184A23F499
:102200004003C2F8E03022E0144B1B68134A23F06D
:1022100004031360124BD3F8E03023F44003104A58
:1022200043F48003C2F8E03011E00C4B1B680B4A0A
:1022300023F0040313600A4BD3F8E03023F4400387
:10224000074A43F40003C2F8E03000E000BF00BFDB
:102250000C37BD465DF8047B704700BF10E000E01E
:10226000000C024680B483B000AF78607B68002B1E
:1022700001D1012319E07B6893F85430DBB2022BC3
:1022800004D07B6820229A6501230EE07B6804223B
:1022900083F854207B681B685B697A68126843F492
:1022A000005343F004035361002318460C37BD4626
:1022B0005DF8047B704780B483B000AF78607B68C2
:1022C00093F85430DBB218460C37BD465DF8047BFA
:1022D000704780B483B000AF78607B681B681B696F
:1022E0001B0CDBB218460C37BD465DF8047B70470B
:1022F00080B586B000AFF860B9607A601F4B1B787C
:10230000012B01D1022334E01C4B01221A701B4B1C
:1023100000225A604FF47A7000F0BAF80346FB7559
:10232000FB7D002B21D1154AFB689360144B3B6168
:10233000FB6823F00043012B04D17968B86800F0F2
:10234000EDF803E07968B86800F024F94FF47A708A
:1023500000F09EF80346FB753B691A68FB6823F0A2
:102360000043DB431A403B691A60044B00221A7099
:10237000FB7D18461837BD4680BD00BF1000002009
:102380002820024080B483B000AF0023FB710B4BC8
:102390009B6A002B0BDA094B094A9A60074B094AE2
:1023A0009A60064B9B6A002B01DA0123FB71FB79D3
:1023B00018460C37BD465DF8047B7047002002408C
:1023C00023016745AB89EFCD80B483B000AF012313
:1023D000FB71094B9B6A084A43F000439362064B2A
:1023E0009B6A002B01DA0023FB71FB7918460C373E
:1023F000BD465DF8047B70470020024080B400AF0A
:102400000C4B9B6A03F08043002B0DD0094B0A4A0A
:102410001A61084B094A1A61064B9B6A03F0804314
:10242000002B01D0012300E000231846BD465DF8D3
:10243000047B7047002002403B2A19087F6E5D4CE8
:1024400080B400AF094B9B6A084A43F08043936213
:10245000064B9B6A03F08043002B01D0002300E071
:1024600001231846BD465DF8047B704700200240FA
:1024700080B400AF054B9B6A044A43F0006393624B
:1024800001231846BD465DF8047B704700200240DA
:1024900080B586B000AF7860FFF7B4F902467B687C
:1024A00013447B611B4B3B610BE07B68B3F1FF3F47
:1024B00007D0FFF7A7F902467B69934201D80323AF
:1024C00023E03B691B6803F44033002BEDD13B69EB
:1024D0001A6842F2FA031340FB60FB68002B0AD033
:1024E0000D4B5A68FB6813430B4A53603B69FA680B
:1024F0001A60012309E03B691B6803F00103002B0C
:1025000002D03B6901221A60002318461837BD46E5
:1025100080BD00BF202002401000002080B48BB09E
:1025200000AF78603960042387F827307B683B620E
:102530003B68FB61164BBB61BB691B6843F0010242
:10254000BB691A60EFF310833B613B697B6172B634
:1025500000BFFB691A683B6A1A603B6A04333B623E
:10256000FB690433FB6197F82730013B87F827307C
:1025700097F82730002BECD17B69FB60FB6883F375
:10258000108800BF00BF2C37BD465DF8047B704744
:102590002820024080B48BB000AF786039602023DF
:1025A00087F827307B683B623B68FB61174BBB6158
:1025B000BB691B6843F4804343F00103BA691360AD
:1025C000EFF310833B613B697B6172B600BFFB692F
:1025D0001A683B6A1A603B6A04333B62FB69043346
:1025E000FB6197F82730013B87F8273097F82730B1
:1025F000002BECD17B69FB60FB6883F3108800BF84
:1026000000BF2C37BD465DF8047B70472820024090
:1026100080B586B000AF78603960334B1B78012BF2
:1026200001D102235CE0304B01221A702E4B0022B4
:102630005A604FF47A70FFF72BFF0346FB75FB7D62
:10264000002B49D17B681B68274A9360274BFB60AE
:102650007B681B6823F0004348F2040293420BD1CD
:102660007B685B68184600F043F84FF47A70FFF718
:102670000FFF0346FB7525E03B684FF0FF321A6001
:102680007B689B683B6115E07B685B68194638692D
:1026900000F054F84FF47A70FFF7FAFE0346FB752A
:1026A000FB7D002B03D03B683A691A600AE03B6966
:1026B00001333B617B689A687B68DB6813443A6945
:1026C0009A42E1D3FB681A687B681B6823F00043D9
:1026D000DB431A40FB681A60034B00221A70FB7D33
:1026E00018461837BD4680BD100000202820024043
:1026F00080B485B000AF78600F4BFB607B6803F05F
:102700000103002B07D0FB681B6843F4803343F0C0
:102710000403FA6813607B6803F00203002B05D002
:10272000FB681B6843F4C032FB681A6000BF1437B3
:10273000BD465DF8047B70472820024080B485B018
:1027400000AF78603960144BFB603B6803F0010315
:10275000002B06D0FB681B6823F40062FB681A603C
:1027600005E0FB681B6843F40062FB681A60FB68C5
:102770001B6823F4813323F4FD737A68D20013437A
:1027800043F4803343F00203FA68136000BF143748
:10279000BD465DF8047B70472820024080B489B0B4
:1027A00000AF7860396000237B617B683B61BAE1F0
:1027B0003B681A6801217B6901FA03F31340FB604F
:1027C0007B69BB61FB68002B00F0AA817B68554ADE
:1027D00093425DD17B681B68FB6101227B6902FA31
:1027E00003F3DB43FA691340FB613B685B6803F06A
:1027F00001027B6902FA03F3FA691343FB617B6808
:10280000FA691A60484A7B6952F833303B61464A9C
:102810007B69DB0013445B68BB61BB69DA083B6919
:10282000083253F82230FB61BB6903F007039B00B9
:102830000F2202FA03F3DB43FA691340FB61BB6921
:1028400003F007039B000B2202FA03F3FA69134318
:10285000FB61BB69DA083B690832F96943F8221069
:102860003B691B68FB61BB695B00032202FA03F34F
:10287000DB43FA691340FB61BB695B00022202FA89
:1028800003F3FA691343FB613B69FA691A6067E075
:102890003B685B68022B03D03B685B68122B45D119
:1028A0007B69DA087B68083253F82230FB617B6968
:1028B00003F007039B000F2202FA03F3DB43FA69DC
:1028C0001340FB613B681B6903F00F027B6903F057
:1028D00007039B0002FA03F3FA691343FB617B6968
:1028E000DA087B680832F96943F822103B691B68F3
:1028F000FB61BB695B00032202FA03F3DB43FA6965
:102900001340FB613B685B6803F00302BB695B003B
:1029100002FA03F3FA691343FB613B69FA691A602F
:102920001EE000BF000002462CE700083B691B6860
:10293000FB61BB695B00032202FA03F3DB43FA6924
:102940001340FB613B685B6803F00302BB695B00FB
:1029500002FA03F3FA691343FB613B69FA691A60EF
:102960003B685B68012B0BD03B685B68022B07D090
:102970003B685B68112B03D03B685B68122B30D13E
:102980003B699B68FB61BB695B00032202FA03F3AE
:10299000DB43FA691340FB613B68DA68BB695B00A3
:1029A00002FA03F3FA691343FB613B69FA699A601F
:1029B0003B695B68FB610122BB6902FA03F3DB43FD
:1029C000FA691340FB613B685B681B0903F0010275
:1029D000BB6902FA03F3FA691343FB613B69FA69C5
:1029E0005A603B685B68032B17D03B69DB68FB616F
:1029F000BB695B00032202FA03F3DB43FA6913406D
:102A0000FB613B689A68BB695B0002FA03F3FA69F1
:102A10001343FB613B69FA69DA603B685B6803F06A
:102A20008053002B7CD0474A7B699B08183352F8AF
:102A30002330FB617B6903F00303DB000F2202FA02
:102A400003F3DB43FA691340FB617B689A0A3E4B50
:102A500013407A6902F00302D2009340FA691343EB
:102A6000FB6138497B699B081833FA6941F82320D8
:102A7000344B1B68FB61FB68DB43FA691340FB6165
:102A80003B685B6803F48013002B03D0FA69FB6892
:102A90001343FB612B4AFB6913602A4B5B68FB61A4
:102AA000FB68DB43FA691340FB613B685B6803F436
:102AB0000013002B03D0FA69FB681343FB61214A22
:102AC000FB6953601F4BD3F88430FB61FB68DB4329
:102AD000FA691340FB613B685B6803F40033002B29
:102AE00003D0FA69FB681343FB61164AFB69C2F81D
:102AF0008430144BD3F88030FB61FB68DB43FA6908
:102B00001340FB613B685B6803F48033002B03D008
:102B1000FA69FB681343FB610A4AFB69C2F880301B
:102B20007B6901337B613B681A687B6922FA03F396
:102B3000002B7FF43DAE00BF00BF2437BD465DF8DB
:102B4000047B7047002002467F7F2F0080B483B053
:102B500000AF78600B467B8013467B707B78002B40
:102B600003D07A887B689A6102E07A887B689A62EF
:102B700000BF0C37BD465DF8047B704780B485B05C
:102B800000AF78600B467B807B685B69FB607A886E
:102B9000FB6813401A04FB68D9437B880B401A4337
:102BA0007B689A6100BF1437BD465DF8047B7047AF
:102BB00080B582B000AF78607B68002B01D1012323
:102BC0008DE07B6893F84130DBB2002B06D17B6847
:102BD000002283F840207868FDF7AEFE7B6824224F
:102BE00083F841207B681B681A687B681B6822F0A9
:102BF00001021A607B685A687B681B6822F0706269
:102C00001A617B681B689A687B681B6822F4004223
:102C10009A607B68DB68012B07D17B689A687B68C8
:102C20001B6842F400429A6006E07B689A687B6801
:102C30001B6842F404429A607B68DB68022B08D16F
:102C40007B681B685A687B681B6842F400625A60A4
:102C500007E07B681B685A687B681B6822F4006287
:102C60005A607B681B685B687A68126843F000737F
:102C700043F4004353607B681B68DA687B681B6819
:102C800022F40042DA607B681A697B685B6942EA79
:102C900003017B689B691A027B681B680A43DA6040
:102CA0007B68D9697B681A6A7B681B680A431A606B
:102CB0007B681B681A687B681B6842F001021A6017
:102CC0007B6800225A647B68202283F841207B685D
:102CD00000221A637B68002283F8422000231846F2
:102CE0000837BD4680BD000080B586B000AFF860F3
:102CF000B9603B601346FB80FB6893F84130DBB260
:102D000003F02803282B40F09880BB68002B02D0EA
:102D1000FB88002B05D1FB684FF400725A64012335
:102D20008CE048F20101F86801F0C8FBFB6893F8F9
:102D30004030012B01D1022380E0FB68012283F89F
:102D40004020FB6893F84130DBB22A2B2AD10221C4
:102D5000F86801F0B3FBFB681B681B6803F40043D1
:102D6000B3F5004F1ED1FB681B681A68FB681B682F
:102D700022F400421A60FB68DB6B002B12D0FB6868
:102D8000DB6B304ADA66FB68DB6B1846FFF76AFAE2
:102D90000346002B06D0FB68DB6BDB6EFA68D26B58
:102DA00010469847FB68292283F84120FB682022BF
:102DB00083F84220FB6800225A64FB681B685A684B
:102DC000FB681B6822F400425A60FB68BA685A62CA
:102DD000FB68FA885A85FB685B8D9AB2FB681A8596
:102DE000FB683A68DA62FB68174A5A63FB681B683B
:102DF0009B6903F00803082B0CBF01230023DBB2FF
:102E0000FB75FB681B689B691B0CDBB203F00103BD
:102E1000DBB2012B06D1FB7D002B03D0FB681B68C6
:102E20000822DA61FB68002283F8402048F20101A1
:102E3000F86801F0BFFA002300E0012318461837B4
:102E4000BD4680BD134300085731000880B586B0E9
:102E500000AFF860B9603B601346FB80FB6893F8F5
:102E60004130DBB203F02803282B40F09880BB6888
:102E7000002B02D0FB88002B05D1FB684FF40072B9
:102E80005A6401238CE048F20201F86801F016FB55
:102E9000FB6893F84030012B01D1022380E0FB68EE
:102EA000012283F84020FB6893F84130DBB2292BE4
:102EB0002AD10121F86801F001FBFB681B681B683F
:102EC00003F48043B3F5804F1ED1FB681B681A687A
:102ED000FB681B6822F480421A60FB689B6B002B26
:102EE00012D0FB689B6B304ADA66FB689B6B184616
:102EF000FFF7B8F90346002B06D0FB689B6BDB6E2F
:102F0000FA68926B10469847FB682A2283F84120A2
:102F1000FB68202283F84220FB6800225A64FB6889
:102F20001B685A68FB681B6822F400425A60FB6801
:102F3000BA685A62FB68FA885A85FB685B8D9AB258
:102F4000FB681A85FB683A68DA62FB68174A5A63BD
:102F5000FB681B689B6903F00803082B0CBF012367
:102F60000023DBB2FB75FB681B689B691B0CDBB2A3
:102F700003F00103DBB2002B06D1FB7D002B03D055
:102F8000FB681B680822DA61FB68002283F8402096
:102F900048F20201F86801F00DFA002300E0012375
:102FA00018461837BD4680BD134300085731000846
:102FB00080B582B000AF78607B6893F84130DBB2B7
:102FC000202B0DD17B68282283F841207B68074A9B
:102FD0005A634FF40041786801F0ECF9002300E0F7
:102FE000022318460837BD4680BD00BF5731000890
:102FF00080B584B000AF78607B681B689B69FB601C
:103000007B681B681B68BB607B685B6B002B05D013
:103010007B685B6BBA68F9687868984700BF1037BF
:10302000BD4680BD80B586B000AF78607B681B6808
:103030009B697B617B681B681B683B617B6903F450
:103040008073002B0FD03B6903F08003002B0AD064
:103050007B685B6C43F001027B685A647B681B6889
:103060004FF48072DA617B6903F48063002B0FD028
:103070003B6903F08003002B0AD07B685B6C43F054
:1030800008027B685A647B681B684FF48062DA61CF
:103090007B6903F40073002B0FD03B6903F08003BE
:1030A000002B0AD07B685B6C43F002027B685A6499
:1030B0007B681B684FF40072DA617B685B6CFB60B5
:1030C000FB6803F00B03002B03D0F968786800F06D
:1030D000E5FF00BF1837BD4680BD80B483B000AFA8
:1030E000786000BF0C37BD465DF8047B704780B444
:1030F00083B000AF786000BF0C37BD465DF8047B3D
:10310000704780B483B000AF786000BF0C37BD4615
:103110005DF8047B704780B483B000AF786000BF77
:103120000C37BD465DF8047B704780B483B000AFB8
:10313000786000BF0C37BD465DF8047B704780B4F3
:1031400083B000AF78607B685B6C18460C37BD4677
:103150005DF8047B704780B586B000AFF860B96059
:103160007A60FB68DB6A7B61BB683B61FB6893F854
:103170004030012B01D10223E2E0FB68012283F8F9
:1031800040203B6903F02003002B09D07B6803F04B
:103190002003002B04D03969F86800F0B5FDCAE0BF
:1031A0003B6903F01003002B4BD07B6803F0100346
:1031B000002B46D0FB685B8D9BB2002B28D1FB68AF
:1031C00093F84130DBB2282B08D17B69B3F1007F43
:1031D00004D13969F86800F00DFF31E0FB6893F81D
:1031E0004130DBB2292B0ED17B6913F5803F0AD029
:1031F000FB681B681022DA61F86801F066F8F8686D
:1032000000F05DFC1CE0FB681B681022DA618FE0B7
:10321000FB681B681022DA61FB685B6C43F00402F8
:10322000FB685A647B69002B03D07B69B3F1807F14
:103230007ED1FB685B6C1946F86800F02FFF77E0E1
:1032400076E03B6903F00403002B2FD07B6803F08A
:103250000403002B2AD0FB685B8D9BB2002B18D097
:10326000FB681B685A6AFB685B6AD2B21A70FB681B
:103270005B6A5A1CFB685A62FB681B8D013B9AB261
:10328000FB681A85FB685B8D9BB2013B9AB2FB68B9
:103290005A85FB685B8D9BB2002B4BD17B6913F584
:1032A000803F47D0F86800F00AFC43E03B6903F038
:1032B0000803002B09D07B6803F00803002B04D01F
:1032C0003969F86800F03AFB35E03B6903F0020326
:1032D000002B30D07B6803F00203002B2BD0FB685F
:1032E0005B8D9BB2002B18D0FB685B6A1A78FB6879
:1032F0001B689A62FB685B6A5A1CFB685A62FB682F
:103300005B8D9BB2013B9AB2FB685A85FB681B8DB3
:10331000013B9AB2FB681A850DE07B69B3F1807FAF
:1033200002D07B69002B06D1F86800F0C8FB02E0F0
:1033300000BF00E000BFFB68002283F840200023AC
:1033400018461837BD4680BD80B588B002AFF8601A
:10335000B9607A60FB6893F84030012B01D10223F9
:10336000D9E0FB68012283F84020BB6803F010031A
:10337000002B16D07B6803F01003002B11D0FB68E4
:103380001B681022DA61FB685B6C43F00402FB6887
:103390005A642021F86801F00DF8F86800F095FFF4
:1033A000B4E0BB6803F08003002B71D07B6803F0AE
:1033B0004003002B6CD0FB681B681A68FB681B6815
:1033C00022F040021A60FB685B8D9BB2002B4ED04E
:1033D000FB681B685B689BB2C3F309037B82FB68D5
:1033E0005B8D9BB2FF2B06D9FB68FF221A854FF03D
:1033F00080737B6110E0FB685B8D9AB2FB681A8575
:10340000FB68DB6A13F5803F03D0FB68DB6A7B61F6
:1034100002E04FF000737B61FB681B8DDAB2798AA2
:10342000002300937B69F86800F092FFFB685B8DD6
:103430009AB2FB681B8DD31A9AB2FB685A85FB6857
:1034400093F84130DBB2222B08D1FB681B681A6865
:10345000FB681B6842F400421A6057E0FB681B6877
:103460001A68FB681B6842F480421A604EE0FB68F1
:103470001B685B6803F00073B3F1007F03D0F8684A
:1034800000F0E0FA42E04021F86800F007FE3DE07D
:10349000BB6803F04003002B28D07B6803F0400397
:1034A000002B23D0FB685B8D9BB2002B19D1FB68EE
:1034B0001B685B6803F00073B3F1007F25D0FB68E5
:1034C000DB6A13F5803F08D1FB681B685A68FB680C
:1034D0001B6842F480425A6017E0F86800F0B2FAC4
:1034E00013E04021F86800F0D9FD0EE0BB6803F05E
:1034F0002003002B0AD07B6803F02003002B05D0AB
:10350000B968F86800F038FB00E000BFFB680022F3
:1035100083F84020002318461837BD4680BD0000C0
:1035200080B588B002AFF860B9607A608D4B7B617E
:10353000FB6893F84030012B01D102230EE1FB68B8
:10354000012283F84020BB6803F01003002B16D043
:103550007B6803F01003002B11D0FB681B6810225E
:10356000DA61FB685B6C43F00402FB685A6420215B
:10357000F86800F01FFFF86800F0A7FEE9E0BB68FC
:1035800003F00203002B0ED07B6803F00203002B34
:1035900009D0FB681B68FA68126D9A62FB684FF0ED
:1035A000FF321A65D5E0BB6803F08003002B5FD0C3
:1035B0007B6803F04003002B5AD00121F86800F02B
:1035C0007DFF1021F86800F0F5FEFB685B8D9BB273
:1035D000002B48D0FB685B8D9BB2FF2B10D9FB689A
:1035E000FF221A85FB68DB6C99B2FB681B8DDAB28F
:1035F000002300934FF08073F86800F0A9FE11E0FB
:10360000FB685B8D9AB2FB681A85FB68DB6C99B22C
:10361000FB681B8DDAB2002300934FF00073F8684B
:1036200000F096FEFB685B8D9AB2FB681B8DD31A87
:103630009AB2FB685A85FB6893F84130DBB2222BC3
:1036400008D1FB681B681A68FB681B6842F40042DB
:103650001A607EE0FB681B681A68FB681B6842F40E
:1036600080421A6075E04021F86800F017FD70E0B4
:10367000BB6803F04003002B5DD07B6803F0400380
:10368000002B58D00121F86800F018FF1021F868CD
:1036900000F090FEFB6893F84130DBB2222B01D1A1
:1036A000314B7B61FB685B8D9BB2FF2B10D9FB68B4
:1036B000FF221A85FB68DB6C99B2FB681B8DDAB2BE
:1036C0007B6900934FF08073F86800F041FE11E0D1
:1036D000FB685B8D9AB2FB681A85FB68DB6C99B25C
:1036E000FB681B8DDAB27B6900934FF00073F868BA
:1036F00000F02EFEFB685B8D9AB2FB681B8DD31A1F
:103700009AB2FB685A85FB6893F84130DBB2222BF2
:1037100008D1FB681B681A68FB681B6842F400420A
:103720001A6016E0FB681B681A68FB681B6842F4A5
:1037300080421A600DE0BB6803F02003002B08D024
:103740007B6803F02003002B03D0B968F86800F011
:1037500013FAFB68002283F840200023184618372C
:10376000BD4680BD002000800024008090B589B057
:1037700000AFF860B9607A60FB68DB6ABB61002368
:10378000FB61FB6893F84030012B01D10223D1E0AB
:10379000FB68012283F84020BB6803F02003002B64
:1037A00009D07B6803F02003002B04D0B968F868C7
:1037B00000F0AAFAB9E0BB6803F01003002B00F098
:1037C000A6807B6803F01003002B00F0A0807B68CC
:1037D00003F48043002B05D17B6803F40043002BE6
:1037E00000F08E80FB68DB6B002B14D07B6803F449
:1037F0000043002B0FD0FB68DB6B1B689B6C9CB2FB
:10380000FB68DB6B1846FEF764FD03462344002B80
:1038100001D10123FB61FB689B6B002B14D07B68FB
:1038200003F48043002B0FD0FB689B6B1B689B6CE1
:103830009CB2FB689B6B1846FEF74BFD0346234486
:10384000002B01D10123FB61FB69012B28D1FB680F
:1038500093F84130DBB2282B08D1BB69B3F1007F6C
:1038600004D1B968F86800F0C5FB48E0FB6893F83C
:103870004130DBB2292B0ED1BB6913F5803F0AD052
:10388000FB681B681022DA61F86800F01EFDF8681A
:1038900000F015F933E0FB681B681022DA6134E0B0
:1038A000FB681B681022DA61FB685B6C43F0040262
:1038B000FB685A64FB6893F84130FB75BB69002BC9
:1038C00003D0BB69B3F1807F1FD1FB7D212B02D0D8
:1038D000FB7D292B03D1FB6821221A6308E0FB7DC5
:1038E000222B02D0FB7D2A2B02D1FB6822221A63F5
:1038F000FB685B6C1946F86800F0D0FB05E004E05B
:10390000FB681B681022DA610FE000BF0DE0BB68A6
:1039100003F00803002B08D07B6803F00803002B9A
:1039200003D0B968F86800F009F8FB68002283F852
:103930004020002318462437BD4690BD80B584B092
:1039400000AF786039607B6893F84130DBB203F0F8
:103950002803282B6AD17B681B689B691B0CDBB290
:1039600003F00103FB737B681B689B691B0C9BB214
:1039700003F0FE03BB817B681B689B689BB2C3F3AB
:1039800009037B817B681B68DB689BB203F0FE0345
:103990003B817B68DB68022B38D17B89DB099AB2DB
:1039A000BB8953409BB203F00603002B1CD17B89DB
:1039B000BB817B689B6C5A1C7B689A647B689B6CA0
:1039C000022B3BD17B6800229A647B681B6808222B
:1039D000DA617B68002283F84020BA89FB7B1946B4
:1039E0007868FDF777F829E03B89BB814FF4004107
:1039F000786800F063FD7B68002283F84020BA8974
:103A0000FB7B19467868FDF765F817E04FF4004135
:103A1000786800F053FD7B68002283F84020BA8963
:103A2000FB7B19467868FDF755F807E07B681B6853
:103A30000822DA617B68002283F8402000BF10373B
:103A4000BD4680BD80B582B000AF78607B68002243
:103A500083F842207B6893F84130DBB2212B15D1EB
:103A60007B68202283F841207B6811221A637B68DF
:103A700000225A630121786800F020FD7B68002253
:103A800083F840207868FFF728FB14E07B68202249
:103A900083F841207B6812221A637B6800225A63F4
:103AA0000221786800F00AFD7B68002283F840203C
:103AB0007868FFF71CFB00BF0837BD4680BD80B5A6
:103AC00084B000AF78607B681B681B68FB607B6814
:103AD000002283F84220FB6803F48043002B08D0C7
:103AE0007B681B681A687B681B6822F480421A6036
:103AF0000CE0FB6803F40043002B07D07B681B68D5
:103B00001A687B681B6822F400421A607B6893F88D
:103B10004130DBB2292B12D17B68282283F8412067
:103B20007B6821221A630121786800F0C7FC7B685A
:103B3000002283F840207868FCF7FEFF17E07B68DE
:103B400093F84130DBB22A2B11D17B68282283F80D
:103B500041207B6822221A630221786800F0AEFCC3
:103B60007B68002283F840207868FDF707F800BFE3
:103B70001037BD4680BD000080B586B000AF7860CC
:103B800039603B687B617B681B682022DA617B6857
:103B900093F84130DBB2212B07D10121786800F086
:103BA0008DFC7B6811221A630CE07B6893F841302E
:103BB000DBB2222B06D10221786800F07FFC7B6803
:103BC00012221A637B681B6859687B681A684C4B21
:103BD0000B4053607B6800225A637B68494ADA6273
:103BE0007B6903F01003002B09D07B681B6810224F
:103BF000DA617B685B6C43F004027B685A647B6823
:103C000093F84130DBB2602B0AD17B6903F00403E7
:103C1000002B05D07B681B685B6ADBB2FB60FB682E
:103C2000786800F052FB7B685B6C3B617B6893F8C3
:103C30004130DBB2602B02D03B69002B06D07B68A1
:103C40005B6C1946786800F029FA54E07B6893F8B9
:103C50004130DBB2212B24D17B68202283F8412024
:103C60007B6800221A637B6893F84230DBB2402BFA
:103C70000BD17B68002283F842207B68002283F806
:103C800040207868FFF73DFA35E07B68002283F832
:103C900042207B68002283F840207868FFF71DFAF5
:103CA00029E07B6893F84130DBB2222B23D17B687B
:103CB000202283F841207B6800221A637B6893F8F6
:103CC0004230DBB2402B0BD17B68002283F84220CC
:103CD0007B68002283F840207868FFF71CFA0AE02E
:103CE0007B68002283F842207B68002283F8402012
:103CF0007868FFF7FCF900BF1837BD4680BD00BFEC
:103D000000E800FE0000FFFF90B587B000AF7860CC
:103D100039607B681B681B683B613B687B617B6823
:103D2000DB6AFB607B6893F84130FB727B681B6841
:103D30002022DA61FB7A212B02D0FB7A292B08D1D1
:103D400048F20101786800F0B9FB7B6821221A6310
:103D500019E0FB7A222B02D0FB7A2A2B08D148F2F9
:103D60000201786800F0AAFB7B6822221A630AE04D
:103D7000FB7A282B07D148F20301786800F09EFBFC
:103D80007B6800221A637B681B685A687B681B6823
:103D900042F400425A607B681B6859687B681A6865
:103DA000924B0B405360786800F08FFA3B6903F444
:103DB0008043002B1CD07B681B681A687B681B68DB
:103DC00022F480421A607B689B6B002B31D07B68A9
:103DD0009B6B1B689B6C9CB27B689B6B1846FEF7C9
:103DE00078FA03469BB223449AB27B685A8520E056
:103DF0003B6903F40043002B1BD07B681B681A68E7
:103E00007B681B6822F400421A607B68DB6B002B26
:103E10000FD07B68DB6B1B689B6C9CB27B68DB6B99
:103E20001846FEF756FA03469BB223449AB27B68C3
:103E30005A857B6903F00403002B20D07B6923F0B3
:103E400004037B617B681B685A6A7B685B6AD2B239
:103E50001A707B685B6A5A1C7B685A627B681B8D90
:103E6000002B0CD07B681B8D013B9AB27B681A85B6
:103E70007B685B8D9BB2013B9AB27B685A857B68FD
:103E80005B8D9BB2002B05D07B685B6C43F004021A
:103E90007B685A647B6903F01003002B49D03B69AF
:103EA00003F01003002B44D07B685B8D9BB2002B8A
:103EB00028D17B6893F84130DBB2282B08D1FB680E
:103EC000B3F1007F04D17969786800F093F830E0AD
:103ED0007B6893F84130DBB2292B0ED1FB6813F5D8
:103EE000803F0AD07B681B681022DA61786800F096
:103EF000ECF97868FFF7E3FD1BE07B681B68102294
:103F0000DA6116E07B681B681022DA617B685B6C03
:103F100043F004027B685A64FB68002B03D0FB6803
:103F2000B3F1807F05D17B685B6C1946786800F03F
:103F3000B5F87B68002283F842207B6800225A6330
:103F40007B685B6C002B10D07B685B6C19467868D3
:103F500000F0A4F87B6893F84130DBB2282B41D104
:103F60007969786800F046F83CE07B68DB6A13F515
:103F7000803F14D07868FFF7A2FD7B681C4ADA62A4
:103F80007B68202283F841207B6800221A637B68CB
:103F9000002283F840207868FCF791FD22E07B68DE
:103FA00093F84130DBB2222B0ED17B68202283F8BC
:103FB00041207B6800221A637B68002283F840203E
:103FC0007868FCF7DBFD0DE07B68202283F8412058
:103FD0007B6800221A637B68002283F8402078689F
:103FE000FCF7AAFD00BF1C37BD4690BD00E800FEEF
:103FF0000000FFFF80B582B000AF786039607B6859
:10400000254ADA627B6800221A637B68202283F8E3
:1040100041207B68002283F842207B6800225A639B
:104020003B6803F00403002B22D07B681B685A6AAC
:104030007B685B6AD2B21A707B685B6A5A1C7B68C9
:104040005A627B681B8D002B12D07B681B8D013B55
:104050009AB27B681A857B685B8D9BB2013B9AB2F2
:104060007B685A857B685B6C43F004027B685A640A
:1040700048F20301786800F021FA7B681B6810227F
:10408000DA617B68002283F840207868FCF717FD2E
:1040900000BF0837BD4680BD0000FFFF80B584B07B
:1040A00000AF786039607B6893F84130FB737B68C0
:1040B000002283F842207B686D4ADA627B68002226
:1040C0005A857B685A6C3B681A437B685A64FB7B51
:1040D000282B05D0FB7B292B02D0FB7B2A2B0BD175
:1040E0000321786800F0EAF97B68282283F84120F0
:1040F0007B68604A5A6330E048F20301786800F058
:10410000DDF9786800F0E1F87B6893F84130DBB2C4
:10411000602B1FD07B68202283F841207B681B68BE
:104120009B6903F02003202B14D17B681B689B69DB
:1041300003F01003102B09D17B681B681022DA6191
:104140007B685B6C43F004027B685A647B681B6885
:104150002022DA617B6800225A637B681B6BBB609C
:104160007B689B6B002B39D0BB68112B02D0BB68DE
:10417000212B33D17B681B681B6803F48043B3F5A4
:10418000804F07D17B681B681A687B681B6822F424
:1041900080421A607B689B6B1846FEF78CF80346DA
:1041A000012B17D07B689B6B334ADA667B68002251
:1041B00083F840207B689B6B1846FEF753F8034654
:1041C000002B4DD07B689B6BDB6E7A68926B104640
:1041D000984745E0786800F051F841E07B68DB6B78
:1041E000002B39D0BB68122B02D0BB68222B33D1F5
:1041F0007B681B681B6803F40043B3F5004F07D1CD
:104200007B681B681A687B681B6822F400421A608E
:104210007B68DB6B1846FEF74EF80346012B17D080
:104220007B68DB6B144ADA667B68002283F84020E7
:104230007B68DB6B1846FEF715F80346002B11D0A0
:104240007B68DB6BDB6E7A68D26B1046984709E0BF
:10425000786800F013F805E0786800F00FF802E0E5
:1042600000BF00E000BF00BF1037BD4680BD00BFEB
:104270000000FFFF573100081343000880B582B0EB
:1042800000AF78607B6893F84130DBB2602B0ED1D1
:104290007B68202283F841207B6800221A637B68B8
:1042A000002283F840207868FEF73FFF09E07B6832
:1042B00000221A637B68002283F840207868FCF7AC
:1042C000B9FD00BF0837BD4680BD80B483B000AFE4
:1042D00078607B681B689B6903F00203022B03D1A3
:1042E0007B681B6800229A627B681B689B6903F0ED
:1042F0000103012B07D07B681B689A697B681B68E8
:1043000042F001029A6100BF0C37BD465DF8047BA4
:10431000704780B584B000AF78607B68DB6DFB6070
:10432000FB689B6B002B03D0FB689B6B0022DA665B
:10433000FB68DB6B002B03D0FB68DB6B0022DA66CB
:10434000F868FFF79BFF00BF1037BD4680BD000037
:1043500080B487B000AFF8607B600B467B8113466A
:104360007B727B89C3F309027B7A1B0403F47F030E
:104370001A437B681A433B6A134323F000437B6173
:10438000FB681B685A683B6A5B0D03F48061084B4D
:104390000B43DB4302EA0301FB681B687A690A43AB
:1043A0005A6000BF1C37BD465DF8047B704700BFF4
:1043B000FF63FF0380B485B000AF78600B467B805D
:1043C0000023FB607B685B6B394A934232D07B6889
:1043D0005B6B384A93422DD07B685B6B364A9342C5
:1043E00028D0B7F90230002B03DAFB6843F0B8039A
:1043F000FB607B8803F00103002B03D0FB6843F0D4
:10440000F203FB607B8803F00203002B03D0FB6800
:1044100043F0F403FB607B88102B03D1FB6843F06F
:104420009003FB607B88202B33D1FB6843F0200393
:10443000FB602EE0B7F90230002B03DAFB6843F093
:10444000B803FB607B8803F00103002B03D0FB68FB
:1044500043F0F203FB607B8803F00203002B03D0E0
:10446000FB6843F0F403FB607B88102B03D1FB68EF
:1044700043F09003FB607B88202B03D1FB6843F063
:104480006003FB607B88402B03D1FB6843F0400353
:10449000FB607B681B6819687B681B68FA680A43C5
:1044A0001A6000BF1437BD465DF8047B704700BF3B
:1044B000493300086D3700082135000880B485B005
:1044C00000AF78600B467B800023FB607B8803F0A5
:1044D0000103002B0FD0FB6843F04203FB607B68B5
:1044E00093F84130DBB203F02803282B03D0FB689C
:1044F00043F0B003FB607B8803F00203002B0FD076
:10450000FB6843F04403FB607B6893F84130DBB207
:1045100003F02803282B03D0FB6843F0B003FB60B3
:10452000B7F90230002B03DAFB6843F0B803FB60F5
:104530007B88102B03D1FB6843F09003FB607B88E2
:10454000202B03D1FB6843F02003FB607B88402BCA
:1045500003D1FB6843F04003FB607B681B6819686C
:10456000FB68DA437B681B680A401A6000BF143797
:10457000BD465DF8047B704780B483B000AF7860BF
:1045800039607B6893F84130DBB2202B38D17B68EF
:1045900093F84030012B01D1022332E07B680122E5
:1045A00083F840207B68242283F841207B681B68C5
:1045B0001A687B681B6822F001021A607B681B681E
:1045C0001A687B681B6822F480521A607B681B683B
:1045D00019687B681B683A680A431A607B681B6825
:1045E0001A687B681B6842F001021A607B6820220F
:1045F00083F841207B68002283F84020002300E0FC
:10460000022318460C37BD465DF8047B704780B422
:1046100085B000AF786039607B6893F84130DBB2D9
:10462000202B39D17B6893F84030012B01D1022334
:1046300033E07B68012283F840207B68242283F8E2
:1046400041207B681B681A687B681B6822F00102A6
:104650001A607B681B681B68FB60FB6823F470634F
:10466000FB603B681B02FA681343FB607B681B68B6
:10467000FA681A607B681B681A687B681B6842F0DE
:1046800001021A607B68202283F841207B680022A7
:1046900083F84020002300E0022318461437BD466B
:1046A0005DF8047B7047000080B485B000AF78608F
:1046B0000023FB730B4B1B6803F00103002B02D09C
:1046C0000123FB7307E0074B1B6823F00402054935
:1046D0007B6813430B60FB7B18461437BD465DF8BF
:1046E000047B70470004034080B400AF054B1B6897
:1046F000044A43F00103136000231846BD465DF8E9
:10470000047B70470004034080B586B002AF786038
:104710007B68002B01D1012308E17B681B68BB602B
:104720007B6893F89534DBB2002B06D17B680022BE
:1047300083F894247868FCF763FF7B68032283F88E
:104740009524BB687B4A934202D17B6800229A7110
:104750007B681B68184606F049FC7B6818687B6814
:104760001A7C8DF8002004330ECB06F070FB034654
:10477000002B05D07B68022283F895240123D5E025
:104780007B681B680021184606F041FC0346002B9D
:1047900005D07B68022283F895240123C6E000231C
:1047A000FB734AE0FA7B79681346DB0013449B00F5
:1047B0000B44153301221A70FA7B79681346DB002B
:1047C00013449B000B441433FA7B1A70FA7BFB7B77
:1047D00098B279681346DB0013449B000B442E33D8
:1047E00002461A80FA7B79681346DB0013449B006B
:1047F0000B44183300221A70FA7B79681346DB00E9
:1048000013449B000B441C3300221A60FA7B796826
:104810001346DB0013449B000B44203300221A6034
:10482000FA7B79681346DB0013449B000B44243366
:1048300000221A60FB7B0133FB737B681B79FA7BD8
:104840009A42AFD30023FB7344E0FA7B79681346A6
:10485000DB0013449B000B4403F2552300221A7023
:10486000FA7B79681346DB0013449B000B4403F585
:104870001573FA7B1A70FA7B79681346DB001344D0
:104880009B000B4403F5167300221A70FA7B7968BB
:104890001346DB0013449B000B4403F517730022FF
:1048A0001A60FA7B79681346DB0013449B000B44C3
:1048B00003F5187300221A60FA7B79681346DB004F
:1048C00013449B000B4403F5197300221A60FB7B11
:1048D0000133FB737B681B79FA7B9A42B5D37B6803
:1048E00018687B681A7C8DF8002004330ECB06F024
:1048F000DBFB0346002B05D07B68022283F895245E
:10490000012313E07B6800225A747B68012283F83C
:1049100095247B681B7B012B02D1786800F03CFF5B
:104920007B681B68184606F0E9FE0023184610371E
:10493000BD4680BD0000044290B58DB000AF7860E8
:104940007B681B683B623B6AFB617B681B6818469F
:1049500006F088FF0346002B40F0B9847B681B6893
:10496000184606F0ECFE0346002B00F0AF84FB690E
:1049700003F500639B681B0AC3F30D027B68C3F851
:10498000D4247B681B68184606F0D9FE034603F062
:104990000203022B07D17B681B685A697B681B687E
:1049A00002F002025A617B681B68184606F0C7FED7
:1049B000034603F01003102B61D17B681B689A69D2
:1049C0007B681B6822F010029A613B6A1B6ABB611C
:1049D000BB6903F00F021346DB0013449B0003F591
:1049E00014737A68134404337B61BB695B0C03F076
:1049F0000F03022B24D1BA6947F6F0731340002B42
:104A000035D07B69D968BB691B099BB2C3F30A0324
:104A10009BB21A46386A06F019FE7B69DA68BB69F0
:104A20001B09C3F30A031A447B69DA607B695A697C
:104A3000BB691B09C3F30A031A447B695A6116E078
:104A4000BB695B0C03F00F03062B10D17B6803F2EC
:104A50009C4308221946386A06F0F8FD7B695A69BA
:104A6000BB691B09C3F30A031A447B695A617B685B
:104A70001B689A697B681B6842F010029A617B6828
:104A80001B68184606F05BFE034603F40023B3F5EB
:104A9000002F40F0A78000237B627B681B681846CC
:104AA00006F060FEB86299E0BB6A03F00103002BD8
:104AB00000F08E807B681B687A6AD2B21146184675
:104AC00006F084FE38613B6903F00103002B0CD033
:104AD0007B6A5A01FB69134403F530631A460123CC
:104AE0009360796A786800F029FD3B6903F0080358
:104AF000002B0CD07B6A5A01FB69134403F5306329
:104B00001A4608239360796A786800F0FFFD3B69D4
:104B100003F01003002B08D07B6A5A01FB69134491
:104B200003F530631A46102393603B6903F00203D8
:104B3000002B30D03B6A5B6903F08003802B09D1E6
:104B4000FB6903F500635B68FA6902F5006243F4F0
:104B5000806353607A6A1346DB0013449B0003F5BD
:104B600014737A68134404337B617B69DB78012B0F
:104B700008D17B690022DA707B6ADBB2194678685B
:104B800000F0F2FB7B6A5A01FB69134403F53063C2
:104B90001A46022393603B6903F02003002B08D0E0
:104BA0007B6A5A01FB69134403F530631A462023DC
:104BB00093603B6903F40053002B09D07B6A5A01D0
:104BC000FB69134403F530631A464FF400539360B6
:104BD0007B6A01337B62BB6A5B08BB62BB6A002BEA
:104BE0007FF462AF7B681B68184606F0A8FD034699
:104BF00003F48023B3F5802F40F0DB807B681B68D3
:104C0000184606F0C9FDB86200237B62CDE0BB6A9E
:104C100003F00103002B00F0C2807B681B687A6AF6
:104C2000D2B21146184606F0EFFD38613B6903F039
:104C30000103002B57D07B6A03F00F03012202FA15
:104C400003F3FB60FB6903F500635A6BFB68DB430E
:104C5000F96901F5006113404B637B6A5A01FB69F6
:104C6000134403F510631A46012393607B689B7914
:104C7000012B32D179687A6A1346DB0013449B001A
:104C80000B442033196878687A6A1346DB001344B2
:104C90009B0003441C331B68194478687A6A1346E6
:104CA000DB0013449B000344203319607B6A002B14
:104CB00013D179687A6A1346DB0013449B000B44D6
:104CC00024331B68002B08D17B6818687B6803F2CB
:104CD0009C431A46012106F0F7FD7B6ADBB21946B8
:104CE000786800F003FB3B6903F00803002B08D051
:104CF0007B6A5A01FB69134403F510631A460823C3
:104D000093603B6903F01003002B08D07B6A5A01C3
:104D1000FB69134403F510631A46102393603B6943
:104D200003F04003002B08D07B6A5A01FB6913444F
:104D300003F510631A46402393603B6903F00203B6
:104D4000002B23D0796A386A06F0FAFA7A6A134699
:104D5000DB0013449B0010337A68134404337B61F7
:104D60007B69DB78012B08D17B690022DA707B6AD2
:104D7000DBB21946786800F003FB7B6A5A01FB69D5
:104D8000134403F510631A46022393603B6903F052
:104D90008003002B03D0796A786800F042FB7B6ABD
:104DA00001337B62BB6A5B08BB62BB6A002B7FF48A
:104DB0002EAF7B681B68184606F0C1FC034603F063
:104DC0000043B3F1004F22D1FB6903F500635B6838
:104DD000FA6902F5006223F0010353607B6893F8DF
:104DE000CC34012B08D17B68002283F8CC2400212D
:104DF000786800F0F5FC02E0786800F0ABFA7B68B8
:104E00001B685A697B681B6802F000425A617B6824
:104E10001B68184606F093FC034603F40063B3F5E1
:104E2000006F12D1FB6903F500639B6803F0010377
:104E3000012B02D1786800F083FA7B681B685A69FD
:104E40007B681B6802F400625A617B681B68184625
:104E500006F075FC034603F00063B3F1006F21D147
:104E60007B681B685A697B681B6802F000625A61A4
:104E70007B6893F8CC34002B11D17B68012283F836
:104E8000CC247B681B685B6D9B0803F00F027B687A
:104E9000C3F8D0240121786800F0A2FC02E0786811
:104EA00000F04EFA7B681B68184606F048FC034683
:104EB00003F48053B3F5805F40F0B780FB6903F5DE
:104EC00000635B68FA6902F5006223F00103536036
:104ED0007B681B681021184606F032FA0023FB623B
:104EE00046E0FB6A5A01FB69134403F510631A4656
:104EF0004FF67F339360FB6A5A01FB69134403F555
:104F000010631B68FA6A5101FA690A4402F51062DB
:104F100023F400131360FB6A5A01FB69134403F581
:104F200030631A464FF67F339360FB6A5A01FB6980
:104F3000134403F530631B68FA6A5101FA690A44A5
:104F400002F5306223F400131360FB6A5A01FB6917
:104F5000134403F530631B68FA6A5101FA690A4485
:104F600002F5306243F000631360FB6A0133FB62B9
:104F70007B681B791A46FB6A9342B2D3FB6903F53F
:104F80000063DB69FA6902F5006243F00113D36143
:104F90007B68DB7B002B16D0FB6903F50063D3F83D
:104FA0008430FA6902F5006243F00B03C2F88430E2
:104FB000FB6903F500635B6CFA6902F5006243F07C
:104FC0000B03536415E0FB6903F500635B69FA6941
:104FD00002F5006243F4005343F02B035361FB6975
:104FE00003F500631B69FA6902F5006243F00B03E5
:104FF0001361FB6903F500631B68FA6902F500623F
:1050000023F4FE6313607B6818687B6899797B687A
:1050100003F29C431A4606F057FC7B681B685A69EA
:105020007B681B6802F480525A617B681B681846D3
:1050300006F085FB034603F40053B3F5005F23D16C
:105040007B681B68184606F01BFC7B681B681846CB
:1050500006F0EFF903461A467B68DA717B681C6834
:1050600001F0A6FE01467B68DB791A46204605F072
:105070001BFF786800F05AF97B681B685A697B68E7
:105080001B6802F400525A617B681B68184606F0E0
:1050900056FB034603F00803082B0AD1786800F09A
:1050A0003BF97B681B685A697B681B6802F0080241
:1050B0005A617B681B68184606F041FB034603F003
:1050C0008003802B23D13B6A9B6923F080023B6ADB
:1050D0009A6101237B6214E079687A6A1346DB00E7
:1050E00013449B000B4403F257231B78012B05D17B
:1050F0007B6ADBB21946786800F062F97B6A01339B
:105100007B627B681B791A467B6A9342E4D37B6897
:105110001B68184606F013FB034603F48013B3F52F
:10512000801F3CD101237B622BE07B6A5A01FB6923
:10513000134403F510631B68BB6179687A6A1346F0
:10514000DB0013449B000B4418331B78012B15D153
:10515000BB69002B12DA79687A6A1346DB001344C4
:105160009B000B44173301221A707B6ADBB263F099
:105170007F03DBB21946786800F022F97B6A0133BD
:105180007B627B681B791A467B6A9342CDD37B682E
:105190001B685A697B681B6802F480125A617B683D
:1051A0001B68184606F0CBFA034603F40013B3F568
:1051B000001F56D101237B6245E07B6A5A01FB69DF
:1051C000134403F530631B68BB6179687A6A134640
:1051D000DB0013449B000B4403F516731B78012B73
:1051E0002ED1BB69002B2BDABB6903F480327B68BC
:1051F000D3F8D43403F001039A4221D179687A6A52
:105200001346DB0013449B000B4403F25723012297
:105210001A703B6A9B6943F080023B6A9A613B6A61
:105220005B6903F08003002B0AD1FB6903F500637F
:105230005B68FA6902F5006243F40073536008E0AA
:105240007B6A01337B627B681B791A467B6A9342D7
:10525000B3D37B681B685A697B681B6802F4001231
:105260005A617B681B68184606F069FA034603F02A
:105270008043B3F1804F0AD1786800F08DF87B68E5
:105280001B685A697B681B6802F080425A617B6820
:105290001B68184606F053FA034603F00403042B78
:1052A00015D17B681B685B68BB61BB6903F00403B5
:1052B000002B02D0786800F079F87B681B68596889
:1052C0007B681B68BA690A435A6000E000BF343744
:1052D000BD4690BD80B483B000AF78600B46FB70D4
:1052E00000BF0C37BD465DF8047B704780B483B0C7
:1052F00000AF78600B46FB7000BF0C37BD465DF811
:10530000047B704780B483B000AF786000BF0C3777
:10531000BD465DF8047B704780B483B000AF786011
:1053200000BF0C37BD465DF8047B704780B483B086
:1053300000AF786000BF0C37BD465DF8047B704756
:1053400080B483B000AF786000BF0C37BD465DF815
:10535000047B704780B483B000AF786000BF0C3727
:10536000BD465DF8047B704780B483B000AF7860C1
:105370000B46FB7000BF0C37BD465DF8047B7047E1
:1053800080B483B000AF78600B46FB7000BF0C3771
:10539000BD465DF8047B704780B483B000AF786091
:1053A00000BF0C37BD465DF8047B704780B483B006
:1053B00000AF786000BF0C37BD465DF8047B7047D6
:1053C00080B584B000AF78600B46FB7097F903306E
:1053D000002B0CDAFB7803F00F021346DB001344BA
:1053E0009B0010337A6813440433FB600CE0FB78B5
:1053F00003F00F021346DB0013449B0003F5147304
:105400007A6813440433FB607B681B68F9681846AC
:1054100006F034F80346FB72FB7A18461037BD4697
:1054200080BD80B58AB002AF786039607B681B6848
:105430007B617B693B613A681346DB0013449B0048
:1054400010337A6813440433FB60FB685A69FB68C5
:105450001B699A4201D901236BE0FB681A69FB685A
:105460005B69D31AFB61FB689B68FA699A4202D9AF
:10547000FB689B68FB61FB6903339B08BB612AE007
:10548000FB681A69FB685B69D31AFB61FB689B6860
:10549000FA699A4202D9FB689B68FB61FB69033396
:1054A0009B08BB61FB68D9683B68DAB2FB6998B2BC
:1054B0007B689B7900930346786906F089F8FB685E
:1054C000DA68FB691A44FB68DA60FB685A69FB69B1
:1054D0001A44FB685A613B685A013B69134403F55F
:1054E00010639B699BB2BA699A4209D8FB685A69F2
:1054F000FB681B699A4203D2FB681B69002BBFD172
:10550000FB681A69FB685B699A4211D83B6803F033
:105510000F03012202FA03F3BB603B6903F500634A
:105520005A6BBB68DB43396901F5006113404B637B
:10553000002318462037BD4680BD000080B588B0E6
:1055400000AF786039607B681B68FB61FB69BB61F9
:10555000FB693C3304331B687B613B685A01BB69C0
:10556000134403F530639B683B617B689B79012B97
:105570007BD13B6903F00803002B15D07B69614A9E
:10558000934240F2B9803B6903F40043002B00F0E2
:10559000B3803B685A01BB69134403F530631A4674
:1055A0004FF400439360A7E03B6903F02003002B16
:1055B00009D03B685A01BB69134403F530631A46AE
:1055C0002023936098E03B6903F02803002B40F010
:1055D00093807B694B4A93420FD93B6903F40043A4
:1055E000002B0AD03B685A01BB69134403F53063B2
:1055F0001A464FF4004393607EE03A681346DB009E
:1056000013449B0003F514737A6813440433FB605E
:10561000FB681A6A3B685901BB690B4403F53063A8
:105620001B69C3F31203D21AFB685A613B68002B53
:1056300014D1FB681B69002B09D17B6818687B6853
:1056400003F29C431A46012106F03EF906E0FB688E
:10565000DA68FB685B691A44FB68DA603B68DBB2B6
:1056600019467868FFF736FE46E07B69264A934282
:1056700024D13B6903F40043002B0AD03B685A0154
:10568000BB69134403F530631A464FF4004393603B
:1056900032E03B6903F02003002B08D03B685A013D
:1056A000BB69134403F530631A46202393603B68BB
:1056B000DBB219467868FFF70DFE1DE03B68002B52
:1056C00014D179683A681346DB0013449B000B44FD
:1056D00003F519731B68002B08D17B6818687B6879
:1056E00003F29C431A46002106F0EEF83B68DBB259
:1056F00019467868FFF7EEFD002318462037BD46AF
:1057000080BD00BF0A30544F0A31544F80B586B077
:1057100000AF786039607B681B687B617B693B61A7
:105720007B693C3304331B68FB603B685A013B696F
:10573000134403F530639B68BB60FB68154A9342D2
:105740000ED9BB6803F40043002B09D03B685A0113
:105750003B69134403F530631A464FF400439360EA
:105760007868FFF7CFFDFB680A4A93420CD97B6843
:105770009B79012B08D17B6818687B6803F29C43F6
:105780001A46012106F0A0F8002318461837BD4636
:1057900080BD00BF0A30544F80B485B000AF786040
:1057A0007B681B68FB607B680122C3F8D8247B6898
:1057B000002283F8CC24FB689B6943F00062FB68FD
:1057C0009A61FB685B6D43F0805343F00303FA6812
:1057D0005365002318461437BD465DF8047B7047B7
:1057E00080B483B000AF78600B46FB7000BF0C370D
:1057F000BD465DF8047B704780B485B000AF78602B
:10580000394BDB6B03F44033BB60BA687B689A4268
:105810000BD17B68B3F5803F05D9334BDB68324A47
:1058200043F48023D360002357E07B68B3F5803FC7
:105830000AD92D4BDB6823F4E0227B6813432A4A04
:1058400043F48023D36007E0274BDB6823F4E02296
:1058500025497B681343CB60244B1B68244AA2FB79
:1058600003239B09322202FB03F3214AA2FB0323F9
:105870009B090133FB6002E0FB68013BFB601A4BB4
:10588000DB6803F40043002B02D1FB68002BF3D14B
:10589000FB68002B1BD0154B1B68154AA2FB03238A
:1058A0009B09322202FB03F3114AA2FB03239B094B
:1058B0000133FB6002E0FB68013BFB600A4BDB6BE2
:1058C00003F40043002B02D1FB68002BF3D1FB68EB
:1058D000002B01D1032300E0002318461437BD46F6
:1058E0005DF8047B704700BF0008024604000020FA
:1058F000D34D621080B400AF044BDB6B03F4403334
:105900001846BD465DF8047B704700BF000802469C
:1059100080B485B000AF7860224B1B68224AA2FB9E
:1059200003239B09322202FB03F31F4AA2FB03233A
:105930009B090133FB607B68002B13D11B4B9B68D9
:105940001A4A23F00203936002E0FB68013BFB600C
:10595000164BDB6B03F00203022B16D1FB68002B06
:10596000F3D112E0114B9B68104A43F0020393609D
:1059700002E0FB68013BFB600C4BDB6B03F00203B6
:10598000002B02D1FB68002BF3D1FB68002B01D167
:10599000032300E0002318461437BD465DF8047B5E
:1059A000704700BF04000020D34D6210000802467B
:1059B00080B400AF054B1B69044A43F08053136168
:1059C00000BFBD465DF8047B704700BF000802467B
:1059D00080B400AF054B1B69044A43F000531361C8
:1059E00000BFBD465DF8047B704700BF000802465B
:1059F00080B400AF054B1B69044A43F08043136138
:105A000000BFBD465DF8047B704700BF000802463A
:105A100080B58EB000AF7860002387F837307B68A0
:105A2000002B02D1012300F0C8BE994BDB6903F0C3
:105A30000C033B63964B9B6A03F00303FB627B689A
:105A40001B6803F01003002B00F06C813B6B002BF4
:105A500007D03B6B0C2B40F0DE80FB6A012B40F043
:105A6000DA807B68DB69002B02D1012300F0A5BE40
:105A70007B685A6A864B9B6803F40003002B04D0B2
:105A8000834B9B6803F0704305E0814BD3F8F430FF
:105A90001B0403F07043934255D23B6B002B0AD199
:105AA0007B685B6A184601F011FA0346002B02D0AE
:105AB000012300F082BE764B9B68754A43F40003D5
:105AC0009360734B9B6823F070427B685B6A7049FC
:105AD00013438B607B685B6AB3F1404F09D36C4B17
:105AE000DB6823F01F027B681B6A69491343CB60A4
:105AF0007EE07B685B6A002B0ADA654BDB6823F487
:105B000078727B681B6A5B0161491343CB606FE06D
:105B10007B685B6AB3F1804F0AD35D4BDB6823F48B
:105B2000F8427B681B6A9B0259491343CB605FE0D4
:105B3000574BDB6823F478227B681B6ADB035449EC
:105B40001343CB6054E0524B9B68514A43F400032B
:105B500093604F4B9B6823F070427B685B6A4C49B3
:105B600013438B607B685B6AB3F1404F09D3484BAA
:105B7000DB6823F01F027B681B6A45491343CB6037
:105B800028E07B685B6A002B0ADA414BDB6823F470
:105B900078727B681B6A5B013D491343CB6019E057
:105BA0007B685B6AB3F1804F0AD3394BDB6823F41F
:105BB000F8427B681B6A9B0235491343CB6009E0BE
:105BC000334BDB6823F478227B681B6ADB033049A4
:105BD0001343CB603B6B002B0AD17B685B6A184692
:105BE00001F074F90346002B02D0012300F0E5BD5B
:105BF00001F0DEF8274B1B681846FBF71DFA034639
:105C000087F8273097F82730002B00F08A8097F824
:105C1000273000F0D2BD7B68DB69002B66D01C4BBF
:105C20001B681B4A43F001031360FBF7EBFDB862EE
:105C300009E0FBF7E7FD0246BB6AD31A022B02D943
:105C4000032300F0BABD124B1B6803F00403002BC2
:105C5000EFD00F4B9B680E4A43F4000393600C4B4C
:105C60009B6823F070427B685B6A094913438B6031
:105C70007B685B6AB3F1404F0ED3054BDB6823F0C2
:105C80001F027B681B6A02491343CB604AE000BFD6
:105C9000000C0246080000207B685B6A002B0ADAD1
:105CA000984BDB6823F478727B681B6A5B0195492B
:105CB0001343CB6036E07B685B6AB3F1804F0AD355
:105CC000904BDB6823F4F8427B681B6A9B028D498A
:105CD0001343CB6026E08B4BDB6823F478227B6890
:105CE0001B6ADB0387491343CB601BE0854B1B68B2
:105CF000844A23F001031360FBF784FDB86209E0D6
:105D0000FBF780FD0246BB6AD31A022B02D903239C
:105D100000F053BD7B4B1B6803F00403002BEFD155
:105D200000E000BF7B681B6803F00103002B00F05C
:105D30008B803B6B082B05D03B6B0C2B09D1FB6A8E
:105D4000032B06D17B685B68002B7DD1012300F01B
:105D500034BD7B685B68B3F5803F06D1694B1B6837
:105D6000684A43F48033136041E07B685B68B3F5B5
:105D7000A02F12D1634B1B68624A43F48023136047
:105D8000604B1B685F4A23F4801313605D4B1B68F4
:105D90005C4A43F48033136029E07B685B68B3F5A9
:105DA000A81F12D1574B1B68564A43F48023136037
:105DB000544B1B68534A43F480131360514B1B68C8
:105DC000504A43F48033136011E04E4B1B684D4A38
:105DD00023F4803313604B4B1B684A4A23F480231F
:105DE0001360484B1B68474A23F4801313607B6899
:105DF0005B68002B14D0FBF705FDB86209E0FBF7E8
:105E000001FD0246BB6AD31A642B02D9032300F0BA
:105E1000D4BC3C4B1B6803F40033002BEFD013E0E1
:105E2000FBF7F0FCB86209E0FBF7ECFC0246BB6A4A
:105E3000D31A642B02D9032300F0BFBC314B1B687B
:105E400003F40033002BEFD17B681B6803F00203DF
:105E5000002B5FD03B6B042B05D03B6B0C2B14D17C
:105E6000FB6A022B11D17B68DB68002B02D1012376
:105E700000F0A3BC234B1B6923F4F8127B681B6959
:105E80001B04204913430B6144E07B68DB68002B53
:105E900024D01C4B1B681B4A43F480731360FBF730
:105EA000B1FCB86209E0FBF7ADFC0246BB6AD31A4D
:105EB000022B02D9032300F080BC124B1B6803F4B1
:105EC0008063002BEFD00F4B1B6923F4F8127B6823
:105ED0001B691B040B4913430B611BE0094B1B6837
:105EE000084A23F480731360FBF78CFCB8620BE064
:105EF000FBF788FC0246BB6AD31A022B04D90323A2
:105F000000F05BBC000C0246AF4B1B6803F48063DF
:105F1000002BEDD17B681B6803F00803002B00F019
:105F2000C880002387F83630A74BD3F8943003F0AD
:105F30000403002B11D1A44BD3F89430A24A43F0B0
:105F40000403C2F89430A04BD3F8943003F0040358
:105F50007B617B69012387F836309C4B9B6A03F099
:105F60000103002B19D1994B9B6A984A43F0010316
:105F70009362FBF747FCB86209E0FBF743FC02467B
:105F8000BB6AD31A022B02D9032300F016BC8F4B35
:105F90009B6A03F00103002BEFD07B685B69002B49
:105FA0005FD0894BD3F8F0303B627B689A693B6ADB
:105FB00003F080539A4237D03B6A03F00063002B12
:105FC00006D03B6A03F08063002B01D10123F4E388
:105FD0003B6A03F08063002B1BD07B4BD3F8F0307F
:105FE000794A23F0A053C2F8F030FBF70BFCB862FB
:105FF00008E0FBF707FC0246BB6AD31A052B01D960
:106000000323DAE3704BD3F8F03003F00063002B86
:10601000EFD16D4BD3F8F03023F080527B689B6951
:1060200069491343C1F8F030674BD3F8F030664A42
:1060300043F08063C2F8F030FBF7E4FBB86208E09D
:10604000FBF7E0FB0246BB6AD31A052B01D90323F9
:10605000B3E35D4BD3F8F03003F00063002BEFD0D7
:106060001BE0594BD3F8F030574A23F0A053C2F845
:10607000F030FBF7C7FBB86208E0FBF7C3FB024652
:10608000BB6AD31A052B01D9032396E34E4BD3F8F1
:10609000F03003F00063002BEFD197F83630012B7E
:1060A00007D1494BD3F89430474A23F00403C2F890
:1060B00094307B681B6803F00403002B00F011810F
:1060C000002387F83530404BD3F8943003F00403B5
:1060D000002B11D13C4BD3F894303B4A43F00403DE
:1060E000C2F89430384BD3F8943003F004033B618A
:1060F0003B69012387F83530344B9B6A03F0010379
:10610000002B18D1314B9B6A304A43F00103936254
:10611000FBF778FBB86208E0FBF774FB0246BB6A4A
:10612000D31A022B01D9032347E3284B9B6A03F0C0
:106130000103002BF0D07B689B6803F00103002B68
:106140001FD07B689B6803F00403002B10D01E4B0C
:10615000D3F8F0301C4A43F00403C2F8F0301A4B75
:10616000D3F8F030184A43F00103C2F8F03018E0D9
:10617000154BD3F8F030144A43F00103C2F8F03065
:106180000FE0114BD3F8F0300F4A23F00103C2F8AF
:10619000F0300D4BD3F8F0300B4A23F00403C2F873
:1061A000F0307B689B68002B57D0FBF72BFBB86265
:1061B0000EE0FBF727FB0246BB6AD31A41F2883296
:1061C000934205D90323F8E2000C02460008024678
:1061D0009C4BD3F8F03003F00203002BE9D07B682E
:1061E0009B6803F08003002B1BD0964BD3F8F03054
:1061F000944A43F08003C2F8F0300AE0FBF702FB58
:106200000246BB6AD31A41F28832934201D9032372
:10621000D3E28C4BD3F8F03003F40063002BEDD0C5
:1062200053E0884BD3F8F030864A23F08003C2F85D
:10623000F0300AE0FBF7E6FA0246BB6AD31A41F2F5
:106240008832934201D90323B7E27E4BD3F8F03072
:1062500003F40063002BEDD137E0FBF7D3FAB8620B
:106260000AE0FBF7CFFA0246BB6AD31A41F2883242
:10627000934201D90323A0E2724BD3F8F03003F02C
:106280000203002BEDD16F4BD3F8F03003F0800305
:10629000002B1AD06B4BD3F8F0306A4A23F08003FE
:1062A000C2F8F0300AE0FBF7ADFA0246BB6AD31A37
:1062B00041F28832934201D903237EE2614BD3F845
:1062C000F03003F40063002BEDD197F83530012B4B
:1062D00007D15C4BD3F894305A4A23F00403C2F838
:1062E00094307B681B6803F02003002B36D07B685A
:1062F000DB6A002B19D0534B1B68524A43F480537E
:106300001360FBF77FFAB86208E0FBF77BFA0246FE
:10631000BB6AD31A022B01D903234EE2494B1B68F7
:1063200003F40053002BF0D018E0464B1B68454A9D
:1063300023F480531360FBF765FAB86208E0FBF7BB
:1063400061FA0246BB6AD31A022B01D9032334E255
:106350003C4B1B6803F40053002BF0D17B681B6897
:1063600003F08003002B36D07B681B6B002B19D009
:10637000344B1B68334A43F480431360FBF742FA03
:10638000B86208E0FBF73EFA0246BB6AD31A022B5A
:1063900001D9032311E22B4B1B6803F40043002BAC
:1063A000F0D018E0274B1B68264A23F48043136083
:1063B000FBF728FAB86208E0FBF724FA0246BB6A4A
:1063C000D31A022B01D90323F7E11E4B1B6803F4F8
:1063D0000043002BF0D17B681B6803F04003002BC7
:1063E0007FD07B685B6B002B62D0164B9B68154A95
:1063F00043F400039360134B9B6823F070627B6847
:106400009B6A104913438B607B685B6AB3F1404F12
:1064100009D30C4BDB6823F01F027B681B6A094918
:106420001343CB602AE07B685B6A002B0CDA054BD8
:10643000DB6823F478727B681B6A5B0101491343B4
:10644000CB601BE0000C02467B685B6AB3F1804FB7
:106450000AD3A14BDB6823F4F8427B681B6A9B02DA
:106460009D491343CB6009E09B4BDB6823F4782202
:106470007B681B6ADB0398491343CB60964B1B6810
:10648000954A43F010031360FBF7BCF9B86208E0CB
:10649000FBF7B8F90246BB6AD31A022B01D90323D2
:1064A0008BE18D4B1B6803F02003002BF0D018E02C
:1064B000894B1B68884A23F010031360FBF7A2F98D
:1064C000B86208E0FBF79EF90246BB6AD31A022BBA
:1064D00001D9032371E1804B1B6803F02003002BDB
:1064E000F0D17B689B6B002B00F06681002387F85E
:1064F0003430794BDB6903F00C030C2B00F0F28095
:106500007B689B6B022B40F0C580734B1B68724A03
:1065100023F080731360FBF775F9B86208E0FBF7AE
:1065200071F90246BB6AD31A022B01D9032344E155
:10653000694B1B6803F00073002BF0D1664BD3F856
:10654000943003F00403002B11D1634BD3F8943043
:10655000614A43F00403C2F894305F4BD3F894309F
:1065600003F00403FB60FB68012387F834305B4BC6
:10657000DB6803F48023B3F5802F02D1012387F871
:106580003730564BDB68554A23F48023D360524B97
:106590009B6A23F47F4323F003037A68D16B7A6804
:1065A000126C013A120211437A68526C0A434A494A
:1065B00013438B62484B5A6B494B13407A68926C79
:1065C000013AC2F308017A68D26C013A520292B2DF
:1065D00011437A68126D013A120402F4FE0211436B
:1065E0007A68526D013A120602F0FE420A433A49B5
:1065F00013434B63384B9B6A374A23F01003936273
:106600007B68DB6D344ADB009363334B9B6A324A11
:1066100043F010039362304B9B6A23F00C027B68BB
:106620009B6D2D4913438B6297F83730012B05D1B1
:106630002A4BDB68294A43F48023D36097F834302F
:10664000012B07D1244BD3F89430234A23F00403C1
:10665000C2F89430204B1B681F4A43F080731360CC
:10666000FBF7D0F8B86208E0FBF7CCF80246BB6A4B
:10667000D31A022B01D903239FE0174B1B6803F0A9
:106680000073002BF0D0144B9B6A134A43F4802311
:10669000936291E0104B1B680F4A23F080731360E4
:1066A000FBF7B0F8B86208E0FBF7ACF80246BB6A4B
:1066B000D31A022B01D903237FE0074B1B6803F099
:1066C0000073002BF0D1044B9B6A034A23F4E023B0
:1066D00023F0030393626FE0000C024600080246B9
:1066E00000008080374B9B6AFB61364B5B6BBB6164
:1066F0007B689B6B012B39D0FB6903F003027B683D
:10670000DB6B9A4232D1FB691B0A03F00F027B68F4
:106710001B6C013B9A4229D1FB6903F470427B68F0
:106720005B6C9A4222D1BB69C3F308027B689B6C05
:10673000013B9A421AD1BB695B0A03F07F027B6876
:10674000DB6C013B9A4211D1BB691B0C03F07F0249
:106750007B681B6D013B9A4208D1BB691B0E03F09D
:106760007F027B685B6D013B9A4201D0012324E0EC
:10677000144B9B6BDB08C3F30C027B68DB6D9A4206
:106780001AD0104B9B6A0F4A23F010039362FBF759
:1067900039F8B86200BFFBF735F80246BB6A93428E
:1067A000F9D07B68DB6D074ADB009363054B9B6A7E
:1067B000044A43F010039362002318463837BD465D
:1067C00080BD00BF000C024680B586B000AF786087
:1067D00039607B68002B01D10123D9E19B4B1B68F9
:1067E00003F00F033A689A4210D9984B1B6823F0C4
:1067F0000F0296493B6813430B60944B1B6803F0F0
:106800000F033A689A4201D00123C1E17B681B68FB
:1068100003F01003002B10D07B685A698C4B5B6A25
:1068200003F070039A4208D9894B5B6A23F0700227
:106830007B685B69864913434B627B681B6803F086
:106840000803002B12D07B681A69814B1B6A1B0955
:1068500003F070039A4209D97D4B1B6A23F4E0626E
:106860007B681B691B017A4913430B627B681B68B9
:1068700003F00403002B10D07B68DA68744B1B6AAA
:1068800003F070039A4208D9714B1B6A23F070021F
:106890007B68DB686E4913430B627B681B6803F0FF
:1068A0000203002B10D07B689A68694B1B6A03F0C7
:1068B0000F039A4208D9664B1B6A23F00F027B68CC
:1068C0009B68634913430B627B681B6803F00103F9
:1068D000002B00F0D2800023FB757B685B68032BE4
:1068E00043D15B4BD3F8943003F00403002B10D159
:1068F000574BD3F89430564A43F00403C2F894300F
:10690000534BD3F8943003F00403BB60BB680123FE
:10691000FB75FAF777FF38614E4BDB6803F4802391
:10692000002B0FD008E0FAF76DFF02463B69D31A3F
:10693000022B01D903232BE1464BDB6803F4804390
:10694000002BF0D0FB7D012B07D1414BD3F89430C5
:106950003F4A23F00403C2F894303D4B1B6803F018
:106960000073002B21D1012312E17B685B68022BAD
:1069700007D1374B1B6803F40033002B15D10123DB
:1069800006E17B685B68002B07D1314B1B6803F085
:106990000403002B09D10123FAE02D4B1B6803F4FB
:1069A0008063002B01D10123F2E0294BDB6923F046
:1069B00003027B685B6826491343CB61FAF722FF29
:1069C00038617B685B68032B12D10AE0FAF71AFF83
:1069D00002463B69D31A41F28832934201D903231C
:1069E000D6E01B4BDB6903F00C030C2BEED144E02B
:1069F0007B685B68022B12D10AE0FAF703FF0246BC
:106A00003B69D31A41F28832934201D90323BFE094
:106A10000F4BDB6903F00C03082BEED12DE07B68F4
:106A20005B68002B23D10AE0FAF7ECFE02463B69D3
:106A3000D31A41F28832934201D90323A8E0044BD0
:106A4000DB6903F00C03002BEED116E000200240BE
:106A5000000C024600080246FAF7D4FE02463B69E3
:106A6000D31A41F28832934201D9032390E04A4B72
:106A7000DB6903F00C03042BEED17B681B6803F089
:106A80000203002B10D07B689A68434B1B6A03F00B
:106A90000F039A4208D2404B1B6A23F00F027B6817
:106AA0009B683D4913430B623C4B1B6803F00F038B
:106AB0003A689A4210D2394B1B6823F00F023749CB
:106AC0003B6813430B60354B1B6803F00F033A68B8
:106AD0009A4201D001235BE07B681B6803F004034A
:106AE000002B10D07B68DA682B4B1B6A03F0700315
:106AF0009A4208D2284B1B6A23F070027B68DB683D
:106B0000254913430B627B681B6803F00803002BC5
:106B100012D07B681A69204B1B6A1B0903F07003B3
:106B20009A4209D21C4B1B6A23F4E0627B681B6902
:106B30001B01194913430B627B681B6803F01003A8
:106B4000002B10D07B685A69134B5B6A03F070030B
:106B50009A4208D2104B5B6A23F070027B685B6933
:106B60000D4913434B6200F021F802460A4B1B6AA1
:106B700003F00F030A49CB5C22FA03F3094A1360BE
:106B8000094B1B681846FAF757FA0346FB73FB7B61
:106B900018461837BD4680BD000C02460020024052
:106BA000D4E60008040000200800002080B48BB068
:106BB00000AF00237B6200233B62784BDB6903F06C
:106BC0000C03BB61754B9B6A03F003037B61BB69DC
:106BD000002B05D0BB690C2B21D17B69012B1ED169
:106BE0006E4B9B6803F40003002B07D16B4BD3F86B
:106BF000F4301B0B03F00F037B6205E0674B9B68CF
:106C00001B0F03F00F037B62654A7B6A52F8233047
:106C10007B62BB69002B10D17B6A3B620DE05F4B4E
:106C2000DB6903F00C03042B02D15E4B3B6204E0F2
:106C3000BB69082B01D15B4B3B62BB690C2B40F05D
:106C4000A580564B9B6A03F003033B61534B9B6A41
:106C50001B0A03F00F030133FB60504B9B6A1B09B7
:106C600003F00103BB604D4B9B6BDB08C3F30C03CC
:106C7000BA6802FB03F307EE903AF8EE677AC7EDC5
:106C8000017A3B69022B03D03B69032B22D043E0FE
:106C9000FB6807EE903AF8EE677ADFED436A86EE1E
:106CA000A77A3E4B5B6BC3F3080307EE903AF8EE0E
:106CB000676A97ED016ADFED3D5AC6EE257A76EEFA
:106CC000A77AF7EE006A77EEA67A67EE277AC7ED25
:106CD000077A46E0FB6807EE903AF8EE677ADFED58
:106CE000326A86EEA77A2D4B5B6BC3F3080307EE7F
:106CF000903AF8EE676A97ED016ADFED2C5AC6EE1E
:106D0000257A76EEA77AF7EE006A77EEA67A67EE36
:106D1000277AC7ED077A24E07B6A07EE903AF8EE0F
:106D2000676AFB6807EE903AF8EE677A86EEA77A14
:106D30001A4B5B6BC3F3080307EE903AF8EE676AF1
:106D400097ED016ADFED195AC6EE257A76EEA77A3D
:106D5000F7EE006A77EEA67A67EE277AC7ED077A34
:106D600000BF0E4B5B6B1B0E03F07F0301333B60D8
:106D70003B6807EE903AB8EE677AD7ED076AC6EE41
:106D8000877AFCEEE77A17EE903A3B623B6A184648
:106D90002C37BD465DF8047B704700BF000C0246EF
:106DA000ECE600080024F4000024744B00000046C8
:106DB00080B500AFFFF7FAFE0246074B1B6A03F0EF
:106DC0000F030649CB5C22FA03F3054A1360044B18
:106DD0001B68184680BD00BF000C0246D4E60008C0
:106DE0000400002080B500AFFFF7E2FF0246054B2C
:106DF0001B6A1B0903F007030349CB5C22FA03F368
:106E0000184680BD000C0246E4E6000880B500AFDD
:106E1000FFF7CEFF0246054B1B6A1B0A03F0070370
:106E20000349CB5C22FA03F3184680BD000C0246EE
:106E3000E4E6000880B500AFFFF7BAFF0246054B55
:106E40005B6A1B0903F007030349CB5C22FA03F3D7
:106E5000184680BD000C0246E4E6000880B483B00A
:106E600000AF786039607B681F221A60154BDB69C0
:106E700003F003027B685A60124B1B6A03F00F0297
:106E80007B689A600F4B1B6A03F070027B68DA60C4
:106E90000C4B1B6A1B0903F070027B681A61094BDB
:106EA0005B6A03F070027B685A61074B1B6803F052
:106EB0000F023B681A6000BF0C37BD465DF8047BCB
:106EC000704700BF000C02460020024080B586B02B
:106ED00000AF78603E4BD3F8943003F00403002BEE
:106EE00003D0FEF707FD786119E0394BD3F89430F1
:106EF000374A43F00403C2F89430354BD3F894304A
:106F000003F00403FB60FB68FEF7F4FC7861304B90
:106F1000D3F894302E4A23F00403C2F894307B69EE
:106F2000B3F5403F03D07B69B3F5003F09D17B68DF
:106F3000B3F1805F02D201233B6133E000233B6168
:106F400030E07B68B3F1805F08D27B69B3F5803FA6
:106F500002D103233B6125E0012335E07B68B3F1D7
:106F6000005F0FD97B69002B09D17B68B3F1405FCB
:106F700002D900233B6115E001233B6112E00023AD
:106F80003B610FE07B68B3F1805F09D17B69B3F5AA
:106F9000803F02D101233B6104E002233B6101E019
:106FA00001233B610B4B1B6823F00F0209493B692E
:106FB00013430B60074B1B6803F00F033A699A42B7
:106FC00001D0012300E0002318461837BD4680BDDC
:106FD000000C0246002002402DE9B04FB8B000AFCF
:106FE000C7F8CC00002387F8DB30002387F8DA30BD
:106FF000D7F8CC30D3E9002302F00104002554EA8D
:1070000005030BD0CA4BD3F8E03023F00301D7F8C7
:10701000CC301B6DC64A0B43C2F8E030D7F8CC30F9
:10702000D3E9002302F002084FF0000958EA0903EF
:107030000BD0BF4BD3F8E03023F00C01D7F8CC30A5
:107040005B6DBB4A0B43C2F8E030D7F8CC30D3E9D4
:10705000002302F0040A4FF0000B5AEA0B030BD096
:10706000B34BD3F8E03023F03001D7F8CC309B6D30
:10707000AF4A0B43C2F8E030D7F8CC30D3E9002355
:1070800002F00803C7F8C0300023C7F8C430D7E9BE
:1070900030120B4613430BD0A54BD3F8E03023F04E
:1070A000C001D7F8CC30DB6DA14A0B43C2F8E03009
:1070B000D7F8CC30D3E9002302F01003C7F8B8307A
:1070C0000023C7F8BC30D7E92E120B4613430BD070
:1070D000974BD3F8E03023F44071D7F8CC301B6ED7
:1070E000934A0B43C2F8E030D7F8CC30D3E9002301
:1070F00002F02003C7F8B0300023C7F8B430D7E956
:107100002C120B4613430BD0894BD3F8E83023F0F5
:107110000701D7F8CC305B6E854A0B43C2F8E830E4
:10712000D7F8CC30D3E9002302F04003C7F8A830E9
:107130000023C7F8AC30D7E92A120B4613430BD013
:107140007B4BD3F8E03023F44061D7F8CC309B6E12
:10715000774A0B43C2F8E030D7F8CC30D3E90023AC
:1071600002F08003C7F8A0300023C7F8A430D7E9A5
:1071700028120B4613430BD06D4BD3F8E03023F4A9
:107180004051D7F8CC30DB6E694A0B43C2F8E0308F
:10719000D7F8CC30D3E9002302F48073C7F89830D5
:1071A0000023C7F89C30D7E926120B4613430BD0B7
:1071B0005F4BD3F8E83023F0C001D7F8CC301B6F19
:1071C0005B4A0B43C2F8E830D7F8CC30D3E9002350
:1071D00002F48003C7F890300023C7F89430D7E951
:1071E00024120B4613430BD0514BD3F8E03023F459
:1071F0004041D7F8CC305B6F4D4A0B43C2F8E030CA
:10720000D7F8CC30D3E9002302F40073C7F88830F4
:107210000023C7F88C30D7E922120B4613430BD05A
:10722000434BD3F8E83023F44061D7F8CC309B6F60
:107230003F4A0B43C2F8E830D7F8CC30D3E90023FB
:1072400002F48063C7F880300023C7F88430D7E9A0
:1072500020120B4613430BD0354BD3F8E03023F408
:107260004021D7F8CC30DB6F314A0B43C2F8E03015
:10727000D7F8CC30D3E9002302F40063BB670023C6
:10728000FB67D7E91E120B4613430CD0284BD3F8EB
:10729000E83023F44071D7F8CC30D3F88030244A5A
:1072A0000B43C2F8E830D7F8CC30D3E9002302F41E
:1072B00000533B6700237B67D7E91C120B4613433F
:1072C0004FD0D7F8CC30D3F89030802B2DD0802BF6
:1072D00027D8602B2ED0602B23D8402B06D0402BF4
:1072E0001FD8002B09D0202B11D01AE0104B9B6A1D
:1072F0000F4A43F4803393621DE0D7F8CC30083353
:10730000184602F0D1F9034687F8DB3013E0D7F8CE
:10731000CC302C33184602F05FFA034687F8DB3096
:1073200009E0012387F8DB3005E000BF03E000BF80
:10733000000C024600BF97F8DB30002B0DD1B64B96
:10734000D3F8E43023F0E001D7F8CC30D3F8903014
:10735000B14A0B43C2F8E43003E097F8DB3087F81A
:10736000DA30D7F8CC30D3E9002302F48043BB668F
:107370000023FB66D7E91A120B46134353D0D7F804
:10738000CC30D3F89430B3F5806F33D0B3F5806F41
:107390002CD8B3F5407F2FD0B3F5407F26D8B3F576
:1073A000007F08D0B3F5007F20D8002B0AD0B3F5BA
:1073B000807F11D01AE0984B9B6A974A43F4803340
:1073C00093621AE0D7F8CC300833184602F06CF913
:1073D000034687F8DB3010E0D7F8CC302C33184662
:1073E00002F0FAF9034687F8DB3006E0012387F85C
:1073F000DB3002E000BF00E000BF97F8DB30002B7D
:107400000DD1854BD3F8E43023F4E061D7F8CC30CC
:10741000D3F89430804A0B43C2F8E43003E097F885
:10742000DB3087F8DA30D7F8CC30D3E9002302F428
:1074300000433B6600237B66D7E918120B461343D3
:1074400046D0D7F8CC30D3F8A430B3F5A04F28D02D
:10745000B3F5A04F21D8B3F5804F22D0B3F5804FBC
:107460001BD8B3F5405F1CD0B3F5405F15D8B3F51A
:10747000005F08D0B3F5005F0FD8002B11D0B3F533
:10748000805F0ED009E0D7F8CC300833184602F000
:107490000BF9034687F8DB3004E0012387F8DB3083
:1074A00000E000BF97F8DB30002B0DD15A4BD3F82A
:1074B000E83023F4E041D7F8CC30D3F8A430564A72
:1074C0000B43C2F8E83003E097F8DB3087F8DA3096
:1074D000D7F8CC30D3E9002302F48033BB65002316
:1074E000FB65D7E916120B4613433FD0D7F8CC30D3
:1074F000D3F88830042B1ED801A252F823F000BF25
:107500003F75000815750008237500083F750008D1
:107510003F750008404B9B6A3F4A43F480339362B7
:107520000EE0D7F8CC302C33184602F055F903465C
:1075300087F8DB3004E0012387F8DB3000E000BF90
:1075400097F8DB30002B0DD1334BD3F8E43023F028
:107550000701D7F8CC30D3F888302F4A0B43C2F854
:10756000E43003E097F8DB3087F8DA30D7F8CC3036
:10757000D3E9002302F400333B6500237B65D7E9A0
:1075800014120B4613434DD0D7F8CC30D3F88C30BF
:10759000B3F5802F28D0B3F5802F21D8B3F5403F25
:1075A00024D0B3F5403F1BD8B3F5003F0ED0B3F560
:1075B000003F15D8002B1BD0B3F5803F10D1164BE0
:1075C0009B6A154A43F48033936212E0D7F8CC30BB
:1075D0002C33184602F000F9034687F8DB3008E048
:1075E000012387F8DB3004E000BF02E000BF00E0C9
:1075F00000BF97F8DB30002B10D1074BD3F8E830F1
:1076000023F4E021D7F8CC30D3F88C30024A0B4376
:10761000C2F8E83006E000BF000C024697F8DB3005
:1076200087F8DA30D7F8CC30D3E9002302F480238E
:10763000BB640023FB64D7E912120B46134300F02E
:10764000B580002387F8D9309D4BD3F8943003F0F0
:107650000403002B13D19A4BD3F89430984A43F08B
:107660000403C2F89430964BD3F8943003F004032B
:10767000C7F8D030D7F8D030012387F8D930914BF4
:107680009B6A904A43F001039362FAF7BBF8C7F88C
:10769000D4000BE0FAF7B6F80246D7F8D430D31A84
:1076A000022B03D9032387F8DB3005E0854B9B6A67
:1076B00003F00103002BEDD097F8DB30002B65D1F0
:1076C0007F4BD3F8F03003F44073C7F8DC30D7F8C1
:1076D000DC30002B23D0D7F8CC30D3F8BC20D7F83F
:1076E000DC3093421BD0764BD3F8F03023F4407358
:1076F000C7F8DC30724BD3F8F030714A43F4803372
:10770000C2F8F0306E4BD3F8F0306D4A23F480337A
:10771000C2F8F0306A4AD7F8DC30C2F8F030D7F857
:10772000DC3003F00103002B19D0FAF76BF8C7F82F
:10773000D4000DE0FAF766F80246D7F8D430D21A32
:1077400041F288339A4203D9032387F8DB3006E0FD
:107750005B4BD3F8F03003F00203002BEAD097F82C
:10776000DB30002B0DD1564BD3F8F03023F44071B1
:10777000D7F8CC30D3F8BC30514A0B43C2F8F030C4
:1077800008E097F8DB3087F8DA3003E097F8DB3071
:1077900087F8DA3097F8D930012B07D1484BD3F866
:1077A0009430474A23F00403C2F89430D7F8CC3021
:1077B000D3E9002302F480133B6400237B64D7E900
:1077C00010120B46134342D0D7F8CC30D3F89C307C
:1077D000B3F1406F22D0B3F1406F1BD8B3F1006F0B
:1077E00011D0B3F1006F15D8002B19D0B3F1806F11
:1077F00010D1D7F8CC300833184601F055FF0346B6
:1078000087F8DB300DE02E4B9B6A2D4A43F40033A2
:10781000936206E0012387F8DB3002E000BF00E05E
:1078200000BF97F8DB30002B0DD1254BD3F8E030AB
:1078300023F04061D7F8CC30D3F89C30204A0B437A
:10784000C2F8E03003E097F8DB3087F8DA30D7F899
:10785000CC30D3E9002302F40023BB630023FB6395
:10786000D7E90E120B46134332D0D7F8CC30D3F8F9
:107870009830B3F5005F0BD0B3F5005F04D8002B50
:1078800008D0B3F5805F07D0012387F8DB3004E030
:1078900000BF02E000BF00E000BF97F8DB30002B24
:1078A00012D1074BD3F8E43023F44051D7F8CC3051
:1078B000D3F89830024A0B43C2F8E43008E000BF26
:1078C000000C02460008024697F8DB3087F8DA30F1
:1078D000D7F8CC30D3E9002302F400133B63002334
:1078E0007B63D7E90C120B46134319D0D7F8CC3081
:1078F000D3F8A030B3F5804F05D1884B9B6A874AF7
:1079000043F480339362854BD3F8E43023F4804111
:10791000D7F8CC30D3F8A030804A0B43C2F8E4301B
:10792000D7F8CC30D3E9002302F40003BB62002374
:10793000FB62D7E90A120B4613430CD0774BD3F8FE
:10794000E03023F44012D7F8CC30D3F8B03073498C
:107950001343C1F8E030D7F8CC30D3E9002302F06C
:1079600080733B6200237B62D7E908120B46134306
:107970000CD06A4BD3F8E03023F44032D7F8CC3047
:10798000D3F8B43065491343C1F8E030D7F8CC30B0
:10799000D3E9002302F00073BB610023FB61D7E948
:1079A00006120B4613430CD05C4BD3F8E83023F09F
:1079B0001802D7F8CC30D3F8B83058491343C1F87F
:1079C000E830D7F8CC30D3E9002302F080633B6184
:1079D00000237B61D7E904120B46134332D0D7F85A
:1079E000CC30D3F8AC30B3F5001F05D14B4B9B6ABC
:1079F0004A4A43F400339362D7F8CC30D3F8AC3022
:107A0000B3F5401F08D1D7F8CC300833184601F041
:107A10004BFE034687F8DB3097F8DB30002B0DD1A7
:107A20003E4BD3F8E43023F44012D7F8CC30D3F8EF
:107A3000AC303A491343C1F8E43003E097F8DB3047
:107A400087F8DA30D7F8CC30D3E9002302F00063AE
:107A5000BB600023FB60D7E902120B4613433AD008
:107A6000D7F8CC30D3F88430B3F1007F0ED0B3F127
:107A7000007F15D8002B17D0B3F1807F10D1274B92
:107A80009B6A264A43F4003393620EE0D7F8CC3069
:107A90000833184601F008FE034687F8DB3004E09F
:107AA000012387F8DB3000E000BF97F8DB30002BC4
:107AB0000DD11A4BD3F8E03023F04072D7F8CC3018
:107AC000D3F8843015491343C1F8E03003E097F848
:107AD000DB3087F8DA30D7F8CC30D3E9002302F076
:107AE00080533B6000237B60D7E900120B461343B1
:107AF0000CD00A4BD3F8E83023F40042D7F8CC304E
:107B0000D3F8A83005491343C1F8E83097F8DA30C4
:107B10001846E037BD46BDE8B08F00BF000C0246F6
:107B200080B489B000AF7860A64B5B6BC3F30803E9
:107B3000BB61A44B9B6A03F003037B61A14B9B6A6F
:107B40001B0A03F00F0301333B619E4B9B6A1B0929
:107B500003F00103FB609B4B9B6BDB08C3F30C033F
:107B6000FA6802FB03F307EE903AF8EE677AC7ED86
:107B7000027A7B69032B62D07B69032B00F2818040
:107B80007B69012B24D07B69022B7AD13B6907EEFC
:107B9000903AF8EE677ADFED8C6A86EEA77A894B29
:107BA0005B6BC3F3080307EE903AF8EE676A97ED54
:107BB000026ADFED865AC6EE257A76EEA77AF7EEF0
:107BC000006A77EEA67A67EE277AC7ED077A8FE02C
:107BD0007C4B9B6803F40003002B05D0794B9B681A
:107BE0001B0F03F00F0306E0764BD3F8F4301B04B1
:107BF0001B0F03F00F03764A52F8233007EE903A3A
:107C0000F8EE676A3B6907EE903AF8EE677A86EE1F
:107C1000A77ABB6907EE903AF8EE676A97ED026AB9
:107C2000DFED6A5AC6EE257A76EEA77AF7EE006A9D
:107C300077EEA67A67EE277AC7ED077A58E03B69B8
:107C400007EE903AF8EE677ADFED5F6A86EEA77A84
:107C50005C4B5B6BC3F3080307EE903AF8EE676A80
:107C600097ED026ADFED595AC6EE257A76EEA77ACD
:107C7000F7EE006A77EEA67A67EE277AC7ED077A05
:107C800036E0504B9B6803F40003002B05D04D4BAE
:107C90009B681B0F03F00F0306E04A4BD3F8F43048
:107CA0001B041B0F03F00F03494A52F8233007EE61
:107CB000903AF8EE676A3B6907EE903AF8EE677A19
:107CC00086EEA77ABB6907EE903AF8EE676A97ED01
:107CD000026ADFED3E5AC6EE257A76EEA77AF7EE17
:107CE000006A77EEA67A67EE277AC7ED077A00BFBB
:107CF000344B9B6A03F48033002B17D0314B5B6B02
:107D00005B0A03F07F0307EE903AF8EE677AB7EE6E
:107D1000007A37EE877AD7ED076AC6EE877AFCEEEF
:107D2000E77A17EE902A7B681A6002E07B680022EF
:107D30001A60244B9B6A03F40033002B17D0214BAD
:107D40005B6B1B0C03F07F0307EE903AF8EE677A4B
:107D5000B7EE007A37EE877AD7ED076AC6EE877AF4
:107D6000FCEEE77A17EE902A7B685A6002E07B68A7
:107D700000225A60134B9B6A03F48023002B17D018
:107D8000104B5B6B1B0E03F07F0307EE903AF8EE8F
:107D9000677AB7EE007A37EE877AD7ED076AC6EED4
:107DA000877AFCEEE77A17EE902A7B689A6002E009
:107DB0007B6800229A6000BF2437BD465DF8047BD3
:107DC000704700BF000C02460024744B00000046C0
:107DD000ECE6000880B489B000AF7860A64BDB6B9E
:107DE000C3F30803BB61A44BDB6A03F003037B61AD
:107DF000A14BDB6A1B0A03F00F0301333B619E4B6F
:107E0000DB6A1B0903F00103FB609B4B1B6CDB0867
:107E1000C3F30C03FA6802FB03F307EE903AF8EEA3
:107E2000677AC7ED027A7B69032B62D07B69032BEB
:107E300000F281807B69012B24D07B69022B7AD1EF
:107E40003B6907EE903AF8EE677ADFED8C6A86EED2
:107E5000A77A894BDB6BC3F3080307EE903AF8EE81
:107E6000676A97ED026ADFED865AC6EE257A76EEEE
:107E7000A77AF7EE006A77EEA67A67EE277AC7ED63
:107E8000077A8FE07C4B9B6803F40003002B05D03E
:107E9000794B9B681B0F03F00F0306E0764BD3F87A
:107EA000F4301B041B0F03F00F03764A52F8233003
:107EB00007EE903AF8EE676A3B6907EE903AF8EE03
:107EC000677A86EEA77ABB6907EE903AF8EE676AA2
:107ED00097ED026ADFED6A5AC6EE257A76EEA77A4A
:107EE000F7EE006A77EEA67A67EE277AC7ED077A93
:107EF00058E03B6907EE903AF8EE677ADFED5F6A8B
:107F000086EEA77A5C4BDB6BC3F3080307EE903A6F
:107F1000F8EE676A97ED026ADFED595AC6EE257AE8
:107F200076EEA77AF7EE006A77EEA67A67EE277A02
:107F3000C7ED077A36E0504B9B6803F40003002B33
:107F400005D04D4B9B681B0F03F00F0306E04A4B17
:107F5000D3F8F4301B041B0F03F00F03494A52F807
:107F6000233007EE903AF8EE676A3B6907EE903AE5
:107F7000F8EE677A86EEA77ABB6907EE903AF8EEDC
:107F8000676A97ED026ADFED3E5AC6EE257A76EE15
:107F9000A77AF7EE006A77EEA67A67EE277AC7ED42
:107FA000077A00BF344BDB6A03F48033002B17D011
:107FB000314BDB6B5B0A03F07F0307EE903AF8EE80
:107FC000677AB7EE007A37EE877AD7ED076AC6EEA2
:107FD000877AFCEEE77A17EE902A7B681A6002E057
:107FE0007B6800221A60244BDB6A03F40033002B09
:107FF00017D0214BDB6B1B0C03F07F0307EE903A8D
:10800000F8EE677AB7EE007A37EE877AD7ED076A2F
:10801000C6EE877AFCEEE77A17EE902A7B685A6004
:1080200002E07B6800225A60134BDB6A03F4802372
:10803000002B17D0104BDB6B1B0E03F07F0307EEFA
:10804000903AF8EE677AB7EE007A37EE877AD7ED96
:10805000076AC6EE877AFCEEE77A17EE902A7B680D
:108060009A6002E07B6800229A6000BF2437BD4618
:108070005DF8047B704700BF000C02460024744B7F
:1080800000000046ECE6000880B489B000AF7860DC
:10809000A64B5B6CC3F30803BB61A44B1B6B03F0E3
:1080A00003037B61A14B1B6B1B0A03F00F0301331E
:1080B0003B619E4B1B6B1B0903F00103FB609B4B59
:1080C0009B6CDB08C3F30C03FA6802FB03F307EEB7
:1080D000903AF8EE677AC7ED027A7B69032B62D09B
:1080E0007B69032B00F281807B69012B24D07B69A3
:1080F000022B7AD13B6907EE903AF8EE677ADFED12
:108100008C6A86EEA77A894B5B6CC3F3080307EE93
:10811000903AF8EE676A97ED026ADFED865AC6EE8E
:10812000257A76EEA77AF7EE006A77EEA67A67EE02
:10813000277AC7ED077A8FE07C4B9B6803F4000336
:10814000002B05D0794B9B681B0F03F00F0306E053
:10815000764BD3F8F4301B041B0F03F00F03764A61
:1081600052F8233007EE903AF8EE676A3B6907EE63
:10817000903AF8EE677A86EEA77ABB6907EE903AF6
:10818000F8EE676A97ED026ADFED6A5AC6EE257A65
:1081900076EEA77AF7EE006A77EEA67A67EE277A90
:1081A000C7ED077A58E03B6907EE903AF8EE677A38
:1081B000DFED5F6A86EEA77A5C4B5B6CC3F3080366
:1081C00007EE903AF8EE676A97ED026ADFED595ACA
:1081D000C6EE257A76EEA77AF7EE006A77EEA67AF3
:1081E00067EE277AC7ED077A36E0504B9B6803F4B9
:1081F0000003002B05D04D4B9B681B0F03F00F03B2
:1082000006E04A4BD3F8F4301B041B0F03F00F03B6
:10821000494A52F8233007EE903AF8EE676A3B6914
:1082200007EE903AF8EE677A86EEA77ABB6907EE1A
:10823000903AF8EE676A97ED026ADFED3E5AC6EEB5
:10824000257A76EEA77AF7EE006A77EEA67A67EEE1
:10825000277AC7ED077A00BF344B1B6B03F48033DA
:10826000002B17D0314B5B6C5B0A03F07F0307EEEA
:10827000903AF8EE677AB7EE007A37EE877AD7ED64
:10828000076AC6EE877AFCEEE77A17EE902A7B68DB
:108290001A6002E07B6800221A60244B1B6B03F417
:1082A0000033002B17D0214B5B6C1B0C03F07F03BA
:1082B00007EE903AF8EE677AB7EE007A37EE877AF3
:1082C000D7ED076AC6EE877AFCEEE77A17EE902ABA
:1082D0007B685A6002E07B6800225A60134B1B6B7C
:1082E00003F48023002B17D0104B5B6C1B0E03F0A4
:1082F0007F0307EE903AF8EE677AB7EE007A37EE32
:10830000877AD7ED076AC6EE877AFCEEE77A17EE32
:10831000902A7B689A6002E07B6800229A6000BF26
:108320002437BD465DF8047B704700BF000C024651
:108330000024744B00000046ECE6000880B58EB0C7
:1083400000AFC7E90001D7E90023A2F580210B4364
:1083500045D1AA4BD3F8F03003F440733B63A74BED
:10836000D3F8F03003F00203022B08D13B6BB3F5D6
:10837000807F04D14FF400437B6301F087B99F4BAA
:10838000D3F8F03003F00063B3F1006F14D13B6B0E
:10839000B3F5007F10D1994BD3F8F03003F0805340
:1083A000B3F1805F03D1FA237B6301F06FB94FF41F
:1083B000FA437B6301F06AB9904B1B6803F4003306
:1083C000B3F5003F07D13B6BB3F5407F03D18C4B36
:1083D0007B6301F05BB900237B6301F057B9D7E9F8
:1083E0000023A2F500510B4351D1844BD3F8E43064
:1083F00003F0E0033B633B6B802B35D03B6B802B62
:1084000041D83B6B602B2AD03B6B602B3BD83B6B3E
:10841000402B09D03B6B402B35D83B6B002B0CD04D
:108420003B6B202B12D02EE007F124031846FFF7F8
:1084300077FB7B6A7B6301F029B907F118031846C3
:10844000FFF7C8FCBB697B6301F020B907F10C039F
:108450001846FFF719FEFB687B6301F017B94BF66E
:1084600080337B6301F012B9644B1B6803F48063B3
:10847000B3F5806F03D1634B7B6301F007B9002331
:108480007B6301F003B900237B6301F0FFB8D7E9F8
:108490000023A2F580410B4358D1584BD3F8E43068
:1084A00003F4E0633B633B6BB3F5806F3BD03B6B06
:1084B000B3F5806F46D83B6BB3F5407F2ED03B6B56
:1084C000B3F5407F3ED83B6BB3F5007F0BD03B6BE1
:1084D000B3F5007F36D83B6B002B0DD03B6BB3F56B
:1084E000807F12D02EE007F124031846FFF718FB17
:1084F0007B6A7B6301F0CAB807F118031846FFF7DF
:1085000069FCBB697B6301F0C1B807F10C03184635
:10851000FFF7BAFDFB687B6301F0B8B84BF6803318
:108520007B6301F0B3B8354B1B6803F48063B3F58C
:10853000806F03D1334B7B6301F0A8B800237B63CA
:1085400001F0A4B800237B6301F0A0B8D7E90023B1
:10855000A2F580110B436ED1284BD3F8E03003F025
:1085600040633B633B6BB3F1406F34D03B6BB3F183
:10857000406F5CD83B6BB3F1006F0BD03B6BB3F13A
:10858000006F54D83B6B002B16D03B6BB3F1806F60
:1085900009D04CE007F124031846FFF7C1FABB6A83
:1085A0007B6301F073B807F118031846FFF712FC5C
:1085B000FB697B6301F06AB8104B1B6803F400533E
:1085C000B3F5005F03D1104B7B6301F05FB800236C
:1085D0007B6301F05BB8094B1B6803F02003202B81
:1085E00021D1064B9B6803F40003002B0ED0034BF4
:1085F0009B681B0E03F00F030FE000BF000C024648
:1086000020A107000024F400006CDC02A74BD3F883
:10861000F4301B041B0E03F00F03A54A52F823305D
:108620007B6301F033B800237B6301F02FB8002394
:108630007B6301F02BB8D7E90023A2F500110B43AF
:108640007FD19A4BD3F8E43003F480433B633B6B18
:10865000002B65D1954BD3F8E03003F040633B63CA
:108660003B6BB3F1406F34D03B6BB3F1406F53D8E9
:108670003B6BB3F1006F0BD03B6BB3F1006F4BD88A
:108680003B6B002B16D03B6BB3F1806F09D043E0FE
:1086900007F124031846FFF743FABB6A7B6300F037
:1086A000F5BF07F118031846FFF794FBFB697B63DE
:1086B00000F0ECBF7D4B1B6803F40053B3F5005F83
:1086C00003D17C4B7B6300F0E1BF00237B6300F0B0
:1086D000DDBF764B1B6803F02003202B18D1734BB2
:1086E0009B6803F40003002B05D0704B9B681B0EA6
:1086F00003F00F0306E06D4BD3F8F4301B041B0EA0
:1087000003F00F036A4A52F823307B6300F0BEBFC8
:1087100000237B6300F0BABF00237B6300F0B6BF89
:108720003B6BB3F5804F08D107F124031846FFF7E0
:10873000F7F97B6A7B6300F0A9BF00237B6300F03D
:10874000A5BFD7E90023511E0B4336D1574BD3F8B1
:10875000E03003F003033B633B6B002B04D1FEF7D7
:1087600055FB786300F092BF3B6B012B04D1FEF701
:108770001DFA786300F08ABF4C4B1B6803F48063DA
:10878000B3F5806F06D13B6B022B03D14A4B7B6361
:1087900000F07CBF454BD3F8F03003F00203022B0E
:1087A00007D13B6B032B04D14FF400437B6300F0F4
:1087B0006DBF00237B6300F069BFD7E90023911EE2
:1087C0000B4336D1394BD3F8E03003F00C033B6355
:1087D0003B6B002B04D1FEF705FB786300F056BF1E
:1087E0003B6B042B04D1FEF7E1F9786300F04EBF38
:1087F0002E4B1B6803F48063B3F5806F06D13B6B8F
:10880000082B03D12C4B7B6300F040BF274BD3F8E0
:10881000F03003F00203022B07D13B6B0C2B04D189
:108820004FF400437B6300F031BF00237B6300F013
:108830002DBFD7E90023111F0B433FD11B4BD3F8AA
:10884000E03003F030033B633B6B002B04D1FEF7B9
:10885000C9FA786300F01ABF3B6B102B04D1FEF706
:10886000A5F9786300F012BF104B1B6803F4806316
:10887000B3F5806F06D13B6B202B03D10E4B7B638E
:1088800000F004BF094BD3F8F03003F00203022BD1
:1088900007D13B6B302B04D14FF400437B6300F0D6
:1088A000F5BE00237B6300F0F1BE00BF000C024662
:1088B000ECE60008006CDC020024F400D7E9002399
:1088C000A2F108010B4336D1A44BD3F8E03003F0FA
:1088D000C0033B633B6B002B04D1FEF783FA786344
:1088E00000F0D4BE3B6B402B04D1FEF75FF97863F8
:1088F00000F0CCBE994B1B6803F48063B3F5806F26
:1089000006D13B6B802B03D1954B7B6300F0BEBE41
:10891000924BD3F8F03003F00203022B07D13B6BEC
:10892000C02B04D14FF400437B6300F0AFBE0023A3
:108930007B6300F0ABBED7E90023A2F110010B432B
:1089400039D1864BD3F8E03003F440733B633B6B83
:10895000002B04D1FEF746FA786300F097BE3B6B1C
:10896000B3F5807F04D1FEF721F9786300F08EBE65
:108970007A4B1B6803F48063B3F5806F07D13B6BC0
:10898000B3F5007F03D1764B7B6300F07FBE734B62
:10899000D3F8F03003F00203022B08D13B6BB3F5A0
:1089A000407F04D14FF400437B6300F06FBE00238F
:1089B0007B6300F06BBED7E90023A2F120010B43DB
:1089C00058D1664BD3F8E83003F007033B633B6BA9
:1089D000002B04D1FEF72EFA786300F057BE3B6BF4
:1089E000012B04D1FEF7E2F8786300F04FBE5B4B39
:1089F0001B6803F48063B3F5806F06D13B6B022BD9
:108A000003D1574B7B6300F041BE544BD3F8F03099
:108A100003F00203022B07D13B6B032B04D14FF46D
:108A200000437B6300F032BE4C4B1B6803F0200315
:108A3000202B1BD13B6B042B18D1484B9B6803F4B4
:108A40000003002B05D0454B9B681B0E03F00F0362
:108A500006E0424BD3F8F4301B041B0E03F00F0367
:108A6000404A52F823307B6300F010BE00237B6342
:108A700000F00CBED7E90023A2F500410B4373D1EF
:108A8000364BD3F8E83003F4E0433B633B6BB3F57C
:108A9000805F04D1FEF78AF8786300F0F7BD3B6B86
:108AA000B3F5005F08D107F118031846FFF792F9F4
:108AB0003B6A7B6300F0EABD3B6B002B04D1FEF701
:108AC00077F9786300F0E2BD3B6BB3F5A04F22D19C
:108AD000224B1B6803F02003202B18D11F4B9B68EF
:108AE00003F40003002B05D01C4B9B681B0E03F006
:108AF0000F0306E0194BD3F8F4301B041B0E03F0F0
:108B00000F03184A52F823307B6300F0BFBD0023E7
:108B10007B6300F0BBBD114B1B6803F40033B3F55E
:108B2000003F07D13B6BB3F5405F03D10C4B7B6338
:108B300000F0ACBD094B1B6803F48063B3F5806F94
:108B400007D13B6BB3F5804F03D1054B7B6300F03E
:108B50009DBD00237B6300F099BD00BF000C024661
:108B60000024F400ECE60008D7E90023A2F58031E8
:108B70000B4358D1AD4BD3F8E43003F007033B630C
:108B80003B6B042B4BD801A252F823F0C58B000895
:108B9000A18B0008B38B0008CF8B0008D98B00088D
:108BA00007F124031846FEF7BBFF7B6A7B6300F0E6
:108BB0006DBD07F10C031846FFF766FA3B697B634E
:108BC00000F064BDFEF7F4F8786300F05FBD4BF68B
:108BD00080337B6300F05ABD944B1B6803F0200385
:108BE000202B18D1914B9B6803F40003002B05D078
:108BF0008E4B9B681B0E03F00F0306E08B4BD3F8E4
:108C0000F4301B041B0E03F00F03894A52F8233083
:108C10007B6300F03BBD00237B6300F037BD002386
:108C20007B6300F033BDD7E90023A2F500310B438D
:108C300067D17E4BD3F8E83003F4E0233B633B6B12
:108C4000B3F5802F36D03B6BB3F5802F55D83B6BF7
:108C5000B3F5403F29D03B6BB3F5403F4DD83B6B5C
:108C6000B3F5003F13D03B6BB3F5003F45D83B6BEA
:108C7000002B15D03B6BB3F5803F3ED107F12403A9
:108C80001846FEF74DFF7B6A7B6300F0FFBC07F1DF
:108C90000C031846FFF7F8F93B697B6300F0F6BC5C
:108CA000FEF786F8786300F0F1BC4BF680337B6307
:108CB00000F0ECBC5D4B1B6803F02003202B18D1A7
:108CC0005A4B9B6803F40003002B05D0574B9B685D
:108CD0001B0E03F00F0306E0544BD3F8F4301B04D3
:108CE0001B0E03F00F03524A52F823307B6300F04F
:108CF000CDBC00237B6300F0C9BC00237B6300F084
:108D0000C5BCD7E90023A2F140010B434CD1474B2E
:108D1000D3F8E03003F440633B633B6B002B04D19A
:108D2000FEF760F8786300F0B1BC3B6BB3F5806F81
:108D300004D1FDF73BFF786300F0A8BC3B4B1B68F8
:108D400003F48063B3F5806F07D13B6BB3F5006F1D
:108D500003D1384B7B6300F099BC344B1B6803F0A4
:108D60002003202B1CD13B6BB3F5406F18D12F4B48
:108D70009B6803F40003002B05D02C4B9B681B0E53
:108D800003F00F0306E0294BD3F8F4301B041B0E4D
:108D900003F00F03264A52F823307B6300F076BCC1
:108DA00000237B6300F072BCD7E90023A2F18001AD
:108DB0000B4352D11D4BD3F8E03003F440533B63D7
:108DC0003B6B002B04D1FEF70DF8786300F05EBC1E
:108DD0003B6BB3F5805F04D1FDF7E8FE786300F0EC
:108DE00055BC124B1B6803F48063B3F5806F07D149
:108DF0003B6BB3F5005F03D10E4B7B6300F046BCC9
:108E00000A4B1B6803F02003202B22D13B6BB3F5E8
:108E1000405F1ED1054B9B6803F40003002B0BD071
:108E2000024B9B681B0E03F00F030CE0000C024684
:108E3000ECE600080024F400A14BD3F8F4301B0446
:108E40001B0E03F00F039F4A52F823307B6300F0A0
:108E50001DBC00237B6300F019BCD7E90023A2F5F9
:108E600080710B4351D1964BD3F8E83003F0C00327
:108E70003B633B6BC02B24D03B6BC02B42D83B6B7E
:108E8000802B0DD03B6B802B3CD83B6B002B03D051
:108E90003B6B402B11D035E0FDF7CCFF7863F5E359
:108EA000874B1B6803F48063B3F5806F02D1864B58
:108EB0007B63EBE300237B63E8E3FDF777FE7863F6
:108EC000E4E37F4B1B6803F02003202B17D17C4B7E
:108ED0009B6803F40003002B05D0794B9B681B0EA5
:108EE00003F00F0306E0764BD3F8F4301B041B0E9F
:108EF00003F00F03734A52F823307B63C6E3002369
:108F00007B63C3E300237B63C0E3D7E90023A2F5BF
:108F100080010B4347D16A4BD3F8E03003F4404360
:108F20003B633B6B002B03D1FDF75CFF7863ADE344
:108F30003B6BB3F5804F03D1FDF738FE7863A5E3B3
:108F40005F4B1B6803F48063B3F5806F06D13B6B06
:108F5000B3F5004F02D15C4B7B6397E3584B1B6822
:108F600003F02003202B1BD13B6BB3F5404F17D1EF
:108F7000534B9B6803F40003002B05D0504B9B68B8
:108F80001B0E03F00F0306E04D4BD3F8F4301B0427
:108F90001B0E03F00F034B4A52F823307B6375E33B
:108FA00000237B6372E3D7E90023A2F500610B4342
:108FB00064D1434BD3F8E83003F440733B633B6B1D
:108FC000002B20D13E4B1B6803F02003202B17D130
:108FD0003B4B9B6803F40003002B05D0384B9B6888
:108FE0001B0E03F00F0306E0354BD3F8F4301B04DF
:108FF0001B0E03F00F03334A52F823307B6345E323
:1090000000237B6342E32E4BD3F8F03003F0006380
:10901000B3F1006F12D13B6BB3F5807F0ED1284BBB
:10902000D3F8F03003F08053B3F1805F02D1FA231C
:109030007B632BE34FF4FA437B6327E3204B1B68EE
:1090400003F48063B3F5806F06D13B6BB3F5007F0B
:1090500002D11D4B7B6319E3194BD3F8F03003F0B9
:109060000203022B07D13B6BB3F5407F03D14FF4D2
:1090700000437B630AE300237B6307E3D7E9002314
:10908000A2F500710B436BD10D4BD3F8E83003F41C
:1090900040633B633B6B002B27D1094B1B6803F0FC
:1090A0002003202B1ED1064B9B6803F40003002BEA
:1090B0000CD0034B9B681B0E03F00F030DE000BFA9
:1090C000000C0246ECE600080024F400944BD3F8B0
:1090D000F4301B041B0E03F00F03924A52F82330A6
:1090E0007B63D3E200237B63D0E28D4BD3F8F03077
:1090F00003F00063B3F1006F12D13B6BB3F5806FE7
:109100000ED1874BD3F8F03003F08053B3F1805F7A
:1091100002D1FA237B63B9E24FF4FA437B63B5E2F1
:109120007F4B1B6803F48063B3F5806F06D13B6B04
:10913000B3F5006F02D17C4B7B63A7E2784BD3F889
:10914000F03003F00203022B07D13B6BB3F5406F05
:1091500003D14FF400437B6398E200237B6395E2E5
:10916000D7E90023A2F580610B4347D16C4BD3F8BC
:10917000E03003F440233B633B6B002B03D1FDF74E
:1091800031FE786382E2664BD3F8F03003F000637F
:10919000B3F1006F12D13B6BB3F5802F0ED1604B52
:1091A000D3F8F03003F08053B3F1805F02D1FA239B
:1091B0007B636BE24FF4FA437B6367E2584B1B68B7
:1091C00003F48063B3F5806F06D13B6BB3F5002FDA
:1091D00002D1554B7B6359E2514BD3F8F03003F089
:1091E0000203022B07D13B6BB3F5402F03D14FF4A1
:1091F00000437B634AE200237B6347E2D7E9002315
:1092000002F178410B432DD1454BD3F8E03003F008
:1092100040733B63424B1B6803F40033B3F5003FDC
:1092200005D13B6B002B02D13F4B7B632EE23B6BA6
:10923000B3F1807F07D107F124031846FEF770FCD5
:10924000BB6A7B6322E23B6BB3F1007F07D107F17E
:1092500018031846FEF7BEFDBB697B6316E20023C8
:109260007B6313E2D7E90023A2F500010B435DD134
:109270002B4BD3F8E03003F440133B633B6BB3F567
:10928000401F28D03B6BB3F5401F45D83B6BB3F56F
:10929000001F13D03B6BB3F5001F3DD83B6B002B79
:1092A00004D03B6BB3F5801F04D035E0FDF7AEFD75
:1092B0007863EBE1FDF77AFC7863E7E1184B1B6814
:1092C00003F48063B3F5806F02D1174B7B63DDE15C
:1092D00000237B63DAE1124B1B6803F02003202B91
:1092E00017D10F4B9B6803F40003002B05D00C4BE8
:1092F0009B681B0E03F00F0306E0094BD3F8F43014
:109300001B041B0E03F00F03064A52F823307B6345
:10931000BCE100237B63B9E100237B63B6E100BFBE
:10932000000C0246ECE600080024F400D7E9002314
:1093300002F17F410B4356D1A54BD3F8E03003F443
:1093400040333B633B6BB3F5403F28D03B6BB3F5F9
:10935000403F45D83B6BB3F5003F13D03B6BB3F5B3
:10936000003F3DD83B6B002B04D03B6BB3F5803FF7
:1093700004D035E0FDF736FD786387E1FDF716FC94
:10938000786383E1924B1B6803F48063B3F5806FCD
:1093900002D1904B7B6379E100237B6376E18C4BB8
:1093A0001B6803F02003202B17D1894B9B6803F423
:1093B0000003002B05D0864B9B681B0E03F00F03A8
:1093C00006E0834BD3F8F4301B041B0E03F00F03AD
:1093D000814A52F823307B6358E100237B6355E1D7
:1093E00000237B6352E1D7E9002302F17E410B4366
:1093F00077D1774BD3F8E83003F018033B633B6B2E
:10940000182B6BD801A252F823F000BF719400080A
:10941000DD940008DD940008DD940008DD94000868
:10942000DD940008DD940008DD94000879940008BC
:10943000DD940008DD940008DD940008DD94000848
:10944000DD940008DD940008DD9400088194000894
:10945000DD940008DD940008DD940008DD94000828
:10946000DD940008DD940008DD9400089B9400085A
:10947000FDF7E0FC786309E1FDF798FB786305E10F
:10948000534B1B6803F48063B3F5806F02D1514BDB
:109490007B63FBE000237B63F8E04D4B1B6803F02C
:1094A0002003202B17D14A4B9B6803F40003002BA9
:1094B00005D0474B9B681B0E03F00F0306E0444B9F
:1094C000D3F8F4301B041B0E03F00F03424A52F88A
:1094D00023307B63DAE000237B63D7E000237B63E8
:1094E000D4E0D7E9002302F17C410B4355D1384B3E
:1094F000D3F8E43003F440133B633B6BB3F5401FF8
:1095000013D03B6BB3F5401F44D83B6BB3F5001F42
:1095100013D03B6BB3F5001F3CD83B6B002B14D032
:109520003B6BB3F5801F14D034E007F118031846E5
:10953000FEF750FCFB697B63A8E007F124031846A3
:10954000FEF7EEFABB6A7B63A0E0FDF72FFB7863C2
:109550009CE01F4B1B6803F02003202B17D11C4BF2
:109560009B6803F40003002B05D0194B9B681B0E6E
:1095700003F00F0306E0164BD3F8F4301B041B0E68
:1095800003F00F03144A52F823307B637EE000237C
:109590007B637BE000237B6378E0D7E9002302F163
:1095A00070410B4338D10A4BD3F8E83003F4004341
:1095B0003B63074BD3F8F03003F00203022B0DD1CD
:1095C0003B6B002B0AD14FF400437B635EE000BF8E
:1095D000000C02460024F400ECE600082E4BD3F801
:1095E000F03003F00063B3F1006F12D13B6BB3F5C1
:1095F000004F0ED1284BD3F8F03003F08053B3F175
:10960000805F02D1FA237B6340E04FF4FA437B632F
:109610003CE000237B6339E0D7E90023A2F5002179
:109620000B4331D11C4BD3F8E43003F440533B637C
:10963000194B1B6803F40053B3F5005F05D13B6B76
:10964000002B02D1154B7B6320E0134B1B6803F406
:109650000053B3F5005F06D13B6BB3F5805F02D1D9
:109660000F4B7B6312E00C4B1B6803F48063B3F574
:10967000806F06D13B6BB3F5005F02D1094B7B6372
:1096800004E000237B6301E000237B637B6B1846CF
:109690003837BD4680BD00BF000C0246006CDC02BE
:1096A00000366E010024F40080B584B000AF78600D
:1096B000474B1B68464A23F080631360F8F7A2F813
:1096C000F86008E0F8F79EF80246FB68D31A022B10
:1096D00001D9032377E03E4B1B6803F00063002BA6
:1096E000F0D13B4BDB6A23F4706323F003037A6809
:1096F00011687A685268013A12020A4334491343E6
:10970000CB62334BDA6B334B13407A689268013A81
:10971000C2F308017A68D268013A520292B2114348
:109720007A681269013A120402F4FE0211437A685F
:109730005269013A120602F0FE420A4324491343D9
:10974000CB63234BDB6A23F00C027B689B692049C7
:109750001343CB621E4BDA6A7B681B6A1C491343B6
:10976000CB621B4BDB6A1A4A23F01003D362184BFF
:109770001B6C23F47F4323F0F8037A68D269D2008C
:10978000134913430B64124BDB6A114A43F0100375
:10979000D3620F4B1B680E4A43F080631360F8F7E7
:1097A00031F8F86008E0F8F72DF80246FB68D31AA4
:1097B000022B01D9032306E0054B1B6803F000636D
:1097C000002BF0D0002318461037BD4680BD00BFE7
:1097D000000C02460000808080B584B000AF786045
:1097E000474B1B68464A23F080531360F8F70AF88A
:1097F000F86008E0F8F706F80246FB68D31A022B77
:1098000001D9032377E03E4B1B6803F00053002B84
:10981000F0D13B4B1B6B23F4706323F003037A6896
:1098200011687A685268013A12020A4334491343B4
:109830000B63334B5A6C334B13407A689268013A8E
:10984000C2F308017A68D268013A520292B2114317
:109850007A681269013A120402F4FE0211437A682E
:109860005269013A120602F0FE420A4324491343A8
:109870004B64234B1B6B23F00C027B689B692049D4
:1098800013430B631E4B1A6B7B681B6A1C49134303
:109890000B631B4B1B6B1A4A23F010031363184B0B
:1098A0009B6C23F47F4323F0F8037A68D269D200DB
:1098B000134913438B64124B1B6B114A43F0100383
:1098C00013630F4B1B680E4A43F080531360F7F786
:1098D00099FFF86008E0F7F795FF0246FB68D31A96
:1098E000022B01D9032306E0054B1B6803F000534C
:1098F000002BF0D0002318461037BD4680BD00BFB6
:10990000000C02460000808080B582B000AF786015
:109910007B68002B01D1012349E07B6893F83D303F
:10992000DBB2002B06D17B68002283F83C207868EC
:1099300000F041F87B68022283F83D207B681A68BA
:109940007B6804331946104600F058FA7B68012200
:1099500083F848207B68012283F83E207B6801223F
:1099600083F83F207B68012283F840207B68012236
:1099700083F841207B68012283F842207B68012222
:1099800083F843207B68012283F844207B6801220E
:1099900083F845207B68012283F846207B680122FA
:1099A00083F847207B68012283F83D200023184676
:1099B0000837BD4680BD80B483B000AF786000BF7B
:1099C0000C37BD465DF8047B7047000080B485B05D
:1099D00000AF78607B6893F83D30DBB2012B01D09B
:1099E000012372E07B68022283F83D207B681B68BC
:1099F000DA687B681B6842F00102DA607B681B68EA
:109A0000354A934240D07B681B68344A93423BD02E
:109A10007B681B68B3F1804F36D07B681B68B3F15D
:109A2000A04F31D07B681B682D4A93422CD07B68B5
:109A30001B682C4A934227D07B681B682A4A9342B2
:109A400022D07B681B68294A93421DD07B681B6823
:109A5000274A934218D07B681B68264A934213D04A
:109A60007B681B68244A93420ED07B681B68234A9C
:109A7000934209D07B681B68214A934204D07B68DB
:109A80001B68204A934215D17B681B689A681E4B5D
:109A90001340FB60FB68062B15D0FB68B3F5803FD5
:109AA00011D07B681B681A687B681B6842F0010252
:109AB0001A6008E07B681B681A687B681B6842F0C4
:109AC00001021A6000E000BF002318461437BD46AB
:109AD0005DF8047B704700BF002C0140002C015052
:109AE000000400400004005000080040000800503E
:109AF000000C0040000C00500034014000340150C4
:109B000000400140004001500700010080B584B0D2
:109B100000AF78607B681B68DB68FB607B681B6854
:109B20001B69BB60BB6803F00203002B20D0FB68FD
:109B300003F00203002B1BD07B681B686FF002024E
:109B40001A617B6801221A777B681B689B6903F0A6
:109B50000303002B03D0786800F031F905E0786842
:109B600000F023F9786800F034F97B6800221A7756
:109B7000BB6803F00403002B20D0FB6803F0040350
:109B8000002B1BD07B681B686FF004021A617B6896
:109B900002221A777B681B689B6903F44073002BD1
:109BA00003D0786800F00BF905E0786800F0FDF864
:109BB000786800F00EF97B6800221A77BB6803F022
:109BC0000803002B20D0FB6803F00803002B1BD0F8
:109BD0007B681B686FF008021A617B6804221A77A1
:109BE0007B681B68DB6903F00303002B03D07868F4
:109BF00000F0E5F805E0786800F0D7F8786800F044
:109C0000E8F87B6800221A77BB6803F01003002B8A
:109C100020D0FB6803F01003002B1BD07B681B686F
:109C20006FF010021A617B6808221A777B681B6844
:109C3000DB6903F44073002B03D0786800F0BFF8B1
:109C400005E0786800F0B1F8786800F0C2F87B6849
:109C500000221A77BB6803F00103002B0CD0FB68CD
:109C600003F00103002B07D07B681B686FF0010233
:109C70001A617868F7F7A8F9BB6803F08003002B36
:109C800004D1BB6803F40053002B0CD0FB6803F035
:109C90008003002B07D07B681B686FF402521A61A7
:109CA000786800F0BBF9BB6803F48073002B0CD01C
:109CB000FB6803F08003002B07D07B681B686FF400
:109CC00080721A61786800F0B3F9BB6803F0400352
:109CD000002B0CD0FB6803F04003002B07D07B68FF
:109CE0001B686FF040021A61786800F07CF8BB686E
:109CF00003F02003002B0CD0FB6803F02003002BA3
:109D000007D07B681B686FF020021A61786800F04A
:109D10007BF9BB6803F48013002B0CD0FB6803F4C1
:109D20008013002B07D07B681B686FF480121A61C8
:109D3000786800F087F9BB6803F40013002B0CD09F
:109D4000FB6803F40013002B07D07B681B686FF4DB
:109D500000121A61786800F07FF9BB6803F4800391
:109D6000002B0CD0FB6803F48003002B07D07B682A
:109D70001B686FF480021A61786800F077F9BB689D
:109D800003F40003002B0CD0FB6803F40003002B4A
:109D900007D07B681B686FF400021A61786800F0D6
:109DA0006FF900BF1037BD4680BD80B483B000AFEF
:109DB000786000BF0C37BD465DF8047B704780B407
:109DC00083B000AF786000BF0C37BD465DF8047B00
:109DD000704780B483B000AF786000BF0C37BD46D9
:109DE0005DF8047B704780B483B000AF786000BF3B
:109DF0000C37BD465DF8047B7047000080B485B029
:109E000000AF786039607B681B68FB607B686E4AD6
:109E100093422BD07B686D4A934227D07B68B3F185
:109E2000804F23D07B68B3F1A04F1FD07B68684A76
:109E300093421BD07B68674A934217D07B68664A7F
:109E4000934213D07B68654A93420FD07B68644A83
:109E500093420BD07B68634A934207D07B68624A87
:109E6000934203D07B68614A934208D1FB6823F098
:109E70007003FB603B685B68FA681343FB607B68B8
:109E8000514A934243D07B68504A93423FD07B680B
:109E9000B3F1804F3BD07B68B3F1A04F37D07B68E4
:109EA0004B4A934233D07B684A4A93422FD07B6817
:109EB000494A93422BD07B68484A934227D07B681B
:109EC000474A934223D07B68464A93421FD07B681F
:109ED000454A93421BD07B68444A934217D07B6823
:109EE000434A934213D07B68424A93420FD07B6827
:109EF000414A93420BD07B68404A934207D07B682B
:109F00003F4A934203D07B683E4A934208D1FB68A4
:109F100023F44073FB603B68DB68FA681343FB6023
:109F2000FB6823F080023B685B691343FB607B683E
:109F3000FA681A603B689A687B68DA623B681A685C
:109F40007B689A627B68204A934223D07B681F4AD1
:109F500093421FD07B68244A93421BD07B68234ADC
:109F6000934217D07B68224A934213D07B68214AE0
:109F700093420FD07B68204A93420BD07B681F4AE4
:109F8000934207D07B681E4A934203D07B681D4AE8
:109F9000934203D13B681A697B681A637B6801228C
:109FA0005A617B681B6903F00103012B05D17B68B3
:109FB0001B6923F001027B681A6100BF1437BD469C
:109FC0005DF8047B704700BF002C0140002C01505D
:109FD0000004004000040050000800400008005049
:109FE000000C0040000C00500034014000340150CF
:109FF0000040014000400150004401400044015035
:10A00000004801400048015080B483B000AF786040
:10A0100000BF0C37BD465DF8047B704780B483B049
:10A0200000AF786000BF0C37BD465DF8047B704719
:10A0300080B483B000AF786000BF0C37BD465DF8D8
:10A04000047B704780B483B000AF786000BF0C37EA
:10A05000BD465DF8047B704780B483B000AF786084
:10A0600000BF0C37BD465DF8047B704780B483B0F9
:10A0700000AF786000BF0C37BD465DF8047B7047C9
:10A0800080B483B000AF786000BF0C37BD465DF888
:10A09000047B704780B582B000AF78607B68002B8E
:10A0A00001D1012342E07B68D3F88830002B06D130
:10A0B0007B68002283F884207868F7F707FA7B68CA
:10A0C0002422C3F888207B681B681A687B681B6899
:10A0D00022F001021A607B689B6A002B02D078682C
:10A0E00000F0CAF9786800F025F80346012B01D189
:10A0F00001231BE07B681B685A687B681B6822F49D
:10A1000090425A607B681B689A687B681B6822F0E3
:10A110002A029A607B681B681A687B681B6842F099
:10A1200001021A60786800F049FA034618460837B9
:10A13000BD4680BD2DE9B04F94B000AFF86200235A
:10A1400087F84730FB6A1A687E4B9A42FB6A9A6826
:10A15000FB6A1B691A43FB6A5B691A43FB6ADB698A
:10A160001343FB64FB6A1B681B6877491940FB6A51
:10A170001A68FB6C0B431360FB6A1B685B6823F473
:10A180004050FB6AD968FB6A1A6840EA01035360D1
:10A19000FB6A9B69FB64FB6A1A686A4B9A4209D0A6
:10A1A000FB6A1A68694B9A4204D0FB6A1A6AFB6C14
:10A1B0001343FB64FB6A1B689B6823F06E4121F428
:10A1C0003061FB6A1A68FB6C0B439360FB6A1B6887
:10A1D000DB6A23F00F00FB6A596AFB6A1A6840EADF
:10A1E0000103D362FB6A1A68594B9A4202D10123D8
:10A1F000BB6429E0FB6A1A68564B9A4202D10223DB
:10A20000BB6421E0FB6A1A68534B9A4202D10423D3
:10A21000BB6419E0FB6A1A68504B9A4202D10823CA
:10A22000BB6411E0FB6A1A684D4B9A4202D11023BD
:10A23000BB6409E0FB6A1A68424B9A4202D12023B0
:10A24000BB6401E00023BB64FB6A1A683D4B9A4281
:10A2500005D0FB6A1A683D4B9A4240F08580BB6C82
:10A2600000223B627A62D7E90801FEF767F838649A
:10A270003B6C002B00F0E880FB6A5B6A394A32F8DD
:10A2800013301A463B6CB3FBF2F37B63FB6A5A68EC
:10A2900013465B0013447A6B9A4205D3FB6A5B68F2
:10A2A0001B037A6B9A4203D9012387F8473048E0B1
:10A2B0003B6C0022BB61FA61FB6A5B6A294A32F897
:10A2C00013309BB200223B617A61D7E90423D7E9BE
:10A2D0000601F5F7D5FF02460B46104619464FF02A
:10A2E00000024FF000030B0243EA10630202F96A16
:10A2F0004968490800200C46054612EB040843EB68
:10A300000509FB6A5B680022BB60FA60D7E902239B
:10A3100040464946F5F7B4FF02460B461346FB6339
:10A32000FB6BB3F5407F08D3FB6BB3F5801F04D202
:10A33000FB6A1B68FA6BDA6003E0012387F8473099
:10A3400082E081E000240046F369FFCF002400563C
:10A35000003801400044004000480040004C0040EC
:10A3600000500040ACE70008FB6ADB69B3F5004F22
:10A370003CD1BB6C00223B607A60D7E90001FDF75D
:10A38000DDFF38643B6C002B5ED0FB6A5B6A394AA8
:10A3900032F813301A463B6CB3FBF2F35A00FB6AF7
:10A3A0005B685B081A44FB6A5B68B2FBF3F3FB6310
:10A3B000FB6B0F2B16D9FB6BB3F5803F12D2FB6BF7
:10A3C0009BB223F00F037B87FB6B5B089BB203F010
:10A3D00007039AB27B8F13437B87FB6A1B687A8FD4
:10A3E000DA6031E0012387F847302DE0BB6C0022B2
:10A3F0009A46934650465946FDF7A0FF38643B6C99
:10A40000002B21D0FB6A5B6A1A4A32F813301A46D5
:10A410003B6CB3FBF2F2FB6A5B685B081A44FB6AB5
:10A420005B68B2FBF3F3FB63FB6B0F2B09D9FB6B90
:10A43000B3F5803F05D2FB6B9AB2FB6A1B68DA600A
:10A4400002E0012387F84730FB6A0122A3F86A2063
:10A45000FB6A0122A3F86820FB6A00225A67FB6AA4
:10A4600000229A6797F8473018465037BD46BDE836
:10A47000B08F00BFACE7000880B483B000AF786055
:10A480007B689B6A03F00803002B0AD07B681B687B
:10A490005B6823F400417B689A6B7B681B680A4306
:10A4A0005A607B689B6A03F00103002B0AD07B682B
:10A4B0001B685B6823F400317B68DA6A7B681B6881
:10A4C0000A435A607B689B6A03F00203002B0AD0A0
:10A4D0007B681B685B6823F480317B681A6B7B6840
:10A4E0001B680A435A607B689B6A03F00403002BD5
:10A4F0000AD07B681B685B6823F480217B685A6BF9
:10A500007B681B680A435A607B689B6A03F01003F0
:10A51000002B0AD07B681B689B6823F480517B6802
:10A52000DA6B7B681B680A439A607B689B6A03F05E
:10A530002003002B0AD07B681B689B6823F4005122
:10A540007B681A6C7B681B680A439A607B689B6A0D
:10A5500003F04003002B1AD07B681B685B6823F470
:10A5600080117B685A6C7B681B680A435A607B6861
:10A570005B6CB3F5801F0AD17B681B685B6823F4B2
:10A58000C0017B689A6C7B681B680A435A607B68D1
:10A590009B6A03F08003002B0AD07B681B685B6812
:10A5A00023F400217B68DA6C7B681B680A435A60DD
:10A5B00000BF0C37BD465DF8047B704780B598B08E
:10A5C00002AF78607B680022C3F89020F7F71AF991
:10A5D00078657B681B681B6803F00803082B2FD184
:10A5E0006FF07E4300937B6D00224FF4001178687A
:10A5F00000F08EF80346002B22D07B681B68BB63FB
:10A60000BB6B53E8003F7B637B6B23F080033B65B0
:10A610007B681B681A463B6D7B643A64396C7A6CC4
:10A6200041E80023FB63FB6B002BE6D17B68202213
:10A63000C3F888207B68002283F88420032363E02A
:10A640007B681B681B6803F00403042B49D16FF07F
:10A650007E4300937B6D00224FF48001786800F008
:10A6600057F80346002B3CD07B681B687B627B6AF3
:10A6700053E8003F3B623B6A23F49073FB647B68C2
:10A680001B681A46FB6C3B63FA62F96A3A6B41E855
:10A690000023BB62BB6A002BE6D17B681B680833D2
:10A6A0003B613B6953E8003FFB60FB6823F001031B
:10A6B000BB647B681B680833BA6CFA61BB61B9691B
:10A6C000FA6941E800237B617B69002BE5D17B6857
:10A6D0002022C3F88C207B68002283F88420032387
:10A6E00012E07B682022C3F888207B682022C3F810
:10A6F0008C207B680022DA667B6800221A677B6800
:10A70000002283F88420002318465837BD4680BDB8
:10A7100080B584B000AFF860B9603B601346FB7150
:10A720004FE0BB69B3F1FF3F4BD0F7F76BF8024640
:10A730003B68D31ABA699A4202D3BB69002B01D194
:10A7400003234EE0FB681B681B6803F00403002B27
:10A7500037D0BB68802B34D0BB68402B31D0FB682E
:10A760001B68DB6903F00803082B10D1FB681B682A
:10A7700008221A62F86800F038F8FB680822C3F86B
:10A780009020FB68002283F88420012329E0FB68E5
:10A790001B68DB6903F40063B3F5006F11D1FB683C
:10A7A0001B684FF400621A62F86800F01EF8FB683C
:10A7B0002022C3F89020FB68002283F88420032322
:10A7C0000FE0FB681B68DA69BB681340BA689A42FD
:10A7D0000CBF01230023DBB21A46FB799A42A0D0BA
:10A7E000002318461037BD4680BD80B495B000AF39
:10A7F00078607B681B687B637B6B53E8003F3B633F
:10A800003B6B23F49073FB647B681B681A46FB6CFC
:10A810003B64FA63F96B3A6C41E80023BB63BB6BA2
:10A82000002BE6D17B681B6808333B623B6A53E828
:10A83000003FFB61FB6923F0805323F00103BB64FD
:10A840007B681B680833BA6CFA62BB62B96AFA6A41
:10A8500041E800237B627B6A002BE3D17B68DB6EDF
:10A86000012B18D17B681B68FB60FB6853E8003F35
:10A87000BB60BB6823F010037B647B681B681A46CF
:10A880007B6CBB617A617969BA6941E800233B61FD
:10A890003B69002BE6D17B682022C3F88C207B68C3
:10A8A0000022DA667B6800225A6700BF5437BD4633
:10A8B0005DF8047B704780B485B000AF78607B683A
:10A8C00093F88430012B01D1022327E07B68012219
:10A8D00083F884207B682422C3F888207B681B6867
:10A8E0001B68FB607B681B681A687B681B6822F02A
:10A8F00001021A60FB6823F00053FB607B680022B2
:10A900005A667B681B68FA681A607B682022C3F865
:10A9100088207B68002283F884200023184614379F
:10A92000BD465DF8047B704780B584B000AF7860A9
:10A9300039607B6893F88430012B01D102232DE02C
:10A940007B68012283F884207B682422C3F8882056
:10A950007B681B681B68FB607B681B681A687B68E8
:10A960001B6822F001021A607B681B689B6823F059
:10A9700060417B681B683A680A439A60786800F017
:10A980004FF87B681B68FA681A607B682022C3F85E
:10A9900088207B68002283F8842000231846103723
:10A9A000BD4680BD80B584B000AF786039607B68FB
:10A9B00093F88430012B01D102232DE07B68012222
:10A9C00083F884207B682422C3F888207B681B6876
:10A9D0001B68FB607B681B681A687B681B6822F039
:10A9E00001021A607B681B689B6823F060617B68CA
:10A9F0001B683A680A439A60786800F011F87B682F
:10AA00001B68FA681A607B682022C3F888207B687C
:10AA1000002283F88420002318461037BD4680BDED
:10AA200080B485B000AF78607B685B6E002B08D186
:10AA30007B680122A3F86A207B680122A3F86820C2
:10AA400031E00823FB730823BB737B681B689B689A
:10AA50005B0EDBB203F007037B737B681B689B68AC
:10AA60005B0FDBB203F007033B73BB7B3A7B1149FF
:10AA70008A5C02FB03F33A7B0F498A5C93FBF2F397
:10AA80009AB27B68A3F86A20FB7B7A7B09498A5CCF
:10AA900002FB03F37A7B08498A5C93FBF2F39AB2D8
:10AAA0007B68A3F8682000BF1437BD465DF8047BBF
:10AAB000704700BFC4E70008CCE7000880B48BB043
:10AAC00000AFF860B9607A60FB681A68BB687B61A8
:10AAD0007B6993FAA3F33B613B69BB61BB69002BC4
:10AAE00001D1202303E0BB69B3FA83F3DBB25B003F
:10AAF000032101FA03F3DB431A40BB683B623B6A64
:10AB000093FAA3F3FB61FB697B627B6A002B01D1A3
:10AB1000202303E07B6AB3FA83F3DBB25B0079683E
:10AB200001FA03F31A43FB681A6000BF2C37BD46D5
:10AB30005DF8047B704780B485B000AFF860B96001
:10AB40007A60FB685A68BB68DB431A40BB68796867
:10AB500001FB03F31A43FB685A6000BF1437BD467C
:10AB60005DF8047B704780B48BB000AFF860B960CB
:10AB70007A60FB689A68BB687B617B6993FAA3F390
:10AB80003B613B69BB61BB69002B01D1202303E022
:10AB9000BB69B3FA83F3DBB25B00032101FA03F371
:10ABA000DB431A40BB683B623B6A93FAA3F3FB6149
:10ABB000FB697B627B6A002B01D1202303E07B6A67
:10ABC000B3FA83F3DBB25B00796801FA03F31A434B
:10ABD000FB689A6000BF2C37BD465DF8047B704768
:10ABE00080B48BB000AFF860B9607A60FB68DA6857
:10ABF000BB687B617B6993FAA3F33B613B69BB61F3
:10AC0000BB69002B01D1202303E0BB69B3FA83F3B6
:10AC1000DBB25B00032101FA03F3DB431A40BB689C
:10AC20003B623B6A93FAA3F3FB61FB697B627B6A3D
:10AC3000002B01D1202303E07B6AB3FA83F3DBB25C
:10AC40005B00796801FA03F31A43FB68DA6000BF1E
:10AC50002C37BD465DF8047B704780B48BB000AFE5
:10AC6000F860B9607A60FB681A6ABB687B617B69CF
:10AC700093FAA3F33B613B69BB61BB69002B01D134
:10AC8000202303E0BB69B3FA83F3DBB29B000F21FF
:10AC900001FA03F3DB431A40BB683B623B6A93FA59
:10ACA000A3F3FB61FB697B627B6A002B01D120234C
:10ACB00003E07B6AB3FA83F3DBB29B00796801FAA5
:10ACC00003F31A43FB681A6200BF2C37BD465DF8D8
:10ACD000047B704780B48BB000AFF860B9607A60D5
:10ACE000FB685A6ABB681B0A7B617B6993FAA3F312
:10ACF0003B613B69BB61BB69002B01D1202303E0B1
:10AD0000BB69B3FA83F3DBB29B000F2101FA03F3B3
:10AD1000DB431A40BB681B0A3B623B6A93FAA3F30E
:10AD2000FB61FB697B627B6A002B01D1202303E07E
:10AD30007B6AB3FA83F3DBB29B00796801FA03F311
:10AD40001A43FB685A6200BF2C37BD465DF8047B8E
:10AD5000704780B58AB000AF786039603B681B6887
:10AD6000BB61BB6993FAA3F37B617B69FB61FB6900
:10AD7000002B01D1202303E0FB69B3FA83F3DBB29C
:10AD80007B6258E03B681A6801217B6A01FA03F391
:10AD900013403B623B6A002B4AD03B685B68012B47
:10ADA00003D03B685B68022B0ED13B689B681A4658
:10ADB000396A7868FFF7D7FE3B6819683B68DB683B
:10ADC0001A467868FFF7B7FE3B681B691A46396A6E
:10ADD0007868FFF705FF3B685B68022B21D13B6A6F
:10ADE000FB60FB6893FAA3F3BB60BB683B613B6904
:10ADF000002B01D1202303E03B69B3FA83F3DBB2DC
:10AE0000072B07D83B685B691A46396A7868FFF7F1
:10AE100024FF06E03B685B691A46396A7868FFF7E9
:10AE200059FF3B685B681A46396A7868FFF746FE47
:10AE30007B6A01337B623B681A687B6A22FA03F300
:10AE4000002B9FD1002318462837BD4680BD84B013
:10AE500080B584B000AF786007F11C0080E80E0078
:10AE60007B68DB6843F040027B68DA60786800F05A
:10AE700089FD0346FB7397F82530002B06D17B68CC
:10AE80009B6B43F480327B689A6305E07B689B6B25
:10AE900023F480327B689A63FB7B18461037BD46EB
:10AEA000BDE8804004B0704780B487B000AFF86060
:10AEB000B9601346FB71FB79022B65D1BB68414A2F
:10AEC000934206D9BB68404A934202D20F237B616A
:10AED00062E0BB683C4A934206D3BB683B4A93425C
:10AEE00002D20E237B6157E0BB68384A934206D3F7
:10AEF000BB68374A934202D20D237B614CE0BB68AA
:10AF0000334A934206D3BB68324A934202D80C2399
:10AF10007B6141E0BB682F4A934206D9BB682E4A49
:10AF2000934202D80B237B6136E0BB682A4A9342E6
:10AF300006D9BB68294A934202D80A237B612BE0D9
:10AF4000BB68264A934206D9BB68254A934202D27F
:10AF500009237B6120E0BB68214A934206D3BB688A
:10AF6000204A934202D808237B6115E0BB681D4A42
:10AF7000934206D9BB681C4A934202D207237B61E5
:10AF80000AE006237B6107E0FB79002B02D109234D
:10AF90007B6101E009237B61FB68DB6823F470526D
:10AFA000FB68DA60FB68DA687B699B0203F4705324
:10AFB0001A43FB68DA60002318461C37BD465DF86B
:10AFC000047B7047BFACD800C0E1E4000024F4006B
:10AFD000807306019F491A01FF2C31013FA44C01E7
:10AFE00000366E011FABA6010048E80180B483B0B3
:10AFF00000AF78607B689B6823F001027B689A60F1
:10B00000002318460C37BD465DF8047B704780B5B9
:10B0100084B000AF78600B46FB700023FB607B6858
:10B02000DB6823F0C0427B68DA60FB78012B15D126
:10B030007B68DB6843F000527B68DA600A20F6F731
:10B04000EDFBFB680A33FB60786800F00BFC0346FD
:10B05000012B1ED0FB68C72BF0D91AE0FB78002B20
:10B0600015D17B68DB6843F080427B68DA600A2098
:10B07000F6F7D4FBFB680A33FB60786800F0F2FB5C
:10B080000346002B05D0FB68C72BF0D901E0012354
:10B0900005E0FB68C82B01D1012300E0002318461E
:10B0A0001037BD4680BD000084B080B586B000AFCB
:10B0B000786007F1240080E80E000023FB757B68B0
:10B0C000FB6000233B6109E07A683B6940339B00E9
:10B0D000134400225A603B6901333B613B690E2BEC
:10B0E000F2D997F82E30002B1CD1FB6803F50063D2
:10B0F0005B68FA6802F5006243F0020353607B6804
:10B100009B6B23F400127B689A637B681B6843F097
:10B1100040027B681A607B681B6843F080027B6892
:10B120001A6005E07B689B6B43F400127B689A63AE
:10B13000FB6803F560631A460023136003217868F7
:10B1400000F05EF91021786800F0FAF80346002B51
:10B1500001D00123FB75786800F024F90346002B29
:10B1600001D00123FB75FB6803F500631A46002339
:10B170001361FB6803F500631A4600235361FB6803
:10B1800003F500631A460023D36100233B6143E0CB
:10B190003B695A01FB68134403F510631B6803F015
:10B1A0000043B3F1004F18D13B69002B0AD13B6932
:10B1B0005A01FB68134403F510631A464FF000630D
:10B1C000136013E03B695A01FB68134403F51063F5
:10B1D0001A464FF09043136008E03B695A01FB6840
:10B1E000134403F510631A46002313603B695A01A8
:10B1F000FB68134403F510631A46002313613B698F
:10B200005A01FB68134403F510631A464FF67F3367
:10B2100093603B6901333B6197F824301A463B69E0
:10B220009342B5D300233B6143E03B695A01FB687D
:10B23000134403F530631B6803F00043B3F1004F80
:10B2400018D13B69002B0AD13B695A01FB681344B2
:10B2500003F530631A464FF00063136013E03B6957
:10B260005A01FB68134403F530631A464FF09043CC
:10B27000136008E03B695A01FB68134403F530632F
:10B280001A46002313603B695A01FB68134403F517
:10B2900030631A46002313613B695A01FB6813446B
:10B2A00003F530631A464FF67F3393603B690133F1
:10B2B0003B6197F824301A463B699342B5D3FB684B
:10B2C00003F500631B69FA6802F5006223F48073DA
:10B2D00013617B6800229A617B686FF080425A613B
:10B2E00097F82630002B05D17B689B6943F010024C
:10B2F0007B689A617B689A69104B13437A68936103
:10B3000097F82A30002B05D07B689B6943F0080230
:10B310007B689A6197F82E30012B07D17B689B6977
:10B3200043F0804343F004037A689361FB7D184641
:10B330001837BD46BDE8804004B0704700383C80F7
:10B3400080B485B000AF786039600023FB60FB6893
:10B350000133FB60FB68B3F1706F01D903231BE07D
:10B360007B681B69002BF2DA0023FB603B689B01C2
:10B3700043F020027B681A61FB680133FB60FB68C5
:10B38000B3F1706F01D9032306E07B681B6903F0FA
:10B390002003202BF0D0002318461437BD465DF85B
:10B3A000047B704780B485B000AF78600023FB60F9
:10B3B000FB680133FB60FB68B3F1706F01D90323B5
:10B3C00018E07B681B69002BF2DA0023FB607B68C6
:10B3D00010221A61FB680133FB60FB68B3F1706FE8
:10B3E00001D9032306E07B681B6903F01003102BCF
:10B3F000F0D0002318461437BD465DF8047B704733
:10B4000080B485B000AF78600B46FB707B68FB6052
:10B41000FB6803F500631A68FB78F96801F50061C1
:10B4200013430B60002318461437BD465DF8047BB8
:10B43000704780B487B000AF78607B683B613B6940
:10B4400003F500639B6803F00603FB60FB68002BB9
:10B4500002D10023FB750AE0FB68022B02D0FB68D7
:10B46000062B02D10223FB7501E00F23FB75FB7D48
:10B4700018461C37BD465DF8047B704780B487B022
:10B4800000AF786039600023FB600023FB757B68A8
:10B490003B613B685B78012B4AD13B681B785A01C2
:10B4A0003B69134403F510631B6803F00043B3F1D9
:10B4B000004F40F086803B681B785A013B6913447B
:10B4C00003F510631B683A68127851013A690A441F
:10B4D00002F5106243F0006313603B681B785A0169
:10B4E0003B69134403F510631B683A6812785101F5
:10B4F0003A690A4402F5106243F080431360FB6826
:10B500000133FB60FB6842F21072934202D90123BF
:10B51000FB7556E03B681B785A013B69134403F501
:10B5200010631B6803F00043B3F1004FE7D048E01D
:10B530003B681B785A013B69134403F530631B6871
:10B5400003F00043B3F1004F3BD13B681B785A0135
:10B550003B69134403F530631B683A681278510164
:10B560003A690A4402F5306243F0006313603B68B5
:10B570001B785A013B69134403F530631B683A6832
:10B58000127851013A690A4402F5306243F080436F
:10B590001360FB680133FB60FB6842F21072934258
:10B5A00002D90123FB750CE03B681B785A013B690B
:10B5B000134403F530631B6803F00043B3F1004FFD
:10B5C000E7D0FB7D18461C37BD465DF8047B70470D
:10B5D00080B489B000AFF860B96011461A460B46D6
:10B5E000FB711346BB80FB687B61BB68FB6197F80E
:10B5F0002830002B23D1BB8803339B083B610023F9
:10B60000BB6118E0FB791A037B69134403F580538F
:10B610001A46FB691B681360FB690133FB61FB6918
:10B620000133FB61FB690133FB61FB690133FB61A2
:10B63000BB690133BB61BA693B699A42E2D300231B
:10B6400018462437BD465DF8047B704780B48BB044
:10B6500000AFF860B9601346FB80FB68BB61BB6854
:10B660007B62FB889B089BB27B61FB8803F0030332
:10B67000FB8300233B6214E0BB6903F580531A6827
:10B680007B6A1A607B6A01337B627B6A01337B626F
:10B690007B6A01337B627B6A01337B623B6A0133E5
:10B6A0003B623A6A7B699A42E6D3FB8B002B1ED041
:10B6B00000233B62BB6903F580531A4607F1100370
:10B6C00012681A603A693B6ADBB2DB0022FA03F3C4
:10B6D000DAB27B6A1A703B6A01333B627B6A0133E0
:10B6E0007B62FB8B013BFB83FB8B002BEAD17B6AEC
:10B6F00018462C37BD465DF8047B704780B485B092
:10B7000000AF78607B68FB60FB6803F560631B68D3
:10B71000FA6802F5606223F003031360FB6803F527
:10B7200000635B68FA6802F5006243F0020353604D
:10B73000002318461437BD465DF8047B704780B47B
:10B7400085B000AF78607B685B69FB607B689B6954
:10B75000FA681340FB60FB6818461437BD465DF875
:10B76000047B704780B485B000AF78607B68FB6075
:10B77000FB6803F500639B69BB60FB6803F500632E
:10B78000DB69BA681340BB60BB681B0C18461437F2
:10B79000BD465DF8047B704780B485B000AF78602B
:10B7A0007B68FB60FB6803F500639B69BB60FB681B
:10B7B00003F50063DB69BA681340BB60BB689BB2EA
:10B7C00018461437BD465DF8047B704780B485B0D9
:10B7D00000AF78600B46FB707B68FB60FB785A011A
:10B7E000FB68134403F530639B68BB60FB6803F59B
:10B7F00000635B69BA681340BB60BB6818461437C6
:10B80000BD465DF8047B704780B487B000AF7860B8
:10B810000B46FB707B687B617B6903F500631B69EA
:10B820003B617B6903F500635B6BFB60FB7803F0B6
:10B830000F03FA6822FA03F3DB01DBB23A69134320
:10B840003B61FB785A017B69134403F510639B68E5
:10B850003A691340BB60BB6818461C37BD465DF8AB
:10B86000047B704780B483B000AF78607B685B690D
:10B8700003F0010318460C37BD465DF8047B7047A2
:10B8800080B485B000AF78607B68FB60FB6803F52F
:10B8900010631B68FA6802F5106223F4FF6323F05B
:10B8A00007031360FB6803F500635B68FA6802F541
:10B8B000006243F480735360002318461437BD467A
:10B8C0005DF8047B7047000080B487B000AFF8607B
:10B8D0000B467A60FB72FB687B61FB683C33043388
:10B8E0001B683B613B69264A93420AD97B6903F591
:10B8F00030631B6803F00043B3F1004F01D1002314
:10B9000037E07B6903F530631A46002313617B69D6
:10B9100003F530631B697A6902F5306243F4002352
:10B9200013617B6903F530631B697A6902F5306244
:10B9300043F0180313617B6903F530631B697A696F
:10B9400002F5306243F0C0431361FB7A012B0FD143
:10B950007B6903F530631A467B6853617B6903F5A5
:10B9600030631B687A6902F5306243F0802313600C
:10B97000002318461C37BD465DF8047B704700BFA6
:10B980000A30544F80B485B000AF78600023FB606C
:10B99000FB680133FB60FB68B3F1706F01D90323CF
:10B9A0001BE07B681B69002BF2DA0023FB607B68DD
:10B9B0001B6943F001027B681A61FB680133FB607D
:10B9C000FB68B3F1706F01D9032306E07B681B6944
:10B9D00003F00103012BF0D0002318461437BD46B5
:10B9E0005DF8047B7047000080B483B000AF03466D
:10B9F0003960FB7197F90730002B0ADB3B68DAB23C
:10BA00000C4997F907301201D2B20B4483F8002396
:10BA10000AE03B68DAB20849FB7903F00F03043B04
:10BA20001201D2B20B441A7600BF0C37BD465DF846
:10BA3000047B704700E100E000ED00E080B500AF5E
:10BA4000054B1B6801F0A6FB0346012B01D001F05A
:10BA500051FF00BF80BD00BF10E000E080B500AF27
:10BA600000216FF00400FFF7BFFF00BF80BD80B56D
:10BA700086B000AF00237B61EFF30583FB60FB68BA
:10BA8000002B02D001237B6113E001F083FB3861BE
:10BA90003B69012B0DD0EFF31083BB60BB68002B1B
:10BAA00005D1EFF311837B607B68002B01D001236C
:10BAB0007B617B6918461837BD4680BD80B582B072
:10BAC00000AFFFF7D4FF0346002B03D06FF0050350
:10BAD0007B6012E001F05EFB38603B68012B09D10E
:10BAE000084B1B68002B05D1064B01221A6000236E
:10BAF0007B6002E04FF0FF337B607B6818460837BD
:10BB0000BD4680BDDC07002080B582B000AFFFF7E6
:10BB1000AEFF0346002B03D06FF005037B6016E0F9
:10BB200001F038FB38603B68012B0DD10A4B1B68D4
:10BB3000012B09D1FFF792FF074B02221A6000F098
:10BB4000F7FD00237B6002E04FF0FF337B607B68F2
:10BB500018460837BD4680BDDC07002080B58EB092
:10BB600004AFF860B9607A6000237B61FFF77FFF64
:10BB70000346002B7ED1FB68002B7BD080233B62E9
:10BB80001823FB6100237B624FF0FF33BB617B68AE
:10BB9000002B45D07B681B68002B02D07B681B689C
:10BBA0007B627B689B69002B02D07B689B69FB6191
:10BBB000FB69002B08D0FB69382B05D87B685B68D4
:10BBC00003F00103002B01D0002354E07B685B6984
:10BBD000002B03D07B685B699B083B627B689B689A
:10BBE000002B0ED07B68DB685B2B0AD97B681B6956
:10BBF000002B06D07B685B69002B02D00123BB6160
:10BC000010E07B689B68002B0CD17B68DB68002B05
:10BC100008D17B681B69002B04D10023BB6101E0C4
:10BC20000023BB61BB69012B10D17B681B697A685B
:10BC3000926802920193FB690093BB683A6A796A41
:10BC4000F86800F0A5FB03467B6113E0BB69002B9D
:10BC500010D13B6A9AB207F114030193FB69009378
:10BC6000BB68796AF86800F0E0FB0346012B01D05D
:10BC700000237B617B6918462837BD4680BD80B5AF
:10BC800084B000AF7860FFF7F2FE0346002B03D0CC
:10BC90006FF00503FB6007E00023FB607B68002B6F
:10BCA00002D0786800F01EFDFB6818461037BD46CC
:10BCB00080BD000080B485B000AFF860B9607A60E4
:10BCC000FB68074A1A60BB68064A1A607B688022D4
:10BCD0001A6000BF1437BD465DF8047B704700BF93
:10BCE000E00700203C08002080B485B000AFF86079
:10BCF000B9607A60FB68074A1A60BB68064A1A6036
:10BD00007B6880221A6000BF1437BD465DF8047B53
:10BD1000704700BF3C0A0020980A002080B483B01E
:10BD200000AF78607B6803F108027B685A607B682B
:10BD30004FF0FF329A607B6803F108027B68DA609B
:10BD40007B6803F108027B681A617B6800221A6035
:10BD500000BF0C37BD465DF8047B704780B483B0EC
:10BD600000AF78607B6800221A6100BF0C37BD46C7
:10BD70005DF8047B704780B485B000AF78603960AF
:10BD80003B681B68BB60BB68B3F1FF3F03D17B68B6
:10BD90001B69FB600CE07B680833FB6002E0FB681A
:10BDA0005B68FB60FB685B681B68BA689A42F6D206
:10BDB000FB685A683B685A603B685B683A689A60FF
:10BDC0003B68FA689A60FB683A685A603B687A6830
:10BDD0001A617B681B685A1C7B681A6000BF1437A5
:10BDE000BD465DF8047B704780B485B000AF7860D5
:10BDF0007B681B69FB607B685B687A6892689A6005
:10BE00007B689B687A6852685A60FB685B687A68EE
:10BE10009A4203D17B689A68FB685A607B6800226B
:10BE20001A61FB681B685A1EFB681A60FB681B6876
:10BE300018461437BD465DF8047B704780B584B062
:10BE400000AF786039600123FB607B68BB60BB6832
:10BE5000002B03D101F060FE00BFFDE7BB68002BA3
:10BE600057D0BB68DB6B002B53D0BB681A6CBB6828
:10BE7000DB6B0021A3FB0223002B00D001210B462A
:10BE8000002B46D101F00AFDBB681A68BB68DB6B6A
:10BE9000B968096C01FB03F31A44BB689A60BB687C
:10BEA00000229A63BB681A68BB685A60BB681A684C
:10BEB000BB68DB6B013BB968096C01FB03F31A44F7
:10BEC000BB68DA60BB68FF2283F84420BB68FF22AE
:10BED00083F845203B68002B0ED1BB681B69002B03
:10BEE00014D0BB681033184600F04AFF0346002BFD
:10BEF0000CD001F0C1FC09E0BB6810331846FFF715
:10BF00000DFFBB6824331846FFF708FF01F0D8FC8B
:10BF100001E00023FB60FB68002B03D101F0FCFD76
:10BF200000BFFDE7FB6818461037BD4680BD80B5F1
:10BF300088B002AFF860B9607A603B6000237B6133
:10BF40003B68002B03D101F0E7FD00BFFDE7FB6874
:10BF5000002B29D03B68002B26D07B68002B02D019
:10BF6000BB68002B20D07B68002B02D1BB68002B64
:10BF70001AD150233B613B69502B03D001F0CCFD1B
:10BF800000BFFDE73B693B687B617B69012283F869
:10BF9000462097F820207B69009313467A68B96899
:10BFA000F86800F00DF806E07B69002B03D101F082
:10BFB000B3FD00BFFDE77B6918461837BD4680BD5D
:10BFC00080B584B000AFF860B9607A60FB70BB6880
:10BFD000002B03D1BB69BA691A6002E0BB697A68B9
:10BFE0001A60BB69FA68DA63BB69BA681A6401212E
:10BFF000B869FFF723FFBB69FA7883F84C2000BFCC
:10C000001037BD4680BD80B58AB000AFF860B9601A
:10C010007A6000237B62FB683B623B6A002B03D1A2
:10C0200001F07AFD00BFFDE7BB68002B03D13B6A3E
:10C030001B6C002B01D1012300E00023002B03D156
:10C0400001F06AFD00BFFDE701F0A4F80346002BF4
:10C0500002D17B68002B01D1012300E00023002BDB
:10C0600003D101F059FD00BFFDE701F017FC3B6A69
:10C070009B6BFB61FB69002B19D0B968386A00F033
:10C080007EF8FB695A1E3B6A9A633B6A1B69002B68
:10C0900009D03B6A1033184600F072FE0346002BAD
:10C0A00001D001F0E9FB01F00BFC012363E07B68A8
:10C0B000002B03D101F004FC00235CE07B6A002B21
:10C0C00006D107F11403184600F028FF01237B6214
:10C0D00001F0F6FB00F088FB01F0E0FB3B6A93F80F
:10C0E00044305BB2B3F1FF3F03D13B6A002283F8D7
:10C0F00044203B6A93F845305BB2B3F1FF3F03D174
:10C100003B6A002283F8452001F0DAFB3A1D07F173
:10C1100014031146184600F017FF0346002B1DD1EB
:10C12000386A00F0A4F80346002B11D03B6A243390
:10C130007A681146184600F0C7FD386A00F045F8E5
:10C1400000F060FB0346002B8FD101F095FB8CE7DC
:10C15000386A00F03AF800F055FB86E7386A00F0DC
:10C1600034F800F04FFB386A00F081F80346002BEA
:10C170003FF47BAF002318462837BD4680BD80B50D
:10C1800082B000AF786039607B681B6C002B18D0E0
:10C190007B68DA687B681B6C1A447B68DA607B68B2
:10C1A000DA687B689B689A4203D37B681A687B686D
:10C1B000DA607B68D9687B681B6C1A46386801F0C6
:10C1C000E0FF00BF0837BD4680BD80B584B000AF3A
:10C1D000786001F063FB7B6893F84530FB7311E0F6
:10C1E0007B685B6A002B12D07B682433184600F012
:10C1F000C7FD0346002B01D000F0FEFEFB7B013B98
:10C20000DBB2FB7397F90F30002BE9DC00E000BFD5
:10C210007B68FF2283F8452001F052FB01F03EFBD2
:10C220007B6893F84430BB7311E07B681B69002B7B
:10C2300012D07B681033184600F0A2FD0346002B95
:10C2400001D000F0D9FEBB7B013BDBB2BB7397F999
:10C250000E30002BE9DC00E000BF7B68FF2283F892
:10C26000442001F02DFB00BF1037BD4680BD80B5D6
:10C2700084B000AF786001F011FB7B689B6B002BF2
:10C2800002D10123FB6001E00023FB6001F018FBF9
:10C29000FB6818461037BD4680BD000080B584B0ED
:10C2A00000AF786039600023BB607B68002B03D14E
:10C2B00001F032FC00BFFDE73B68002B24D00023D7
:10C2C000FB601EE0174AFB68DB0013445B687A687A
:10C2D0009A4205D1FB68DB00124A1344BB6013E0AD
:10C2E000BB68002B0AD10F4AFB6852F83330002B91
:10C2F00004D1FB68DB000B4A1344BB60FB680133CD
:10C30000FB60FB68072BDDD9BB68002B05D0BB6841
:10C310003A681A60BB687A685A6000BF1037BD4639
:10C3200080BD00BF980C002080B586B000AFF860DB
:10C33000B9607A60FB687B6101F0B0FA7B6993F8C1
:10C3400044305BB2B3F1FF3F03D17B69002283F835
:10C3500044207B6993F845305BB2B3F1FF3F03D1D2
:10C360007B69002283F8452001F0AAFA7B699B6B68
:10C37000002B06D17B6924337A68B968184600F02F
:10C38000C1FC7869FFF721FF00BF1837BD4680BDAB
:10C3900080B58CB004AFF860B9607A603B60FB6A2E
:10C3A000002B03D101F0B8FB00BFFDE73B6B002B76
:10C3B00003D101F0B1FB00BFFDE75C237B617B692A
:10C3C0005C2B03D001F0A8FB00BFFDE77B693B6B52
:10C3D000002B23D0FB6A002B20D03B6BFB615C223F
:10C3E0000021F86901F052FEFB69FA6A1A63FB69E1
:10C3F000022283F8592000230393FB69029307F17B
:10C4000018030193BB6A00933B687A68B968F868BF
:10C4100000F055F8F86900F0D5F801E00023BB61A1
:10C42000BB6918462037BD4680BD80B58CB004AFCF
:10C43000F860B9603B601346FB80FB889B001846A0
:10C4400001F0CAFB78617B69002B13D05C2001F0FE
:10C45000C3FBF861FB69002B08D05C220021F8695E
:10C4600001F014FEFB697A691A6305E0786901F04E
:10C4700005FC01E00023FB61FB69002B17D0FB6981
:10C48000002283F85920FA8800230393FB69029362
:10C49000FB6A0193BB6A00933B68B968F86800F0D7
:10C4A0000EF8F86900F08EF80123BB6102E04FF04E
:10C4B000FF33BB61BB6918462037BD4680BD80B5E0
:10C4C00086B000AFF860B9607A603B60BB6A186BF9
:10C4D0007B689B001A46A52101F0D8FDBB6A1A6B48
:10C4E0007B6803F18043013B9B0013443B613B6944
:10C4F00023F007033B613B6903F00703002B03D0E4
:10C5000001F00AFB00BFFDE7BB68002B1ED0002333
:10C510007B6112E0BA687B6913441978BA6A7B6957
:10C52000134434330A461A70BA687B6913441B7883
:10C53000002B06D07B6901337B617B690F2BE9D926
:10C5400000E000BFBB6A002283F843203B6A372B20
:10C5500003D901F0E1FA00BFFDE73B6A372B01D9AF
:10C5600037233B62BB6A3A6ADA62BB6A3A6ADA64C8
:10C57000BB6A04331846FFF7F1FBBB6A1833184651
:10C58000FFF7ECFBBB6ABA6A1A613B6AC3F1380277
:10C59000BB6A9A61BB6ABA6A5A62BB6A196B3B682A
:10C5A000FA68386901F0D8F90246BB6A1A607B6AFA
:10C5B000002B02D07B6ABA6A1A6000BF1837BD46EA
:10C5C00080BD000080B584B000AF786001F066F9EE
:10C5D0003E4B1B6801333D4A13603D4B1B68002BEB
:10C5E00009D13B4A7B681360384B1B68012B10D183
:10C5F00000F01EFD0DE0374B1B68002B09D1344BBA
:10C600001B68DA6A7B68DB6A9A4202D8304A7B6828
:10C610001360314B1B6801332F4A13602E4B1A688D
:10C620007B685A647B68DA6A2C4B1B689A4203D990
:10C630007B68DB6A294A13607B68DA6A28491346FB
:10C640009B0013449B000B4404331B68FB607B6816
:10C65000FA689A60FB689A687B68DA60FB689B6896
:10C660007A6804325A607B681A1DFB689A607B689E
:10C67000DA6A13469B0013449B00194A1A447B68EC
:10C680005A617B68DA6A164913469B0013449B0083
:10C690000B441B68591C124813469B0013449B0013
:10C6A0000344196001F00CF90A4B1B68002B08D0F9
:10C6B000074B1B68DA6A7B68DB6A9A4201D201F099
:10C6C000DBF800BF1037BD4680BD00BFAC110020B5
:10C6D000D80C0020B8110020C8110020B41100208F
:10C6E000DC0C002080B584B000AF78600023FB60D4
:10C6F0007B68002B10D00D4B1B68002B03D001F082
:10C700000BFA00BFFDE700F06FF80021786800F039
:10C710005FFD00F077F8F860FB68002B01D101F0B5
:10C72000ABF800BF1037BD4680BD00BFD41100205C
:10C7300080B588B004AF0023BB6000237B603A461D
:10C74000391D07F108031846FFF7B4FA39687B680A
:10C75000BA68029201930023009300230A461B4902
:10C760001B48FFF715FE03461A4A1360194B1B6856
:10C77000002B02D00123FB6001E00023FB60FB687B
:10C78000012B02D100F092FDF860FB68012B0ED165
:10C7900001F0C2F9104B4FF0FF321A600F4B01222B
:10C7A0001A600F4B00221A6001F060F907E0FB6885
:10C7B000B3F1FF3F03D101F0AFF900BFFDE7094B33
:10C7C0001B6800BF1037BD4680BD00BF74E600087F
:10C7D00011D00008D0110020CC110020B811002089
:10C7E000B01100202C00002080B400AF044B1B6867
:10C7F0000133034A136000BFBD465DF8047B7047F8
:10C80000D411002080B586B000AF00237B610023E7
:10C810003B616B4B1B68002B03D101F07DF900BF1E
:10C82000FDE701F03BF8664B1B68013B644A13606F
:10C83000634B1B68002B40F0BB80624B1B68002BD6
:10C8400000F0B6808BE0604BDB68DB687B617B6966
:10C850009B6ABB607B69DB697A69126A9A607B6953
:10C860001B6A7A69D2695A60BB685A687B69183357
:10C870009A4203D17B691A6ABB685A607B690022BD
:10C880009A62BB681B685A1EBB681A607B695B6949
:10C890007B607B699B687A69D2689A607B69DB6898
:10C8A0007A6992685A607B685A687B6904339A4255
:10C8B00003D17B69DA687B685A607B6900225A6120
:10C8C0007B681B685A1E7B681A607B69DA6A3F4B7B
:10C8D0001B689A4203D97B69DB6A3C4A13607B6917
:10C8E000DA6A3B4913469B0013449B000B44043314
:10C8F0001B683B607B693A689A603B689A687B6911
:10C90000DA603B689B687A6904325A607B691A1D59
:10C910003B689A607B69DA6A13469B0013449B006C
:10C920002B4A1A447B695A617B69DA6A28491346A3
:10C930009B0013449B000B441B68591C244813465E
:10C940009B0013449B00034419607B69DA6A214B06
:10C950001B68DB6A9A4202D31F4B01221A601A4BF2
:10C960001B68002B7FF46FAF7B69002B01D000F0B8
:10C97000F5FB1A4B1B68FB60FB68002B10D000F026
:10C980003FF80346002B02D0134B01221A60FB68CC
:10C99000013BFB60FB68002BF1D1104B00221A60B9
:10C9A0000D4B1B68002B03D001233B6100F064FF9B
:10C9B00000F086FF3B6918461837BD4680BD00BFB2
:10C9C000D4110020AC1100206C110020B411002003
:10C9D000DC0C0020D80C0020C0110020BC1100206D
:10C9E00080B483B000AF054B1B687B607B68184642
:10C9F0000C37BD465DF8047B704700BFB0110020C6
:10CA000080B588B000AF0023FB617A4B1B68002B18
:10CA100040F0E680784B1B680133BB61764ABB6906
:10CA20001360BB69002B19D1744B1B681B68002B6A
:10CA300003D001F071F800BFFDE7704B1B687B610C
:10CA40006F4B1B686D4A13606D4A7B6913606D4BB9
:10CA50001B6801336B4A136000F080FB6A4B1B6854
:10CA6000BA699A42C0F0A780644B1B681B68002B10
:10CA700004D1654B4FF0FF321A609CE05F4B1B689E
:10CA8000DB68DB683B613B695B68FB60BA69FB683C
:10CA90009A4203D25C4AFB6813608CE03B695B6995
:10CAA000BB603B699B683A69D2689A603B69DB6806
:10CAB0003A6992685A60BB685A683B6904339A4283
:10CAC00003D13B69DA68BB685A603B6900225A614E
:10CAD000BB681B685A1EBB681A603B699B6A002BC7
:10CAE0001ED03B699B6A7B603B69DB693A69126ACD
:10CAF0009A603B691B6A3A69D2695A607B685A68D6
:10CB00003B6918339A4203D13B691A6A7B685A60C1
:10CB10003B6900229A627B681B685A1E7B681A6018
:10CB20003B69DA6A394B1B689A4203D93B69DB6A75
:10CB3000364A13603B69DA6A354913469B00134451
:10CB40009B000B4404331B683B603B693A689A6066
:10CB50003B689A683B69DA603B689B683A690432D3
:10CB60005A603B691A1D3B689A603B69DA6A134652
:10CB70009B0013449B00264A1A443B695A613B6957
:10CB8000DA6A234913469B0013449B000B441B683D
:10CB9000591C1F4813469B0013449B000344196013
:10CBA0003B69DA6A1B4B1B68DB6A9A427FF65CAF13
:10CBB0000123FB6158E7174B1B68DA6A14491346D7
:10CBC0009B0013449B000B441B68012B01D90123DC
:10CBD000FB61114B1B68002B07D00123FB6104E0B4
:10CBE0000E4B1B6801330D4A1360FB691846203752
:10CBF000BD4680BDD4110020B0110020641100207A
:10CC000068110020C4110020CC110020B4110020B4
:10CC1000DC0C0020D80C0020C0110020BC1100202A
:10CC200080B582B000AF234B1B68002B03D0224B92
:10CC300001221A603AE0204B00221A601F4B1B6849
:10CC40007B6009E07B68002B03D100F065FF00BF2B
:10CC5000FDE77B68013B7B6019497A6813469B00BE
:10CC600013449B000B441B68002BEBD07A681346DF
:10CC70009B0013449B00124A13443B603B685B6873
:10CC80005A683B685A603B685A683B6808339A4266
:10CC900004D13B685B685A683B685A603B685B68D4
:10CCA000DB68084A1360054A7B68136000BF0837D9
:10CCB000BD4680BDD4110020C0110020B411002059
:10CCC000DC0C0020D80C002080B582B000AF78606A
:10CCD00039607B68002B03D100F01EFF00BFFDE729
:10CCE000074B1B68183319467868FFF744F8012191
:10CCF000386800F06DFA00BF0837BD4680BD00BF40
:10CD0000D80C002080B586B000AFF860B9607A60BA
:10CD1000FB68002B03D100F0FFFE00BFFDE7FB68BE
:10CD20005B687B61154B1B687A69DA61134B1B6882
:10CD30007A6992681A62114B1A687B699B6818328B
:10CD40005A600E4B1B6803F118027B699A600B4B0B
:10CD50001B68FA689A62FB681B685A1CFB681A60B9
:10CD60007B68002B02D04FF0FF33BB607968B86856
:10CD700000F02EFA00BF1837BD4680BDD80C002049
:10CD800080B588B000AF78607B68DB68DB68BB612A
:10CD9000BB69002B03D100F0BFFE00BFFDE7BB69FC
:10CDA0009B6A7B61BB69DB69BA69126A9A60BB697D
:10CDB0001B6ABA69D2695A607B695A68BB691833C1
:10CDC0009A4203D1BB691A6A7B695A60BB69002227
:10CDD0009A627B691B685A1E7B691A60494B1B6803
:10CDE000002B5FD1BB695B69FB60BB699B68BA695B
:10CDF000D2689A60BB69DB68BA6992685A60FB685E
:10CE00005A68BB6904339A4203D1BB69DA68FB688C
:10CE10005A60BB6900225A61FB681B685A1EFB6896
:10CE20001A60BB69DA6A384B1B689A4203D9BB693E
:10CE3000DB6A354A1360BB69DA6A344913469B00E2
:10CE400013449B000B4404331B68BB60BB69BA6886
:10CE50009A60BB689A68BB69DA60BB689B68BA690C
:10CE600004325A60BB691A1DBB689A60BB69DA6AF2
:10CE700013469B0013449B00244A1A44BB695A6121
:10CE8000BB69DA6A214913469B0013449B000B449B
:10CE90001B68591C1D4813469B0013449B00034408
:10CEA00019601BE01A4B5B683B61BB693A69DA6148
:10CEB0003B699A68BB691A623B699B68BA69183218
:10CEC0005A60BB6903F118023B699A60BB69104A5A
:10CED0009A620F4B1B6801330D4A1360BB69DA6A13
:10CEE0000C4B1B68DB6A9A4205D90123FB610A4B94
:10CEF00001221A6001E00023FB61FB69184620371C
:10CF0000BD4680BDD4110020B4110020DC0C0020EF
:10CF10006C110020D80C0020C011002080B483B018
:10CF200000AF7860064B1A687B681A60054B1A6878
:10CF30007B685A6000BF0C37BD465DF8047B7047C4
:10CF4000C4110020B011002080B586B000AF786019
:10CF500039607B68002B03D100F0DEFD00BFFDE7E8
:10CF60003B68002B03D100F0D7FD00BFFDE700F0C8
:10CF700095FC1F4B1B683B617B685B683A69D31A61
:10CF8000FB603B681B68B3F1FF3F02D100237B616C
:10CF900026E07B681A68174B1B689A420AD07B68A8
:10CFA0005B683A699A4205D301237B613B680022A2
:10CFB0001A6015E03B681B68FA689A420BD23B681E
:10CFC0001A68FB68D21A3B681A607868FFF7A6FFF8
:10CFD00000237B6104E03B6800221A6001237B612F
:10CFE00000F06EFC7B6918461837BD4680BD00BF57
:10CFF000B0110020C411002080B400AF034B012207
:10D000001A6000BFBD465DF8047B7047C011002068
:10D0100080B582B000AF786000F04AF8034B1B681F
:10D02000012BF9D900F028FCF6E700BFDC0C00204A
:10D0300080B582B000AF00237B600CE07A681346B5
:10D040009B0013449B00124A13441846FEF766FEE9
:10D050007B6801337B607B68372BEFD90D48FEF787
:10D060005DFE0D48FEF75AFE0C48FEF757FE0C48D1
:10D07000FEF754FE0B48FEF751FE0B4B054A1A60B3
:10D080000A4B054A1A6000BF0837BD4680BD00BF85
:10D09000DC0C00203C110020501100206C110020FD
:10D0A00080110020981100206411002068110020D8
:10D0B00080B582B000AF19E000F0F0FB104BDB68E8
:10D0C000DB687B607B6804331846FEF78DFE0D4BF2
:10D0D0001B68013B0B4A13600B4B1B68013B0A4A60
:10D0E000136000F0EDFB786800F010F8064B1B6849
:10D0F000002BE1D100BF00BF0837BD4680BD00BF97
:10D1000080110020AC1100209411002080B582B065
:10D1100000AF78607B6893F85930002B08D17B68AA
:10D120001B6B184600F0AAFD786800F0A7FD11E01F
:10D130007B6893F85930012B03D1786800F09EFD8D
:10D1400008E07B6893F85930022B03D000F0E4FC30
:10D1500000BFFDE700BF0837BD4680BD80B400AF0B
:10D160000A4B1B681B68002B04D1094B4FF0FF32A0
:10D170001A6005E0054B1B68DB681B68044A1360F6
:10D1800000BFBD465DF8047B704700BF64110020FE
:10D19000CC11002080B483B000AF0B4B1B68002B78
:10D1A00002D101237B6008E0084B1B68002B02D1F1
:10D1B00002237B6001E000237B607B6818460C370C
:10D1C000BD465DF8047B7047B8110020D4110020E3
:10D1D00080B586B000AF786039602E4B1B687B61EC
:10D1E0002D4B1B6804331846FEF7FEFD7B68B3F138
:10D1F000FF3F24D13B68002B21D0284B5B683B616B
:10D20000254B1B683A699A60234B1B683A69926800
:10D21000DA60214B1A683B699B6804325A601E4BE6
:10D220001B681A1D3B699A601B4B1B681B4A5A619D
:10D230001A4B1B680133194A136000BF26E07A6954
:10D240007B681344FB60144B1B68FA685A60FA68E9
:10D250007B699A4209D2124B1A680F4B1B68043340
:10D2600019461046FEF787FD10E00E4B1A680A4B70
:10D270001B68043319461046FEF77DFD0A4B1B68F8
:10D28000FA689A4202D2084AFB68136000BF183756
:10D29000BD4680BDB0110020D80C002098110020A0
:10D2A0006811002064110020CC11002080B588B0E6
:10D2B00004AF0023FB6000F05FFA184B1B68002BE3
:10D2C00020D00023BB6000237B603A46391D07F164
:10D2D00008031846FEF708FD39687B68BA680292B1
:10D2E00001930223009300230A460D490D48FFF7DE
:10D2F0004FF803460C4A13600B4B1B68002B01D000
:10D300000123FB60FB68002B03D100F005FC00BF8C
:10D31000FDE7FB6818461037BD4680BD08120020A7
:10D320007CE60008D1D300080C12002080B584B040
:10D3300000AFF860B9607A6008E0FB689B69BA6882
:10D340001344BB60FB681B6AF8689847FB689A69DE
:10D35000BB68D118BB687A68F86800F0D7F8034654
:10D36000002BEAD100BF00BF1037BD4680BD0000D2
:10D3700080B584B000AF78603960144B1B68DB68FF
:10D38000DB68FB60FB6804331846FEF72DFDFB6885
:10D3900093F8283003F00403002B05D03A6879682D
:10D3A000F868FFF7C3FF08E0FB6893F8283023F024
:10D3B0000103DAB2FB6883F82820FB681B6AF8686F
:10D3C000984700BF1037BD4680BD00BF0012002047
:10D3D00080B584B000AF786007F10803184600F00C
:10D3E00051F8F860BB681946F86800F005F800F0DD
:10D3F000CFF800BFF0E7000080B584B000AF7860E0
:10D400003960FFF7F1F907F10803184600F05EF8FC
:10D41000F860BB68002B2AD13B68002B0AD17A68E0
:10D42000FB689A4206D8FFF7EDF9F9687868FFF7CC
:10D430009FFF1EE03B68002B08D0104B1B681B6849
:10D44000002B01D1012300E000233B600C4B186846
:10D450007A68FB68D31A3A681946FEF765FFFFF74A
:10D46000D1F90346002B04D100F006FA01E0FFF7E2
:10D47000C9F900BF1037BD4680BD00BF04120020AF
:10D480000812002080B485B000AF78600E4B1B6896
:10D490001B68002B01D1012200E000227B681A608A
:10D4A0007B681B68002B05D1074B1B68DB681B687A
:10D4B000FB6001E00023FB60FB6818461437BD46A3
:10D4C0005DF8047B704700BF0012002080B584B077
:10D4D00000AF7860FFF784FAF8600B4B1B68FA68BE
:10D4E0009A4205D200F022F97B6801221A6002E01C
:10D4F0007B6800221A60044AFB681360FB681846C8
:10D500001037BD4680BD00BF1012002080B586B028
:10D5100000AFF860B9607A603B6000237B61FB6814
:10D52000BA685A60FB68FA681A61BA687B689A42FE
:10D5300012D87A683B68D21AFB689B699A4202D378
:10D5400001237B611BE0104B1A68FB68043319460A
:10D550001046FEF710FC12E07A683B689A4206D249
:10D56000BA683B689A4202D301237B6107E0074B0C
:10D570001A68FB68043319461046FEF7FCFB7B690A
:10D5800018461837BD4680BD041200200012002046
:10D5900080B588B000AFB7E07B68002B11DA3B1D87
:10D5A0000433FB61FB69002B03D100F0B5FA00BF27
:10D5B000FDE7FB691B68FA695068FA6992681146D1
:10D5C00098477B68002BC0F29F80FB68BB61BB69FA
:10D5D0005B69002B04D0BB6904331846FEF704FCDA
:10D5E0003B461846FFF772FF78617B68013B082BCA
:10D5F00000F2878001A252F823F000BF21D6000874
:10D6000021D6000889D600089DD60008D9D6000882
:10D6100021D6000821D6000889D600089DD600082A
:10D62000BB6993F8283043F00103DAB2BB6983F891
:10D630002820BA68BB699B69D118BB687A69B86948
:10D64000FFF764FF0346002B5DD0BB6993F82830D9
:10D6500003F00403002B09D0BA68BB699B6913442B
:10D660007A691946B869FFF761FE08E0BB6993F86B
:10D67000283023F00103DAB2BB6983F82820BB69A4
:10D680001B6AB86998473EE0BB6993F8283023F0DD
:10D690000103DAB2BB6983F8282035E0BB6993F84F
:10D6A000283043F00103DAB2BB6983F82820BA6856
:10D6B000BB699A61BB699B69002B03D100F02CFA0E
:10D6C00000BFFDE7BB699A697B69D1187B697A69FC
:10D6D000B869FFF71BFF17E0BB6993F8283003F028
:10D6E0000203002B03D1B86900F0C8FA0CE0BB6953
:10D6F00093F8283023F00103DAB2BB6983F82820BD
:10D7000002E000BF00E000BF074B1B68391D00228C
:10D710001846FEF778FC0346002B7FF43DAF00BFB0
:10D7200000BF2037BD4680BD0812002080B582B002
:10D7300000AF09E00E4B1B68DB681B683B604FF0D5
:10D74000FF313868FFF714FE094B1B681B68002B7C
:10D75000F0D1074B1B687B60064B1B68044A1360C3
:10D76000044A7B68136000BF0837BD4680BD00BF18
:10D77000001200200412002080B582B002AF00F039
:10D780008DF8154B1B68002B20D11448FEF7C6FA04
:10D790001348FEF7C3FA134B104A1A60124B104A93
:10D7A0001A6000230093114B114A10210A20FEF742
:10D7B000BEFB0346084A1360074B1B68002B05D0CD
:10D7C000054B1B680B491846FEF768FD00F078F81A
:10D7D00000BFBD4680BD00BF08120020D811002048
:10D7E000EC1100200012002004120020B4120020CE
:10D7F0001412002084E6000880B400AF0B4B002216
:10D800001A600B4B00221A600A4B1B680A4AA2FBE3
:10D8100003239B09094A013B1360044B07221A604A
:10D8200000BFBD465DF8047B704700BF10E000E01C
:10D8300018E000E004000020D34D621014E000E086
:10D8400080B582B000AF00237B600A4B1B68B3F148
:10D85000FF3F03D000F060F900BFFDE700F05CF986
:10D8600000BF7B68002BFCD000BF00BF0837BD465F
:10D8700080BD00BF3000002080B400AF064B4FF0E9
:10D8800080521A60BFF34F8FBFF36F8F00BFBD464A
:10D890005DF8047B704700BF04ED00E080B500AF89
:10D8A00000F03AF9054B1B680133044A1360BFF3DB
:10D8B0004F8FBFF36F8F00BF80BD00BF30000020CF
:10D8C00080B500AF0A4B1B68002B03D100F024F990
:10D8D00000BFFDE7064B1B68013B054A1360044B84
:10D8E0001B68002B02D1002000F023F900BF80BD8F
:10D8F0003000002080B582B000AF00F00DF97860F4
:10D90000FFF77EF80346002B03D0054B4FF0805203
:10D910001A60786800F00DF900BF0837BD4680BD79
:10D9200004ED00E080B584B000AF78607B689B694F
:10D93000FB60FB68023B1B78FB72FB7A022B02D177
:10D9400000F0B6F803E000F0E7F800BFFDE700BF25
:10D950001037BD4680BD000080B485B000AFF860D0
:10D96000B9607A603B60FB68043BFB60FB684FF08A
:10D9700080721A60FB68043BFB607A68FB681A607F
:10D98000FB68043BFB60384AFB681A60FB68043B99
:10D99000FB60FB684FF012321A60FB68043BFB60CF
:10D9A000FB684FF003321A60FB68043BFB60FB68C6
:10D9B0004FF002321A60FB68043BFB60FB684FF0DB
:10D9C00001321A60FB68043BFB603A68FB681A602E
:10D9D000FB68043BFB60FB684FF011321A60FB6888
:10D9E000043BFB60FB684FF010321A60FB68043B9D
:10D9F000FB60FB684FF009321A60FB68043BFB6078
:10DA0000FB684FF008321A60FB68043BFB60FB6860
:10DA10004FF007321A60FB68043BFB60FB684FF075
:10DA200006321A60FB68043BFB60FB684FF005326E
:10DA30001A60FB68043BFB60FB684FF004321A601D
:10DA4000FB68043BFB60FB686FF043021A60FB68F5
:10DA5000043BFB60BA68FB681A60FB681846143721
:10DA6000BD465DF8047B704741D8000880B500AF23
:10DA70000C4B1B680B4A43F47F031360094B1B6874
:10DA8000084A43F07F431360FFF7B6FE064B0022BF
:10DA90001A6000F02DF8FFF7C3F8FFF7D1FE00235E
:10DAA000184680BD20ED00E030000020000000009E
:10DAB0000B4A1168086806C881F30B88022181F3BC
:10DAC0001488203080F30988BFF36F8F4FF0000077
:10DAD00080F31188104700BFAFF30080AFF30080E0
:10DAE000D80C002000BF00BF0000000000000000B4
:10DAF00007480068006880F3088862B661B6BFF323
:10DB00004F8FBFF36F8F02DF00BF00BFAFF3008006
:10DB100008ED00E000BF00BFEFF311804FF05001AF
:10DB200081F31188BFF34F8FBFF36F8F704700BF32
:10DB3000184680F31188BFF34F8FBFF36F8F704784
:10DB400000BF000000000000000000000000000016
:10DB5000EFF30980EFF30B82734620E9FC0F104AC4
:10DB6000116808604FF0500080F31188BFF34F8FA9
:10DB7000BFF36F8FFFF754F84FF0000080F3118868
:10DB8000074A11680868B0E8FC0F82F30B8880F33D
:10DB900009881847AFF30080AFF30080AFF300802F
:10DBA000D80C002000BF00BF0000000000000000F3
:10DBB0001EF0040F0CBFEFF30880EFF30980044957
:10DBC000084700BFAFF30080AFF30080AFF30080E1
:10DBD00025D9000800BF00BF80B584B000AF7860D1
:10DBE0000023FB607B6803F00703002B0ED07B68EB
:10DBF00023F0070308337A689A4205D27B6823F042
:10DC0000070308337B6001E000237B60FEF7ECFD37
:10DC1000174B1B68002B05D1164B23F007031A4640
:10DC2000134B1A607B68002B1BD0134B1A687B6860
:10DC3000134441F6F772934213D80F4B1A687B686E
:10DC40001A440D4B1B689A420BD9094B1A680A4BB0
:10DC50001B681344FB60084B1A687B681344064A30
:10DC60001360FEF7CFFDFB6818461037BD4680BD38
:10DC7000083300200B1300200433002080B582B04D
:10DC800000AF78607B68002B03D0FFF745FF00BF33
:10DC9000FDE700BF0837BD4680BD0000002310B57A
:10DCA00004468360818119464366C28108228361EC
:10DCB000C0E90033C0E904335C3000F0E7F90D4BF4
:10DCC000246263620C4BA3620C4BE3620C4B236334
:10DCD0000C4B9C4206D003F16802944202D0D03330
:10DCE0009C4205D104F15800BDE8104000F046BA4E
:10DCF00010BD00BFDDDE0008FFDE000837DF0008D2
:10DD00005BDF00080C330020024A0349034800F09F
:10DD100069B800BF3400002095E4000844000020EA
:10DD200041680C4B994210B5044601D000F0B2FB9B
:10DD3000A168094B994202D0204600F0ABFBE16894
:10DD4000064B994204D02046BDE8104000F0A2BB2B
:10DD500010BD00BF0C33002074330020DC330020E2
:10DD600010B50B4B04210B4C0B4A20461A600022C5
:10DD7000FFF794FF04F1680001220921FFF78EFFED
:10DD800004F1D00002221221BDE81040FFF786BF47
:10DD9000443400200C33002009DD0008014800F065
:10DDA000EEB900BF4D340020014800F0E9B900BFD2
:10DDB0004D34002010B50446FFF7F0FF236A1BB175
:10DDC000BDE81040FFF7F0BF044B2362044B1B6813
:10DDD000002BF5D1FFF7C4FFF2E700BF21DD0008FB
:10DDE000443400202DE9F8430746884614460026AF
:10DDF000D4E90195B9F1010905D52468002CF7D1C2
:10DE00003046BDE8F883AB89012B07D9B5F90E3050
:10DE1000013303D029463846C04706436835E9E751
:10DE2000036A70B505460E4684680BB9FFF7C2FF5A
:10DE3000636EDB0705D4A389980502D4A06D00F0BA
:10DE40009EF9A389190702D52369002B35D12146F4
:10DE5000284600F0C5F880B34FF0FF35636EDA074F
:10DE600005D4A3899B0502D4A06D00F089F928464A
:10DE700070BD002B04DAA2699A4217DC0A2915D07A
:10DE800023685A1C22601970A36816F8011F013B11
:10DE9000A3600029EDD1002B11DA22460A21284681
:10DEA00000F05FF80130D7D00A25D7E72246284690
:10DEB00000F057F80130E7D1CEE7013EE4E72368F0
:10DEC0005A1C22600A221A70EEE70000024B01463B
:10DED0001868FFF7A5BF00BF4000002010B50C4632
:10DEE000B1F90E1000F0FCF80028ABBF636DA389F8
:10DEF0001B1823F48053ACBF6365A38110BD2DE9CB
:10DF0000F0411F468B8905460C46DB05164605D5B4
:10DF100002230022B1F90E1000F0D0F8A389324696
:10DF2000B4F90E10284623F48053A3813B46BDE884
:10DF3000F04100F0E7B810B50C46B1F90E1000F052
:10DF4000BDF8431CA38915BF606523F4805343F4D7
:10DF50008053A38118BFA38110BDB1F90E1000F04A
:10DF60009DB8F8B50E461446054618B1036A0BB9BC
:10DF7000FFF720FFA369A360A3891A0701D52369CE
:10DF800043B92146284600F02BF818B14FF0FF376F
:10DF90003846F8BD2368F6B222693746981A636995
:10DFA000834205DC2146284600F074FA0028EDD1B2
:10DFB000A368013BA36023685A1C22601E70431CA7
:10DFC00062699A4204D0A389DB07E1D50A2EDFD12A
:10DFD0002146284600F05EFA0028D9D0D6E7000096
:10DFE00038B5294B05460C46186818B1036A0BB9B9
:10DFF000FFF7E0FEB4F90C30190722D4DA0607D493
:10E0000009222A6043F040034FF0FF30A38133E040
:10E01000580712D5616B41B104F14403994202D013
:10E02000284600F0BBF800236363A38923F0240390
:10E03000A3810023636023692360A38943F008035D
:10E04000A38123694BB9A38903F42073B3F5007F3F
:10E0500003D02146284600F06AFAB4F90C3013F0D8
:10E0600001020AD00022A26062695242A2612269C2
:10E0700042B913F08000C5D138BD990758BF626915
:10E08000A260F4E70020F7E74000002002440346C6
:10E09000934200D1704703F8011BF9E738B500231C
:10E0A000054D044608462B60F3F7B3F8431C02D134
:10E0B0002B6803B1236038BD4834002038B50446CE
:10E0C000064D0846114600222A601A46F3F7C8F8A2
:10E0D000431C02D12B6803B1236038BD48340020B3
:10E0E00038B50446064D0846114600222A601A46F5
:10E0F000F3F756F8431C02D12B6803B1236038BDF7
:10E100004834002038B50446064D08461146002222
:10E110002A601A46F3F761F8431C02D12B6803B159
:10E12000236038BD48340020014B1868704700BF99
:10E130004000002070B50D4D00260D4C641BA4104E
:10E14000A64209D10B4D00260B4C00F05FFA641B70
:10E15000A410A64205D170BD55F8043B013698477E
:10E16000EEE755F8043B01369847F2E7DCE7000894
:10E17000DCE70008DCE70008E0E7000870477047CC
:10E1800070470A44431E914200D1704710B511F800
:10E19000014B914203F8014FF9D110BD38B5054646
:10E1A000002941D051F8043C0C1F002BB8BFE418E3
:10E1B00000F0E0F81D4A136833B963601460284624
:10E1C000BDE8384000F0DCB8A34208D92068211827
:10E1D0008B4201BF19685B6809182160EDE71A4698
:10E1E0005B680BB1A342FAD911685018A0420BD159
:10E1F00020680144501811608342E0D118685B68C0
:10E20000084453601060DAE702D90C232B60D6E78C
:10E21000206821188B4202BF19685B680918636087
:10E2200008BF21605460CAE738BD00BF54340020E5
:10E2300070B50F4E0C460546316811B900F0D6F99D
:10E2400030602146284600F0D1F9431C03D14FF03D
:10E25000FF34204670BDC41C24F00304A042F8D053
:10E26000211A284600F0C2F90130F2D1EFE700BFD1
:10E27000503400202DE9F843CD1C064625F0030557
:10E2800008350C2D38BF0C25002D01DBA94204D91F
:10E290000C2333600020BDE8F883DFF8D48000F061
:10E2A00069F8D8F800301C4644BB29463046FFF7D1
:10E2B000BFFF431C044658D1D8F800402746002F22
:10E2C00043D1002C4BD023683946304604EB030978
:10E2D00000F08CF9814542D1216830466D1A2946FB
:10E2E000FFF7A6FF01303AD023682B442360D8F80B
:10E2F00000305A6862BBC8F800700FE02268521BF9
:10E3000020D40B2A17D96119A342256018BF596080
:10E31000636808BFC8F8001062514B60304600F0D7
:10E320002FF804F10B00231D20F00700C21A1CBFB8
:10E330001B1AA350AFE76268A3420CBFC8F80020C5
:10E340005A60EBE723466468AEE73C467F68B6E771
:10E350001A465B68A342FBD100235360DEE70C231F
:10E360003046336000F00CF894E70560D6E700BF54
:10E37000543400200148FFF702BF00BF4C34002096
:10E380000148FFF7FDBE00BF4C340020B1F90C205E
:10E390002DE9F041160705460C4654D44B68002B76
:10E3A00002DC0B6C002B48DDE66A002E45D0002312
:10E3B00012F480522F68216A2B6030D0626DA389DD
:10E3C000590705D56368D21A636B0BB1236CD21A57
:10E3D0000023E66A216A2846B047431CA38906D178
:10E3E00029681D292BD82A4A0A41D60727D400229A
:10E3F000D90462602269226004D5421C01D12B68D5
:10E4000003B96065616B2F60B9B104F144039942AF
:10E4100002D02846FFF7C2FE002363630DE001230C
:10E420002846B0470246501CC9D12B68002BC6D0E5
:10E430001D2B01D0162B1DD12F60002021E043F0B1
:10E4400040031BB21AE00F69002FF6D093070E6845
:10E450000F600CBF4B690023A6EB07088B60B8F177
:10E46000000FEADD43463A46216A2846A66AB047CD
:10E47000002808DCB4F90C3043F040034FF0FF30C3
:10E48000A381BDE8F0810744A8EB0008E7E700BFDF
:10E49000FEFFBFDF38B50B6905460C4613B90025F2
:10E4A000284638BD18B1036A0BB9FFF783FCB4F9ED
:10E4B0000C30002BF3D0626ED00704D4990502D43F
:10E4C000A06DFFF75CFE28462146FFF75FFF636EF5
:10E4D0000546DA07E4D4A3899B05E1D4A06DFFF7D4
:10E4E0004FFEDDE770B50C46B1F90E1096B015463B
:10E4F00000291E460CDAA389002113F0800F14BFF7
:10E5000040234FF48063002031602B6016B070BD53
:10E510006A4600F049F80028EDDB019901F47041EA
:10E52000A1F50053594259414FF48063EBE78B89C1
:10E53000F7B59D0706460C4607D504F1470323604F
:10E5400023610123636103B0F0BD01AB6A46FFF7AD
:10E55000C9FF009F054630463946FFF78BFE48B994
:10E56000B4F90C309A05EED423F0030343F0020310
:10E57000A381E2E7A389206043F08003A381019B8C
:10E58000C4E904075BB1B4F90E10304600F01EF880
:10E5900028B1A38923F0030343F00103A381A389D6
:10E5A0001D43A581CFE7000038B50023064D044682
:10E5B000084611462B60F2F738FE431C02D12B6847
:10E5C00003B1236038BD00BF4834002038B50023B4
:10E5D000054D044608462B60F2F737FE431C02D176
:10E5E0002B6803B1236038BD4834002038B50023C0
:10E5F000054D044608462B60F2F740FE431C02D14D
:10E600002B6803B1236038BD48340020F8B500BF43
:10E61000F8BC08BC9E467047F8B500BFF8BC08BC03
:04E620009E4670475B
:10E6240064656661756C745461736B00426C696EE9
:10E634006B696E674C656400424F4F544C4F4144C4
:10E6440045522053746172740D00000041505020F3
:10E6540053746172742E2E2E0D0000004E6F2041F3
:10E66400505020666F756E642121210D000000005A
:10E6740049444C4500000000546D722053766300F9
:10E68400546D72510000000024E6000800000000F0
:10E694000000000000000000000000000002000074
:10E6A40018000000000000000000000030E6000830
:10E6B4000000000000000000000000000000000056
:10E6C400000200000800000000000000000000003C
:10E6D400000000000000000001020304060708090E
:10E6E4000000000001020304006CDC0200366E012D
:10E6F4000024F400001BB70000093D0080841E00C4
:10E70400504B140040420F0000E02E000070170030
:10E7140000A00F0000B80B00801A0600400D030093
:10E7240088070200A08601000000024201000000E8
:10E734000000024203000000000002420600000044
:10E744000004024201000000000402420A0000002A
:10E754000008024202000000000C02420D0000000A
:10E76400000C024202000000000802420A000000FD
:10E774000004024200000000000802420C000000F5
:10E7840000040242030000000004024204000000EE
:10E7940000100242000000000010024202000000CB
:10E7A4000010024203000000010002000400060001
:10E7B40008000A000C001000200040008000000146
:10E7C400010101030701000008040204080101011A
:08E7D400DC1AFF7F01000000C8
:04E7DC0065020008CA
:04E7E00041020008EA
:10E7E400FF00000000093D001000000001000000CF
:10E7F4000000000000000000000000000000000015
:10E8040001000000000000000000000037000000CC
:10E81400AAAAAAAA00000000030000000C330020EA
:10E8240044000020000000000C330020743300205A
:10E83400DC330020000000000000000000000000A5
:10E8440000000000000000000000000000000000C4
:10E8540000000000000000000000000000000000B4
:10E8640000000000000000000000000000000000A4
:0400000508001729AF
:00000001FF
