:020000040801F1
:1000000000000C2011150108010F0108090F01085B
:10001000110F0108190F0108210F010861150108CE
:1000200000000000000000000000000001D60108F0
:10003000290F010800000000A1D5010885B40108BE
:1000400061150108611501086115010861150108B4
:1000500061150108611501086115010861150108A4
:100060006115010861150108611501086115010894
:100070006115010861150108611501086115010884
:100080006115010861150108611501086115010874
:100090006115010861150108611501086115010864
:1000A0006115010861150108611501086115010854
:1000B00000000000611501086115010861150108C3
:1000C0006115010861150108611501086115010834
:1000D0006115010861150108611501086115010824
:1000E0006115010861150108390F01086115010842
:1000F0006115010861150108611501086115010804
:1001000061150108611501086115010861150108F3
:100110006115010861150108611501084D0F0108FD
:10012000610F0108611501086115010861150108D9
:1001300061150108611501086115010861150108C3
:1001400061150108611501086115010861150108B3
:1001500061150108611501086115010861150108A3
:1001600061150108750F0108611501086115010885
:100170006115010861150108611501086115010883
:100180006115010861150108611501086115010873
:100190006115010861150108611501086115010863
:1001A0006115010861150108611501086115010853
:1001B00061150108000000006115010861150108C2
:1001C00061150108000000006115010861150108B2
:1001D0006115010861150108611501086115010823
:1001E0006115010861150108611501086115010813
:1001F0000000000000000000611501086115010801
:1002000061150108611501086115010861150108F2
:1002100061150108611501086115010861150108E2
:1002200061150108611501086115010861150108D2
:080230006115010861150108C8
:1002400010B5054C237833B9044B13B10448AFF310
:1002500000800123237010BD740000200000000006
:100260005CE0010808B5034B1BB103490348AFF339
:10027000008008BD00000000780000205CE001085C
:1002800053B94AB9002908BF00281CBF4FF0FF31FD
:100290004FF0FF3000F07EB9ADF1080C6DE904CEEF
:1002A00000F006F8DDF804E0DDE9022304B0704751
:1002B0002DE9F04F099D0C46002B4DD18A420F4687
:1002C00084469646B2FA82F360D94BB102FA03FE35
:1002D000C3F120029F4000FA03FC20FA02F2174308
:1002E0004FEA1E461FFA8EF44FEA1C42B7FBF6F1A6
:1002F00006FB117701FB04F042EA0742904208D95D
:100300001EEB020201F1FF3702D2904200F22D8172
:100310003946121A1FFA8CFCB2FBF6F006FB1022CB
:1003200000FB04F44CEA024C644508D91EEB0C0CAB
:1003300000F1FF3202D2644500F21A81104640EA11
:100340000140ACEB040C002125B12CFA03F3002290
:10035000C5E90032BDE8F08F8B4205D90DB1C5E982
:10036000000100210846F5E7B3FA83F100294DD1D9
:10037000A342C0F0F280904280F0EF800646234610
:100380000846002DE6D0C5E90063E3E7002B40F006
:10039000A2808A1A4FEA1E471FFA8EF60121B2FB8D
:1003A000F7F407FB14204FEA1C4242EA004206FB26
:1003B00004F090420FD91EEB020204F1FF382CBF6B
:1003C0004FF001094FF00009904203D9B9F1000F35
:1003D00000F0C8804446121A1FFA8CFCB2FBF7F0FA
:1003E00007FB102200FB06F64CEA024C664508D9D2
:1003F0001EEB0C0C00F1FF3202D2664500F2BB800E
:100400001046ACEB060C40EA04409DE7C1F1200623
:100410008B4004FA01FE22FA06F720FA06FCF440AB
:100420008A401F434EEA0C0300FA01FE4FEA1748C8
:100430004FEA13491FFA87FCB4FBF8F008FB10449D
:1004400049EA044400FB0CF9A1450ED93C1900F11E
:10045000FF3A2CBF4FF0010B4FF0000BA14503D921
:10046000BBF1000F00F093805046A4EB09041FFA83
:1004700083F9B4FBF8F308FB134403FB0CFC49EAD3
:100480000444A44506D93C1903F1FF3801D2A44520
:100490007AD8434643EA0040A4EB0C04A0FB029840
:1004A0004445CC46434602D306D1CE4504D201385A
:1004B000B9EB020C68EB07035DB1BEEB0C0264EB19
:1004C000030404FA06F622FA01F3CC401E43C5E900
:1004D000006400213EE702FA03FEC3F1200104FAA2
:1004E00003F200FA03FCCC404FEA1E4720FA01F168
:1004F0001FFA8EF6B4FBF7F00A4307FB1044110C09
:1005000041EA044100FB06F48C420ED91EEB0101C6
:1005100000F1FF382CBF4FF001094FF000098C4269
:1005200002D9B9F1000F2CD04046091B92B2B1FBA1
:10053000F7F407FB141142EA014204FB06F1914271
:1005400007D91EEB020204F1FF3801D2914215D8FF
:100550004446521A44EA004121E7861A64EB030339
:1005600001200EE7023C724435E702397244D0E6BE
:10057000F4440238E3E6F444023842E7023C7244B1
:10058000E7E702387144D0E7023B3C4482E7023897
:100590003C446AE7704700BF80B500AF1E4B1F4A5E
:1005A0001A601D4B00225A601B4B00229A601A4BA6
:1005B0000022DA60184B00221A61174B04229A615C
:1005C000154B00221A77144B002283F82420124B7B
:1005D00001229A62104B002283F82C200E4B00223D
:1005E00083F840200C4B00229A660B4B00225A6481
:1005F000094B00221A65084B0022DA63064B0022E1
:1006000083F85420044801F01FF90346002B01D061
:1006100000F0E0FB00BF80BD90000020008002429F
:1006200080B5BAB000AF786007F1D40300221A6039
:100630005A609A60DA601A6107F11003C022002143
:1006400018460DF04BFA7B681B68244A934240D150
:100650004FF400424FF00003C7E904234FF48043F6
:10066000C7F8B43007F11003184606F0D9F903466D
:10067000002B01D000F0AEFB194BD3F88C30184A98
:1006800043F48063C2F88C30154BD3F88C3003F4FC
:100690008063FB60FB68124BD3F88C30104A43F048
:1006A0000403C2F88C300E4BD3F88C3003F00403F3
:1006B000BB60BB680423C7F8D4300323C7F8D83025
:1006C0000023C7F8DC3007F1D4031946054801F0D0
:1006D00089FD00BFE837BD4680BD00BF00800242F3
:1006E000000C02460008024280B500AF084A002113
:1006F00008480AF057FF0346074A1360074A0021DB
:1007000007480AF04FFF0346064A136000BF80BD4A
:10071000DCE00108290701081C01002000E10108B4
:10072000390701082001002080B582B000AF786051
:1007300001200AF0C8FFFBE780B582B000AF786007
:100740008021044801F03EFF4FF4C8700AF0BBFF5F
:1007500000BFF5E70008024280B58AB000AF07F19C
:10076000140300221A605A609A60DA601A61494BD9
:10077000D3F88C30474A43F00403C2F88C30454B21
:10078000D3F88C3003F004033B613B69414BD3F851
:100790008C30404A43F00203C2F88C303D4BD3F812
:1007A0008C3003F00203FB60FB683A4BD3F88C30CB
:1007B000384A43F04003C2F88C30364BD3F88C30C3
:1007C00003F04003BB60BB68324BD3F88C30314A36
:1007D00043F00103C2F88C302E4BD3F88C3003F079
:1007E00001037B607B68002204212B4801F0D2FECC
:1007F00000228021294801F0CDFE00222021284836
:1008000001F0C8FE4FF400537B61264BBB6100230F
:10081000FB6107F114031946204801F0E3FC4FF493
:1008200080437B610023BB610023FB6107F114035C
:1008300019461B4801F0D6FC04237B610123BB61F0
:100840000123FB6102233B6207F11403194612489E
:1008500001F0C8FC80237B610123BB610123FB61A4
:1008600002233B6207F1140319460C4801F0BAFC5D
:1008700020237B610123BB610023FB6100233B62DA
:1008800007F114031946064801F0ACFC00BF2837F5
:10089000BD4680BD000C024600180242000802421C
:1008A000000402420000211080B500AF1F4B204A17
:1008B0001A601E4B1F4A5A601C4BA0229A601B4BA9
:1008C0000122DA60194B00221A61184B00225A618A
:1008D000164B00229A61154B0022DA61134B00225D
:1008E0001A62124801F088FE0346002B01D000F086
:1008F00071FA00210D4803F063FB0346002B01D081
:1009000000F068FA0021094803F0A5FB0346002B1C
:1009100001D000F05FFA054802F06EF80346002BA4
:1009200001D000F057FA00BF80BD00BF2C010020AD
:1009300000540040EC9D903080B5BAB000AF7860B4
:1009400007F1D40300221A605A609A60DA601A61D3
:1009500007F11003C022002118460DF0BFF87B6894
:100960001B682E4A934254D14FF040024FF00003CF
:10097000C7E904230023BB6707F11003184606F0FC
:100980004FF80346002B01D000F024FA244BD3F893
:100990008C30234A43F00203C2F88C30204BD3F84A
:1009A0008C3003F00203FB60FB68C023C7F8D4302F
:1009B0001223C7F8D8300023C7F8DC300023C7F86B
:1009C000E0300423C7F8E43007F1D4031946154892
:1009D00001F008FC124BD3F89C30114A43F4001389
:1009E000C2F89C300E4BD3F89C3003F40013BB606C
:1009F000BB6800220521372001F0A8FA372001F05A
:100A0000BFFA00220521382001F0A0FA382001F0B9
:100A1000B7FA00BFE837BD4680BD00BF00540040B4
:100A2000000C02460004024280B500AF1B480CF0E7
:100A300075FF4FF000631A68194B1340184A934230
:100A400026D118480CF06AFF64200AF03CFE01F041
:100A500043FB01F07DFB144B1B6C134A23F08063B6
:100A60001364114B1B6C104A23F0006313640E4B8C
:100A70004FF000629A640C4B9B6A0B4A43F40033BC
:100A8000936201F09FFB01F085FB01F047FB02E060
:100A900006480CF043FF00BF80BD00BF8CE001089A
:100AA00000000C20A0E0010800200240B0E0010896
:100AB00080B400AF00BFBD465DF8047B704780B5D1
:100AC00082B000AF7860786801F096FF00BF083709
:100AD000BD4680BD80B582B000AF78600B46FB702C
:100AE00013463B80FB78002B09D10E4B00221A7075
:100AF000002301220C49786801F0CCFE0EE00B4B7C
:100B000000221A70002301220949786801F010FEC2
:100B1000084B1B780133DAB2064B1A7000BF083756
:100B2000BD4680BD260100202401002027010020B1
:100B3000280100200000002080B582B000AF78605E
:100B40000B4B1B780133DAB2094B1A704FF08073EC
:100B500001220849786801F0EBFD074B1B7801334F
:100B6000DAB2054B1A7000BF0837BD4680BD00BF22
:100B700027010020280100200000002080B584B05B
:100B800000AF78600023FB81214B1B78012B09D13A
:100B9000204B5B781B021AB21E4B1B781BB213430F
:100BA0001BB2FB81FB894AF6CD32934202D1FFF79B
:100BB0003BFF28E0164B1B780133DAB2144B1A7056
:100BC000134B1B78012B07D0114B1B78012B0FD136
:100BD000114B1B78002B0BD10D4B1B781A460D4B7C
:100BE000D1184FF000730122786801F053FE0AE03B
:100BF000074B1B781A46074BD1184FF08073012220
:100C0000786801F047FE00BF1037BD4680BD00BFC9
:100C100026010020240100202901002080B584B095
:100C200000AF7860786801F0AEFFF860FB68042BD5
:100C300010D17B681B681022DA610A4B1B78002BED
:100C400002D1FFF735FF05E0064B1B78013BDAB216
:100C5000044B1A70786801F0CFFE00BF1037BD4614
:100C600080BD00BF2701002080B500AF002003F049
:100C70003FFA0346002B01D000F0ACF803F058FA1D
:100C80000346002B01D000F0A5F800BF80BD80B561
:100C900000AF00F067FC00F018F800F07AF8FFF7FA
:100CA0005BFDFFF779FCFFF7DFFF00F081FA00F052
:100CB000B5FA00F067FBFFF7F7FD0AF023FCFFF73A
:100CC00013FD0AF045FC00BFFDE780B59EB000AF04
:100CD00007F118036022002118460CF0FFFE3B4686
:100CE00000221A605A609A60DA601A615A614FF401
:100CF000403004F0A5FA0346002B01D000F06AF85A
:100D00003223BB614FF480737B624FF480537B646A
:100D10001023BB6201237B631023BB634FF080432E
:100D2000FB6302233B6501237B650023FB650123F5
:100D3000BB6550233B6602237B660223BB6602230E
:100D4000FB6600233B6700237B6707F11803184607
:100D500004F082FB0346002B01D000F03BF81F2378
:100D60003B6003237B600023BB600023FB60002308
:100D70003B6100237B613B460421184605F048FA9D
:100D80000346002B01D000F025F800BF7837BD46A0
:100D900080BD80B500AF04F03FFB022004F0DCFA18
:100DA0000346002B01D000F015F800BF80BD000005
:100DB00080B582B000AF78607B681B68044A9342BC
:100DC00001D100F0FFFB00BF0837BD4680BD00BF6A
:100DD000002C014080B400AF72B600BF00BFFDE739
:100DE00080B582B000AF0D4BD3F894300B4A43F07E
:100DF0000403C2F89430094BD3F8943003F0040391
:100E00007B607B6804F018FB00220F216FF001006B
:100E100001F09CF800BF0837BD4680BD000C0246BB
:100E200080B58EB000AF786000233B630023FB6287
:100E30002E4BD3F8A4302D4A43F40063C2F8A430FB
:100E40002A4BD3F8A43003F40063FB60FB6807F17E
:100E5000100207F114031146184605F023FD05F0B2
:100E6000F9FC38633B6B224AA2FB03239B0C013B3A
:100E7000FB62204B204A1A601E4B40F2E732DA60D8
:100E80001C4AFB6A53601B4B00221A61194B00225B
:100E90009A60184808F05CFA034687F8373097F8EC
:100EA0003730002B18D1134808F0B4FA034687F8FE
:100EB000373097F83730002B0ED17B680F2B08D8CE
:100EC000002279682A2001F041F80C4A7B681360FF
:100ED00002E0012387F837302A2001F051F897F813
:100EE000373018463837BD4680BD00BF000C02467B
:100EF00083DE1B4380010020002C014008000020FD
:100F000080B400AF00BFFDE780B400AF00BFFDE7D5
:100F100080B400AF00BFFDE780B400AF00BFFDE7C5
:100F200080B400AF00BFFDE780B400AF00BFBD4696
:100F30005DF8047B7047000080B500AF024808F000
:100F400009FB00BF80BD00BF8001002080B500AF5D
:100F5000024801F071FD00BF80BD00BF2C010020E0
:100F600080B500AF024801F081FD00BF80BD00BF29
:100F70002C01002080B500AF024803F001FA00BF49
:100F800080BD00BF6402002080B586B000AFF8606D
:100F9000B9607A6000237B610AE0AFF3008001460C
:100FA000BB685A1CBA60CAB21A707B6901337B6194
:100FB0007A697B689A42F0DB7B6818461837BD4631
:100FC00080BD80B586B000AFF860B9607A6000235C
:100FD0007B6109E0BB685A1CBA601B781846AFF306
:100FE00000807B6901337B617A697B689A42F1DB1F
:100FF0007B6818461837BD4680BD80B483B000AF0B
:1010000078604FF0FF3318460C37BD465DF8047B1F
:10101000704780B483B000AF786039603B684FF4AC
:1010200000525A60002318460C37BD465DF8047B19
:10103000704780B483B000AF7860012318460C3746
:10104000BD465DF8047B704780B485B000AFF860A2
:10105000B9607A60002318461437BD465DF8047BFA
:101060007047000080B586B000AF7860144A154B19
:10107000D31A7B617B693B61134B1B68002B02D148
:10108000114B124A1A60104B1A687B6813443A6974
:101090009A4207D20CF070FD03460C221A604FF002
:1010A000FF3309E0084B1B68FB60074B1A687B683D
:1010B0001344054A1360FB6818461837BD4680BDC7
:1010C00000000C2000040000CC010020C8330020E8
:1010D00080B400AF174BD3F88830164A43F470033E
:1010E000C2F88830144B01221A60134B0022DA61D7
:1010F000114B00221A62104B00225A620E4B1B68E1
:101100000D4A23F0A85323F4102313600A4B002246
:101110009A62094B1B68084A23F480231360064B2C
:1011200000221A65034B054A9A6000BFBD465DF870
:10113000047B704700ED00E0000C0246000001084F
:1011400080B485B000AF78600A4BD3F88C20094991
:101150007B681343C1F88C30064BD3F88C207B6836
:101160001340FB60FB6800BF1437BD465DF8047B8D
:10117000704700BF000C024680B485B000AF7860B5
:101180000A4BD3F8A02009497B681343C1F8A0306B
:10119000064BD3F8A0207B681340FB60FB6800BFC0
:1011A0001437BD465DF8047B704700BF000C024653
:1011B00080B586B000AF3B4600221A605A609A6044
:1011C000DA601A615A614FF40000FFF7D5FF022080
:1011D000FFF7B6FF0120FFF7B3FF4FF400433B607A
:1011E00003237B6000233B613B461946094809F015
:1011F000D4FA4FF400433B6003237B6000233B6140
:101200003B461946044809F0C8FA00BF1837BD46E6
:1012100080BD00BF000402420000024280B500AF62
:10122000224B234A1A60214B4FF4E1325A601F4B84
:1012300000229A601D4B0022DA601C4B00221A61CA
:101240001A4B0C225A61194B00229A61174B00224B
:10125000DA61164B00221A62144B00225A62134BB9
:1012600000229A62114808F039FC0346002B01D095
:10127000FFF7B0FD00210D4809F07AF80346002B76
:1012800001D0FFF7A7FD0021084809F0AFF8034699
:10129000002B01D0FFF79EFD044809F030F803460B
:1012A000002B01D0FFF796FD00BF80BDD0010020CC
:1012B0000038014080B5BAB000AF786007F1D403C0
:1012C00000221A605A609A60DA601A6107F110030E
:1012D000C022002118460CF001FC7B681B68264ADE
:1012E000934245D14FF001024FF00003C7E90423B8
:1012F00000233B6607F11003184605F091FB0346F7
:10130000002B01D0FFF766FD1C4BD3F8A4301B4A1D
:1013100043F48043C2F8A430184BD3F8A43003F44C
:101320008043FB60FB68154BD3F88C30134A43F0C5
:101330000103C2F88C30114BD3F88C3003F0010359
:10134000BB60BB684FF4C063C7F8D4300223C7F852
:10135000D8300223C7F8DC300323C7F8E030072376
:10136000C7F8E43007F1D4031946054800F03AFF06
:1013700000BFE837BD4680BD00380140000C024682
:101380000000024280B500AF154B164A1A60144B9C
:1013900006221A71124B0222DA71114B02225A7282
:1013A0000F4B00229A720E4B0022DA720C4B002275
:1013B0001A730B4B00225A73094B0022DA73084B45
:1013C00000229A73064B00229A71054802F0C0FE73
:1013D0000346002B01D0FFF7FDFC00BF80BD00BF1E
:1013E000640200200000044280B5BCB000AF786009
:1013F00007F1DC0300221A605A609A60DA601A6111
:1014000007F11803C022002118460CF067FB7B6827
:101410001B683C4A934271D14FF480124FF0000395
:10142000C7E906230023C7F8B43007F118031846AC
:1014300005F0F6FA0346002B01D0FFF7CBFC324B48
:10144000D3F88C30304A43F00103C2F88C302E4B75
:10145000D3F88C3003F001037B617B694FF4C053F8
:10146000C7F8DC300223C7F8E0300023C7F8E430C7
:101470000323C7F8E8300A23C7F8EC3007F1DC0390
:101480001946224800F0AEFE1F4BD3F88C301E4A9E
:1014900043F48043C2F88C301B4BD3F88C3003F4F8
:1014A00080433B613B69184BD3F8943003F004034D
:1014B000002B19D1144BD3F89430134A43F0040392
:1014C000C2F89430104BD3F8943003F00403FB605F
:1014D000FB6803F091FF0C4BD3F894300A4A23F0D9
:1014E0000403C2F8943001E003F086FF00220521D6
:1014F000492000F02BFD492000F042FD00BFF037ED
:10150000BD4680BD00000442000C024600000242BD
:10151000DFF834D0FFF7DCFD002103E00B4B5B5814
:10152000435004310A480B4B42189A42F6D30A4AF8
:1015300002E0002342F8043B084B9A42F9D30CF036
:1015400021FBFFF7A4FBFEE700000C2034E20108BA
:10155000000000207400002074000020C833002028
:10156000FEE7000080B500AF124B1B68114A43F440
:1015700080731360032000F0DEFC05F03BF80246A8
:101580000D4B1B6A03F00F030C49CB5C22FA03F3EB
:101590000B4A1360042000F001FD0F20FFF740FC10
:1015A0000346002B01D0012302E0FFF719FC0023C2
:1015B000184680BD00200240000C024624E10108CC
:1015C0000400002080B400AF064B1B781A46064B7F
:1015D0001B681344044A136000BFBD465DF8047BDA
:1015E000704700BF0C0000204807002080B400AF07
:1015F000034B1B681846BD465DF8047B704700BF6F
:101600004807002080B584B000AF7860FFF7EEFF98
:10161000B8607B68FB60FB68B3F1FF3F05D00A4B05
:101620001B781A46FB681344FB6000BFFFF7DEFF20
:101630000246BB68D31AFA689A42F7D800BF00BFC7
:101640001037BD4680BD00BF0C00002080B483B0C1
:1016500000AF786039607B681B6823F470123B68C8
:101660001A437B681A6000BF0C37BD465DF8047BE7
:101670007047000080B485B000AF786039603B6887
:10168000FB607B680A4A934204D1FB68013B03F08C
:101690000C03FB607B68DB6823F00C02FB681A43D9
:1016A0007B68DA6000BF1437BD465DF8047B704785
:1016B0000010024680B483B000AF786039607B6868
:1016C0001B6F23F47F5323F03F033A681A437B6870
:1016D0001A677B681B6F23F000433A68002A02D028
:1016E0004FF0004200E000221A437B681A6700BFF7
:1016F0000C37BD465DF8047B704780B485B000AF01
:10170000F860B9607A60FB685A69BB6803F004034B
:10171000072101FA03F3DB431A40BB6803F004031B
:10172000796801FA03F31A43FB685A6100BF143762
:10173000BD465DF8047B704780B483B000AF78602D
:101740007B689B6823F0204323F03F037A68936013
:1017500000BF0C37BD465DF8047B704780B483B092
:1017600000AF78607B689B6803F00053B3F1005FC3
:1017700001D1012300E0002318460C37BD465DF877
:10178000047B704780B483B000AF78607B689B684F
:1017900023F0104323F03F0343F080527B689A60AC
:1017A00000BF0C37BD465DF8047B704780B483B042
:1017B00000AF78607B689B6803F08053B3F1805F73
:1017C00001D1012300E0002318460C37BD465DF827
:1017D000047B704780B483B000AF78607B689B68FF
:1017E00003F00103012B01D1012300E0002318467F
:1017F0000C37BD465DF8047B704780B483B000AF02
:1018000078607B689B6803F00403042B01D10123FB
:1018100000E0002318460C37BD465DF8047B704796
:1018200080B483B000AF78607B689B6803F00803E6
:10183000082B01D1012300E0002318460C37BD46D8
:101840005DF8047B7047000080B58AB000AF786017
:10185000002387F8273000233B620023FB617B686D
:10186000002B01D10123B3E27B681B69002B03D05D
:101870007B681B688B4A93427B689B6F002B09D166
:101880007868FEF7CDFE7B680022DA677B6800226D
:1018900083F874207B681B681846FFF75FFF0346D8
:1018A000002B04D07B681B681846FFF745FF7B6858
:1018B0001B681846FFF77AFF0346002B15D17B689B
:1018C0001B681846FFF75EFF774B1B689B09774A3A
:1018D000A2FB03239B0901335B00FB6002E0FB6872
:1018E000013BFB60FB68002BF9D17B681B68184645
:1018F000FFF75CFF0346002B0ED17B689B6F43F024
:1019000010027B689A677B68DB6F43F001027B689B
:10191000DA67012387F827307B681B681846FFF7D2
:101920006CFFB8617B689B6F03F01003002B40F0E5
:101930004482BB69002B40F040827B689B6F23F49C
:10194000817343F002027B689A677B681B681846C4
:10195000FFF740FF0346002B40D17B681B68514ACC
:10196000934228D07B681B68514A934209D1504862
:10197000FFF730FF0346002B0CBF01230023DBB22F
:1019800008E04848FFF726FF0346002B0CBF012361
:101990000023DBB2002B21D07B681B68444A9342B2
:1019A00001D1444A00E0444A7B685B68194610460E
:1019B000FFF74CFE12E07B681A687B689B6819464B
:1019C0001046FFF757FE3C4B1B6823F470127B68F0
:1019D0005B6803F47013384913430B607B681B6822
:1019E000304A934210D07B6893F824305A037B68C6
:1019F0005B6C1A437B689B681A437B6893F82C30B6
:101A00001B0413433B6230E07B681B7F9A037B68B7
:101A100093F824305B0313437A68526C002A02D097
:101A20004FF4805200E000221A437B685B691A433E
:101A30007B681B69002B04DA7B681B6923F0004379
:101A400001E04FF400131A437B681B6818498B426E
:101A500003D17B6893F8403003E07B6893F8403013
:101A60005B0013433A6A13433B627B6893F82C3064
:101A7000012B2FD17B681B680A4A934207D07B68F1
:101A80001B6B013B5B043A6A13433B6222E07B68B9
:101A900093F82430002B11D13B6A43F480333B622E
:101AA00018E000BF0010024604000020632D3E0530
:101AB0000080024208830242081302467B689B6F43
:101AC00043F020027B689A677B68DB6F43F001027A
:101AD0007B68DA677B681B68924A934218D07B6800
:101AE0005B6B002B09D07B685B6B03F478727B68BF
:101AF0009B6B13433A6A13433B627B681B68DA684B
:101B0000894B13407A681268396A0B43D36031E01D
:101B10007B685B6B002B09D07B685B6B03F4E07226
:101B20007B689B6B13433A6A13433B627B681B6879
:101B3000DA687E4B13407A681268396A0B43D360C7
:101B40007B681B6A002B08D07B681B68596C7B681C
:101B50001A6A7B681B680A435A647B68DB6E002B39
:101B600008D07B681B68596C7B68DA6E7B681B68E1
:101B70000A435A647B681B686A4A934200F0938068
:101B80007B681B681846FFF738FE78617B681B6826
:101B90001846FFF745FE38617B69002B61D13B6930
:101BA000002B5ED17B681B7F9A037B681B686049B2
:101BB0008B4202D17B68DB6B02E07B68DB6B5B00F6
:101BC00013433B627B681B68DB6823F4804323F08C
:101BD00003037A681268396A0B43D3607B68DB6859
:101BE000002B07D07B681A687B68DB6819461046B3
:101BF000FFF760FD7B6893F85430012B1ED17B68A2
:101C00005B6B002B7B681B681A694A4B13407A6830
:101C1000926D11047A68D26D11437A68126E114385
:101C20007A68526E11437A68926E92080A431A4398
:101C30007B681B6842F001021A6107E07B681B6841
:101C40001A697B681B6822F001021A617B681B68B5
:101C50001B6923F070417B681A6D7B681B680A431F
:101C60001A617B681B69012B0CD17B681B681B6B9D
:101C700023F00F017B689B6A5A1E7B681B680A432E
:101C80001A6307E07B681B681A6B7B681B6822F08D
:101C90000F021A637B689B6F23F0030343F001027A
:101CA0007B689A6792E07B6893F85430012B11D1DE
:101CB0007B689A6D7B68DB6D1A437B681B6E1A43E9
:101CC0007B689B6E1343FA691343FB61FB6943F026
:101CD0000103FB617B681B681A69174B13407A6824
:101CE0001268F9690B4313617B6818687B689B6C09
:101CF0001A460021FFF701FD7B6818687B68DB6CE2
:101D00001A466FF0FB01FFF7F8FC7B681B69002B9C
:101D100014D17B681B689A6A7B681B6862F00F02AB
:101D20009A6224E00010024613C0F0FF0D80DEFF2F
:101D3000008002421EF800FC02FCFFF77B681B6972
:101D4000B3F5001F13D17B681B689B6A7B689B6A95
:101D5000013B9B0003F01C036FF00F0202FA03F13A
:101D60007B68D3F888207B681B680A439A627B688B
:101D70001B68DA68184B13403A6A9A420BD17B68A9
:101D80000022DA677B689B6F23F0030343F00102B4
:101D90007B689A671AE07B689B6F23F0120343F01D
:101DA00010027B689A677B68DB6F43F001027B68F7
:101DB000DA67012387F8273008E07B689B6F43F0E0
:101DC00010027B689A67012387F8273097F827303D
:101DD00018462837BD4680BDF3FF3F8380B485B0E9
:101DE00000AF78607B6803F00703FB600C4BDB6897
:101DF000BB60BA684FF6FF031340BB60FB681A0272
:101E0000BB68134343F0BF6343F40033BB60044A31
:101E1000BB68D36000BF1437BD465DF8047B7047D4
:101E200000ED00E080B400AF044BDB681B0A03F058
:101E300007031846BD465DF8047B704700ED00E0DF
:101E400080B483B000AF0346FB7197F90730002BD5
:101E50000BDBFB7903F01F02074997F907305B0999
:101E6000012000FA02F241F8232000BF0C37BD46E2
:101E70005DF8047B704700BF00E100E080B483B0F0
:101E800000AF03463960FB7197F90730002B0ADB7E
:101E90003B68DAB20C4997F907301201D2B20B4411
:101EA00083F800230AE03B68DAB20849FB7903F0C3
:101EB0000F03043B1201D2B20B441A7600BF0C3759
:101EC000BD465DF8047B704700E100E000ED00E0F6
:101ED00080B489B000AFF860B9607A60FB6803F045
:101EE0000703FB61FB69C3F10703042B28BF04232D
:101EF000BB61FB690433062B02D9FB69033B00E09D
:101F000000237B614FF0FF32BB6902FA03F3DA432F
:101F1000BB681A407B699A404FF0FF317B6901FA38
:101F200003F3D9437B680B40134318462437BD465F
:101F30005DF8047B704780B582B000AF7860786848
:101F4000FFF74CFF00BF0837BD4680BD80B586B0A7
:101F500000AF0346B9607A60FB73FFF763FF7861F7
:101F60007A68B9687869FFF7B3FF024697F90F30CE
:101F700011461846FFF782FF00BF1837BD4680BDE7
:101F800080B582B000AF0346FB7197F90730184661
:101F9000FFF756FF00BF0837BD4680BD80B483B051
:101FA00000AF78607B68042B44D801A252F823F07C
:101FB000D31F0108F11F0108132001083520010873
:101FC000C51F01081F4B1B681E4A43F00403136022
:101FD00031E01C4B1B681B4A23F0040313601A4BAF
:101FE000D3F8E030184A23F44003C2F8E03022E08E
:101FF000144B1B68134A23F004031360124BD3F8ED
:10200000E03023F44003104A43F48003C2F8E03088
:1020100011E00C4B1B680B4A23F0040313600A4BBE
:10202000D3F8E03023F44003074A43F40003C2F836
:10203000E03000E000BF00BF0C37BD465DF8047B18
:10204000704700BF10E000E0000C024680B483B08F
:1020500000AF78607B68002B01D1012319E07B6819
:1020600093F85430DBB2022B04D07B6820229A65AF
:1020700001230EE07B68042283F854207B681B68F0
:102080005B697A68126843F4005343F004035361B8
:10209000002318460C37BD465DF8047B704780B4BA
:1020A00083B000AF78607B6893F85430DBB2184699
:1020B0000C37BD465DF8047B704780B483B000AF39
:1020C00078607B681B681B691B0CDBB218460C37F9
:1020D000BD465DF8047B704780B483B000AF002339
:1020E000FB710B4B9B6A002B0BDA094B094A9A6078
:1020F000074B094A9A60064B9B6A002B01DA0123C1
:10210000FB71FB7918460C37BD465DF8047B7047C0
:102110000020024023016745AB89EFCD80B483B036
:1021200000AF0123FB71094B9B6A084A43F000434F
:102130009362064B9B6A002B01DA0023FB71FB794B
:1021400018460C37BD465DF8047B704700200240FE
:1021500080B400AF0C4B9B6A03F08043002B0DD082
:10216000094B0A4A1A61084B094A1A61064B9B6AD5
:1021700003F08043002B01D0012300E00023184628
:10218000BD465DF8047B7047002002403B2A1908D9
:102190007F6E5D4C80B400AF094B9B6A084A43F0E8
:1021A00080439362064B9B6A03F08043002B01D06F
:1021B000002300E001231846BD465DF8047B70470C
:1021C0000020024080B400AF054B9B6A044A43F0F4
:1021D0000063936201231846BD465DF8047B704797
:1021E0000020024080B489B000AF786039600023DD
:1021F0007B617B683B61BAE13B681A6801217B69BE
:1022000001FA03F31340FB607B69BB61FB68002BA1
:1022100000F0AA817B68554A93425DD17B681B68B8
:10222000FB6101227B6902FA03F3DB43FA69134085
:10223000FB613B685B6803F001027B6902FA03F310
:10224000FA691343FB617B68FA691A60484A7B6943
:1022500052F833303B61464A7B69DB0013445B68CC
:10226000BB61BB69DA083B69083253F82230FB6175
:10227000BB6903F007039B000F2202FA03F3DB4361
:10228000FA691340FB61BB6903F007039B000B2253
:1022900002FA03F3FA691343FB61BB69DA083B698D
:1022A0000832F96943F822103B691B68FB61BB697E
:1022B0005B00032202FA03F3DB43FA691340FB617C
:1022C000BB695B00022202FA03F3FA691343FB6164
:1022D0003B69FA691A6067E03B685B68022B03D0D0
:1022E0003B685B68122B45D17B69DA087B68083252
:1022F00053F82230FB617B6903F007039B000F2238
:1023000002FA03F3DB43FA691340FB613B681B6984
:1023100003F00F027B6903F007039B0002FA03F34B
:10232000FA691343FB617B69DA087B680832F96953
:1023300043F822103B691B68FB61BB695B00032209
:1023400002FA03F3DB43FA691340FB613B685B6805
:1023500003F00302BB695B0002FA03F3FA6913435B
:10236000FB613B69FA691A601EE000BF000002468B
:102370007CE101083B691B68FB61BB695B000322D0
:1023800002FA03F3DB43FA691340FB613B685B68C5
:1023900003F00302BB695B0002FA03F3FA6913431B
:1023A000FB613B69FA691A603B685B68012B0BD0E3
:1023B0003B685B68022B07D03B685B68112B03D03E
:1023C0003B685B68122B30D13B699B68FB61BB6942
:1023D0005B00032202FA03F3DB43FA691340FB615B
:1023E0003B68DA68BB695B0002FA03F3FA691343DE
:1023F000FB613B69FA699A603B695B68FB6101229A
:10240000BB6902FA03F3DB43FA691340FB613B68E3
:102410005B681B0903F00102BB6902FA03F3FA6966
:102420001343FB613B69FA695A603B685B68032BA5
:1024300017D03B69DB68FB61BB695B00032202FAD2
:1024400003F3DB43FA691340FB613B689A68BB699D
:102450005B0002FA03F3FA691343FB613B69FA6913
:10246000DA603B685B6803F08053002B7CD0474AFE
:102470007B699B08183352F82330FB617B6903F0BA
:102480000303DB000F2202FA03F3DB43FA69134074
:10249000FB617B689A0A3E4B13407A6902F00302A3
:1024A000D2009340FA691343FB6138497B699B086A
:1024B0001833FA6941F82320344B1B68FB61FB6831
:1024C000DB43FA691340FB613B685B6803F48013EC
:1024D000002B03D0FA69FB681343FB612B4AFB69AD
:1024E00013602A4B5B68FB61FB68DB43FA691340AE
:1024F000FB613B685B6803F40013002B03D0FA69AF
:10250000FB681343FB61214AFB6953601F4BD3F8FF
:102510008430FB61FB68DB43FA691340FB613B6875
:102520005B6803F40033002B03D0FA69FB681343A4
:10253000FB61164AFB69C2F88430144BD3F8803033
:10254000FB61FB68DB43FA691340FB613B685B6836
:1025500003F48033002B03D0FA69FB681343FB615B
:102560000A4AFB69C2F880307B6901337B613B68B2
:102570001A687B6922FA03F3002B7FF43DAE00BF9B
:1025800000BF2437BD465DF8047B7047002002463B
:102590007F7F2F0080B483B000AF78600B467B80D4
:1025A00013467B707B78002B03D07A887B689A6116
:1025B00002E07A887B689A6200BF0C37BD465DF8FE
:1025C000047B704780B485B000AF78600B467B8099
:1025D0007B685B69FB607A88FB6813401A04FB68C0
:1025E000D9437B880B401A437B689A6100BF14373C
:1025F000BD465DF8047B704780B582B000AF78605F
:102600007B68002B01D101238DE07B6893F841307A
:10261000DBB2002B06D17B68002283F8402078686B
:10262000FEF78AF97B68242283F841207B681B68C7
:102630001A687B681B6822F001021A607B685A687E
:102640007B681B6822F070621A617B681B689A685D
:102650007B681B6822F400429A607B68DB68012B70
:1026600007D17B689A687B681B6842F400429A60D5
:1026700006E07B689A687B681B6842F404429A60B3
:102680007B68DB68022B08D17B681B685A687B6813
:102690001B6842F400625A6007E07B681B685A6856
:1026A0007B681B6822F400625A607B681B685B6869
:1026B0007A68126843F0007343F4004353607B6808
:1026C0001B68DA687B681B6822F40042DA607B686A
:1026D0001A697B685B6942EA03017B689B691A029D
:1026E0007B681B680A43DA607B68D9697B681A6A71
:1026F0007B681B680A431A607B681B681A687B68E2
:102700001B6842F001021A607B6800225A647B68F1
:10271000202283F841207B6800221A637B68002214
:1027200083F84220002318460837BD4680BD0000CC
:1027300080B586B000AFF860B9603B601346FB809F
:10274000FB6893F84130DBB203F02803282B40F0FC
:102750009880BB68002B02D0FB88002B05D1FB685A
:102760004FF400725A6401238CE048F20101F868CA
:1027700001F0C8FBFB6893F84030012B01D1022324
:1027800080E0FB68012283F84020FB6893F8413029
:10279000DBB22A2B2AD10221F86801F0B3FBFB68D7
:1027A0001B681B6803F40043B3F5004F1ED1FB68A0
:1027B0001B681A68FB681B6822F400421A60FB68F9
:1027C000DB6B002B12D0FB68DB6B304ADA66FB68F0
:1027D000DB6B1846FFF73AFC0346002B06D0FB687C
:1027E000DB6BDB6EFA68D26B10469847FB682922D8
:1027F00083F84120FB68202283F84220FB680022F6
:102800005A64FB681B685A68FB681B6822F4004224
:102810005A60FB68BA685A62FB68FA885A85FB6896
:102820005B8D9AB2FB681A85FB683A68DA62FB68CE
:10283000174A5A63FB681B689B6903F00803082B5F
:102840000CBF01230023DBB2FB75FB681B689B698F
:102850001B0CDBB203F00103DBB2012B06D1FB7DC5
:10286000002B03D0FB681B680822DA61FB6800229A
:1028700083F8402048F20101F86801F0BFFA002314
:1028800000E0012318461837BD4680BD5B3D0108B6
:102890009F2B010880B586B000AFF860B9603B603F
:1028A0001346FB80FB6893F84130DBB203F028034A
:1028B000282B40F09880BB68002B02D0FB88002BAF
:1028C00005D1FB684FF400725A6401238CE048F292
:1028D0000201F86801F016FBFB6893F84030012B09
:1028E00001D1022380E0FB68012283F84020FB68CD
:1028F00093F84130DBB2292B2AD10121F86801F08D
:1029000001FBFB681B681B6803F48043B3F5804F31
:102910001ED1FB681B681A68FB681B6822F48042A2
:102920001A60FB689B6B002B12D0FB689B6B304AD4
:10293000DA66FB689B6B1846FFF788FB0346002BA3
:1029400006D0FB689B6BDB6EFA68926B104698476B
:10295000FB682A2283F84120FB68202283F842206A
:10296000FB6800225A64FB681B685A68FB681B6896
:1029700022F400425A60FB68BA685A62FB68FA881F
:102980005A85FB685B8D9AB2FB681A85FB683A68CA
:10299000DA62FB68174A5A63FB681B689B6903F09D
:1029A0000803082B0CBF01230023DBB2FB75FB6877
:1029B0001B689B691B0CDBB203F00103DBB2002B2D
:1029C00006D1FB7D002B03D0FB681B680822DA616F
:1029D000FB68002283F8402048F20201F86801F009
:1029E0000DFA002300E0012318461837BD4680BDCC
:1029F0005B3D01089F2B010880B582B000AF786075
:102A00007B6893F84130DBB2202B0DD17B68282204
:102A100083F841207B68074A5A634FF40041786885
:102A200001F0ECF9002300E0022318460837BD4608
:102A300080BD00BF9F2B010880B584B000AF7860D7
:102A40007B681B689B69FB607B681B681B68BB60BD
:102A50007B685B6B002B05D07B685B6BBA68F968A1
:102A60007868984700BF1037BD4680BD80B586B0F6
:102A700000AF78607B681B689B697B617B681B6823
:102A80001B683B617B6903F48073002B0FD03B69AB
:102A900003F08003002B0AD07B685B6C43F00102DB
:102AA0007B685A647B681B684FF48072DA617B69CB
:102AB00003F48063002B0FD03B6903F08003002BED
:102AC0000AD07B685B6C43F008027B685A647B68C1
:102AD0001B684FF48062DA617B6903F40073002B9A
:102AE0000FD03B6903F08003002B0AD07B685B6C3E
:102AF00043F002027B685A647B681B684FF40072E3
:102B0000DA617B685B6CFB60FB6803F00B03002BF6
:102B100003D0F968786800F0E5FF00BF1837BD46BC
:102B200080BD80B483B000AF786000BF0C37BD4675
:102B30005DF8047B704780B483B000AF786000BF5D
:102B40000C37BD465DF8047B704780B483B000AF9E
:102B5000786000BF0C37BD465DF8047B704780B4D9
:102B600083B000AF786000BF0C37BD465DF8047BD2
:102B7000704780B483B000AF786000BF0C37BD46AB
:102B80005DF8047B704780B483B000AF78607B68E9
:102B90005B6C18460C37BD465DF8047B704780B50A
:102BA00086B000AFF860B9607A60FB68DB6A7B6171
:102BB000BB683B61FB6893F84030012B01D10223D5
:102BC000E2E0FB68012283F840203B6903F0200328
:102BD000002B09D07B6803F02003002B04D0396957
:102BE000F86800F0B5FDCAE03B6903F01003002B64
:102BF0004BD07B6803F01003002B46D0FB685B8D45
:102C00009BB2002B28D1FB6893F84130DBB2282B14
:102C100008D17B69B3F1007F04D13969F86800F00D
:102C20000DFF31E0FB6893F84130DBB2292B0ED168
:102C30007B6913F5803F0AD0FB681B681022DA61BC
:102C4000F86801F066F8F86800F05DFC1CE0FB68CD
:102C50001B681022DA618FE0FB681B681022DA61C2
:102C6000FB685B6C43F00402FB685A647B69002BD1
:102C700003D07B69B3F1807F7ED1FB685B6C194622
:102C8000F86800F02FFF77E076E03B6903F004037B
:102C9000002B2FD07B6803F00403002B2AD0FB68A5
:102CA0005B8D9BB2002B18D0FB681B685A6AFB68CF
:102CB0005B6AD2B21A70FB685B6A5A1CFB685A6284
:102CC000FB681B8D013B9AB2FB681A85FB685B8D24
:102CD0009BB2013B9AB2FB685A85FB685B8D9BB245
:102CE000002B4BD17B6913F5803F47D0F86800F08B
:102CF0000AFC43E03B6903F00803002B09D07B6822
:102D000003F00803002B04D03969F86800F03AFB9F
:102D100035E03B6903F00203002B30D07B6803F001
:102D20000203002B2BD0FB685B8D9BB2002B18D0CD
:102D3000FB685B6A1A78FB681B689A62FB685B6ACF
:102D40005A1CFB685A62FB685B8D9BB2013B9AB2CE
:102D5000FB685A85FB681B8D013B9AB2FB681A859C
:102D60000DE07B69B3F1807F02D07B69002B06D137
:102D7000F86800F0C8FB02E000BF00E000BFFB689D
:102D8000002283F84020002318461837BD4680BD36
:102D900080B588B002AFF860B9607A60FB6893F8DC
:102DA0004030012B01D10223D9E0FB68012283F8D6
:102DB0004020BB6803F01003002B16D07B6803F0A3
:102DC0001003002B11D0FB681B681022DA61FB682E
:102DD0005B6C43F00402FB685A642021F86801F040
:102DE0000DF8F86800F095FFB4E0BB6803F08003CD
:102DF000002B71D07B6803F04003002B6CD0FB6884
:102E00001B681A68FB681B6822F040021A60FB68A6
:102E10005B8D9BB2002B4ED0FB681B685B689BB23E
:102E2000C3F309037B82FB685B8D9BB2FF2B06D942
:102E3000FB68FF221A854FF080737B6110E0FB680E
:102E40005B8D9AB2FB681A85FB68DB6A13F5803FDD
:102E500003D0FB68DB6A7B6102E04FF000737B61AB
:102E6000FB681B8DDAB2798A002300937B69F868CE
:102E700000F092FFFB685B8D9AB2FB681B8DD31A42
:102E80009AB2FB685A85FB6893F84130DBB2222B7B
:102E900008D1FB681B681A68FB681B6842F4004293
:102EA0001A6057E0FB681B681A68FB681B6842F4ED
:102EB00080421A604EE0FB681B685B6803F0007399
:102EC000B3F1007F03D0F86800F0E0FA42E040215F
:102ED000F86800F007FE3DE0BB6803F04003002BFC
:102EE00028D07B6803F04003002B23D0FB685B8D68
:102EF0009BB2002B19D1FB681B685B6803F0007361
:102F0000B3F1007F25D0FB68DB6A13F5803F08D161
:102F1000FB681B685A68FB681B6842F480425A6071
:102F200017E0F86800F0B2FA13E04021F86800F00A
:102F3000D9FD0EE0BB6803F02003002B0AD07B68AC
:102F400003F02003002B05D0B968F86800F038FBC7
:102F500000E000BFFB68002283F8402000231846F1
:102F60001837BD4680BD000080B588B002AFF8605C
:102F7000B9607A608D4B7B61FB6893F84030012B20
:102F800001D102230EE1FB68012283F84020BB68D7
:102F900003F01003002B16D07B6803F01003002B06
:102FA00011D0FB681B681022DA61FB685B6C43F090
:102FB0000402FB685A642021F86800F01FFFF868DB
:102FC00000F0A7FEE9E0BB6803F00203002B0ED07F
:102FD0007B6803F00203002B09D0FB681B68FA68CA
:102FE000126D9A62FB684FF0FF321A65D5E0BB683C
:102FF00003F08003002B5FD07B6803F04003002BBD
:103000005AD00121F86800F07DFF1021F86800F027
:10301000F5FEFB685B8D9BB2002B48D0FB685B8D97
:103020009BB2FF2B10D9FB68FF221A85FB68DB6C73
:1030300099B2FB681B8DDAB2002300934FF08073C6
:10304000F86800F0A9FE11E0FB685B8D9AB2FB689E
:103050001A85FB68DB6C99B2FB681B8DDAB2002322
:1030600000934FF00073F86800F096FEFB685B8DEC
:103070009AB2FB681B8DD31A9AB2FB685A85FB681B
:1030800093F84130DBB2222B08D1FB681B681A6829
:10309000FB681B6842F400421A607EE0FB681B6814
:1030A0001A68FB681B6842F480421A6075E0402190
:1030B000F86800F017FD70E0BB6803F04003002BD8
:1030C0005DD07B6803F04003002B58D00121F868E5
:1030D00000F018FF1021F86800F090FEFB6893F8EC
:1030E0004130DBB2222B01D1314B7B61FB685B8D20
:1030F0009BB2FF2B10D9FB68FF221A85FB68DB6CA3
:1031000099B2FB681B8DDAB27B6900934FF0807334
:10311000F86800F041FE11E0FB685B8D9AB2FB6835
:103120001A85FB68DB6C99B2FB681B8DDAB27B6990
:1031300000934FF00073F86800F02EFEFB685B8D83
:103140009AB2FB681B8DD31A9AB2FB685A85FB684A
:1031500093F84130DBB2222B08D1FB681B681A6858
:10316000FB681B6842F400421A6016E0FB681B68AB
:103170001A68FB681B6842F480421A600DE0BB6865
:1031800003F02003002B08D07B6803F02003002B02
:1031900003D0B968F86800F013FAFB68002283F8DE
:1031A0004020002318461837BD4680BD002000800F
:1031B0000024008090B589B000AFF860B9607A60F3
:1031C000FB68DB6ABB610023FB61FB6893F840305E
:1031D000012B01D10223D1E0FB68012283F84020BA
:1031E000BB6803F02003002B09D07B6803F02003A9
:1031F000002B04D0B968F86800F0AAFAB9E0BB68FF
:1032000003F01003002B00F0A6807B6803F010038E
:10321000002B00F0A0807B6803F48043002B05D1D5
:103220007B6803F40043002B00F08E80FB68DB6BAF
:10323000002B14D07B6803F40043002B0FD0FB68F5
:10324000DB6B1B689B6C9CB2FB68DB6B1846FEF764
:1032500034FF03462344002B01D10123FB61FB68AB
:103260009B6B002B14D07B6803F48043002B0FD0A2
:10327000FB689B6B1B689B6C9CB2FB689B6B184646
:10328000FEF71BFF03462344002B01D10123FB6102
:10329000FB69012B28D1FB6893F84130DBB2282B66
:1032A00008D1BB69B3F1007F04D1B968F86800F0B8
:1032B000C5FB48E0FB6893F84130DBB2292B0ED107
:1032C000BB6913F5803F0AD0FB681B681022DA61E6
:1032D000F86800F01EFDF86800F015F933E0FB68AF
:1032E0001B681022DA6134E0FB681B681022DA6187
:1032F000FB685B6C43F00402FB685A64FB6893F85C
:103300004130FB75BB69002B03D0BB69B3F1807FF3
:103310001FD1FB7D212B02D0FB7D292B03D1FB6824
:1033200021221A6308E0FB7D222B02D0FB7D2A2B91
:1033300002D1FB6822221A63FB685B6C1946F868AD
:1033400000F0D0FB05E004E0FB681B681022DA61A6
:103350000FE000BF0DE0BB6803F00803002B08D0AE
:103360007B6803F00803002B03D0B968F86800F00D
:1033700009F8FB68002283F8402000231846243710
:10338000BD4690BD80B584B000AF786039607B6881
:1033900093F84130DBB203F02803282B6AD17B6815
:1033A0001B689B691B0CDBB203F00103FB737B689A
:1033B0001B689B691B0C9BB203F0FE03BB817B68FF
:1033C0001B689B689BB2C3F309037B817B681B6806
:1033D000DB689BB203F0FE033B817B68DB68022B5A
:1033E00038D17B89DB099AB2BB8953409BB203F089
:1033F0000603002B1CD17B89BB817B689B6C5A1C0C
:103400007B689A647B689B6C022B3BD17B680022B3
:103410009A647B681B680822DA617B68002283F863
:103420004020BA89FB7B19467868FDF753FB29E0F9
:103430003B89BB814FF40041786800F063FD7B68F5
:10344000002283F84020BA89FB7B19467868FDF793
:1034500041FB17E04FF40041786800F053FD7B68B2
:10346000002283F84020BA89FB7B19467868FDF773
:1034700031FB07E07B681B680822DA617B68002269
:1034800083F8402000BF1037BD4680BD80B582B0B4
:1034900000AF78607B68002283F842207B6893F855
:1034A0004130DBB2212B15D17B68202283F84120EB
:1034B0007B6811221A637B6800225A6301217868B5
:1034C00000F020FD7B68002283F840207868FFF739
:1034D00028FB14E07B68202283F841207B681222BD
:1034E0001A637B6800225A630221786800F00AFDA3
:1034F0007B68002283F840207868FFF71CFB00BF40
:103500000837BD4680BD80B584B000AF78607B6869
:103510001B681B68FB607B68002283F84220FB6805
:1035200003F48043002B08D07B681B681A687B6813
:103530001B6822F480421A600CE0FB6803F400432D
:10354000002B07D07B681B681A687B681B6822F415
:1035500000421A607B6893F84130DBB2292B12D10C
:103560007B68282283F841207B6821221A6301218D
:10357000786800F0C7FC7B68002283F840207868F8
:10358000FDF7DAFA17E07B6893F84130DBB22A2BBB
:1035900011D17B68282283F841207B6822221A639C
:1035A0000221786800F0AEFC7B68002283F840209E
:1035B0007868FDF7E3FA00BF1037BD4680BD000014
:1035C00080B586B000AF786039603B687B617B680E
:1035D0001B682022DA617B6893F84130DBB2212B33
:1035E00007D10121786800F08DFC7B6811221A63F5
:1035F0000CE07B6893F84130DBB2222B06D102212C
:10360000786800F07FFC7B6812221A637B681B6875
:1036100059687B681A684C4B0B4053607B680022EA
:103620005A637B68494ADA627B6903F01003002B16
:1036300009D07B681B681022DA617B685B6C43F001
:1036400004027B685A647B6893F84130DBB2602BDC
:103650000AD17B6903F00403002B05D07B681B684B
:103660005B6ADBB2FB60FB68786800F052FB7B684A
:103670005B6C3B617B6893F84130DBB2602B02D01E
:103680003B69002B06D07B685B6C1946786800F0BC
:1036900029FA54E07B6893F84130DBB2212B24D126
:1036A0007B68202283F841207B6800221A637B68B4
:1036B00093F84230DBB2402B0BD17B68002283F8B9
:1036C00042207B68002283F840207868FFF73DFAAB
:1036D00035E07B68002283F842207B68002283F873
:1036E00040207868FFF71DFA29E07B6893F84130A5
:1036F000DBB2222B23D17B68202283F841207B6818
:1037000000221A637B6893F84230DBB2402B0BD166
:103710007B68002283F842207B68002283F84020E7
:103720007868FFF71CFA0AE07B68002283F84220E1
:103730007B68002283F840207868FFF7FCF900BF1F
:103740001837BD4680BD00BF00E800FE0000FFFF47
:1037500090B587B000AF786039607B681B681B68E4
:103760003B613B687B617B68DB6AFB607B6893F84D
:103770004130FB727B681B682022DA61FB7A212BC7
:1037800002D0FB7A292B08D148F20101786800F0B9
:10379000B9FB7B6821221A6319E0FB7A222B02D045
:1037A000FB7A2A2B08D148F20201786800F0AAFBC4
:1037B0007B6822221A630AE0FB7A282B07D148F2A1
:1037C0000301786800F09EFB7B6800221A637B6827
:1037D0001B685A687B681B6842F400425A607B6829
:1037E0001B6859687B681A68924B0B405360786875
:1037F00000F08FFA3B6903F48043002B1CD07B68F8
:103800001B681A687B681B6822F480421A607B6818
:103810009B6B002B31D07B689B6B1B689B6C9CB2B5
:103820007B689B6B1846FEF748FC03469BB223441B
:103830009AB27B685A8520E03B6903F40043002B71
:103840001BD07B681B681A687B681B6822F40042E7
:103850001A607B68DB6B002B0FD07B68DB6B1B680F
:103860009B6C9CB27B68DB6B1846FEF726FC03461C
:103870009BB223449AB27B685A857B6903F00403A8
:10388000002B20D07B6923F004037B617B681B68DD
:103890005A6A7B685B6AD2B21A707B685B6A5A1C90
:1038A0007B685A627B681B8D002B0CD07B681B8D5C
:1038B000013B9AB27B681A857B685B8D9BB2013BAA
:1038C0009AB27B685A857B685B8D9BB2002B05D0D2
:1038D0007B685B6C43F004027B685A647B6903F08D
:1038E0001003002B49D03B6903F01003002B44D098
:1038F0007B685B8D9BB2002B28D17B6893F84130AD
:10390000DBB2282B08D1FB68B3F1007F04D17969C1
:10391000786800F093F830E07B6893F84130DBB2D0
:10392000292B0ED1FB6813F5803F0AD07B681B68FA
:103930001022DA61786800F0ECF97868FFF7E3FDAF
:103940001BE07B681B681022DA6116E07B681B684D
:103950001022DA617B685B6C43F004027B685A6476
:10396000FB68002B03D0FB68B3F1807F05D17B6837
:103970005B6C1946786800F0B5F87B68002283F824
:1039800042207B6800225A637B685B6C002B10D05E
:103990007B685B6C1946786800F0A4F87B6893F844
:1039A0004130DBB2282B41D17969786800F046F8C4
:1039B0003CE07B68DB6A13F5803F14D07868FFF742
:1039C000A2FD7B681C4ADA627B68202283F84120D2
:1039D0007B6800221A637B68002283F840207868A5
:1039E000FDF76DF822E07B6893F84130DBB2222BC3
:1039F0000ED17B68202283F841207B6800221A6365
:103A00007B68002283F840207868FDF7B7F80DE066
:103A10007B68202283F841207B6800221A637B6840
:103A2000002283F840207868FDF786F800BF1C3735
:103A3000BD4690BD00E800FE0000FFFF80B582B0EB
:103A400000AF786039607B68254ADA627B680022C3
:103A50001A637B68202283F841207B68002283F868
:103A600042207B6800225A633B6803F00403002B6A
:103A700022D07B681B685A6A7B685B6AD2B21A7074
:103A80007B685B6A5A1C7B685A627B681B8D002BC3
:103A900012D07B681B8D013B9AB27B681A857B68CC
:103AA0005B8D9BB2013B9AB27B685A857B685B6CED
:103AB00043F004027B685A6448F20301786800F01E
:103AC00021FA7B681B681022DA617B68002283F888
:103AD00040207868FCF7F3FF00BF0837BD4680BD83
:103AE0000000FFFF80B584B000AF786039607B686C
:103AF00093F84130FB737B68002283F842207B6897
:103B00006D4ADA627B6800225A857B685A6C3B6892
:103B10001A437B685A64FB7B282B05D0FB7B292B3F
:103B200002D0FB7B2A2B0BD10321786800F0EAF945
:103B30007B68282283F841207B68604A5A6330E022
:103B400048F20301786800F0DDF9786800F0E1F8E8
:103B50007B6893F84130DBB2602B1FD07B6820225A
:103B600083F841207B681B689B6903F02003202BAE
:103B700014D17B681B689B6903F01003102B09D1DB
:103B80007B681B681022DA617B685B6C43F004027F
:103B90007B685A647B681B682022DA617B6800229C
:103BA0005A637B681B6BBB607B689B6B002B39D0B7
:103BB000BB68112B02D0BB68212B33D17B681B68FB
:103BC0001B6803F48043B3F5804F07D17B681B6803
:103BD0001A687B681B6822F480421A607B689B6BC2
:103BE0001846FEF75CFA0346012B17D07B689B6BE7
:103BF000334ADA667B68002283F840207B689B6B3F
:103C00001846FEF723FA0346002B4DD07B689B6BCA
:103C1000DB6E7A68926B1046984745E0786800F052
:103C200051F841E07B68DB6B002B39D0BB68122B6D
:103C300002D0BB68222B33D17B681B681B6803F45E
:103C40000043B3F5004F07D17B681B681A687B6897
:103C50001B6822F400421A607B68DB6B1846FEF793
:103C60001EFA0346012B17D07B68DB6B144ADA6619
:103C70007B68002283F840207B68DB6B1846FEF7E8
:103C8000E5F90346002B11D07B68DB6BDB6E7A68AD
:103C9000D26B1046984709E0786800F013F805E009
:103CA000786800F00FF802E000BF00E000BF00BF3E
:103CB0001037BD4680BD00BF0000FFFF9F2B0108ED
:103CC0005B3D010880B582B000AF78607B6893F8F7
:103CD0004130DBB2602B0ED17B68202283F841207B
:103CE0007B6800221A637B68002283F84020786892
:103CF000FEF73FFF09E07B6800221A637B68002221
:103D000083F840207868FCF789FF00BF0837BD467C
:103D100080BD80B483B000AF78607B681B689B690E
:103D200003F00203022B03D17B681B6800229A6216
:103D30007B681B689B6903F00103012B07D07B683C
:103D40001B689A697B681B6842F001029A6100BF98
:103D50000C37BD465DF8047B704780B584B000AF7A
:103D600078607B68DB6DFB60FB689B6B002B03D08E
:103D7000FB689B6B0022DA66FB68DB6B002B03D0D1
:103D8000FB68DB6B0022DA66F868FFF79BFF00BF79
:103D90001037BD4680BD000080B487B000AFF8602A
:103DA0007B600B467B8113467B727B89C3F30902E0
:103DB0007B7A1B0403F47F031A437B681A433B6A34
:103DC000134323F000437B61FB681B685A683B6A1E
:103DD0005B0D03F48061084B0B43DB4302EA0301F4
:103DE000FB681B687A690A435A6000BF1C37BD46EE
:103DF0005DF8047B704700BFFF63FF0380B485B0AC
:103E000000AF78600B467B800023FB607B685B6BB8
:103E1000394A934232D07B685B6B384A93422DD04B
:103E20007B685B6B364A934228D0B7F90230002B8F
:103E300003DAFB6843F0B803FB607B8803F00103FF
:103E4000002B03D0FB6843F0F203FB607B8803F098
:103E50000203002B03D0FB6843F0F403FB607B8874
:103E6000102B03D1FB6843F09003FB607B88202B71
:103E700033D1FB6843F02003FB602EE0B7F902303A
:103E8000002B03DAFB6843F0B803FB607B8803F088
:103E90000103002B03D0FB6843F0F203FB607B8837
:103EA00003F00203002B03D0FB6843F0F403FB6034
:103EB0007B88102B03D1FB6843F09003FB607B8869
:103EC000202B03D1FB6843F06003FB607B88402B11
:103ED00003D1FB6843F04003FB607B681B681968F3
:103EE0007B681B68FA680A431A6000BF1437BD4636
:103EF0005DF8047B704700BF912D0108B5310108C2
:103F0000692F010880B485B000AF78600B467B80D4
:103F10000023FB607B8803F00103002B0FD0FB68BC
:103F200043F04203FB607B6893F84130DBB203F05F
:103F30002803282B03D0FB6843F0B003FB607B8889
:103F400003F00203002B0FD0FB6843F04403FB6037
:103F50007B6893F84130DBB203F02803282B03D0B1
:103F6000FB6843F0B003FB60B7F90230002B03DAC3
:103F7000FB6843F0B803FB607B88102B03D1FB6820
:103F800043F09003FB607B88202B03D1FB6843F058
:103F90002003FB607B88402B03D1FB6843F0400388
:103FA000FB607B681B681968FB68DA437B681B68E9
:103FB0000A401A6000BF1437BD465DF8047B7047A5
:103FC00080B483B000AF786039607B6893F841308B
:103FD000DBB2202B38D17B6893F84030012B01D124
:103FE000022332E07B68012283F840207B68242290
:103FF00083F841207B681B681A687B681B6822F085
:1040000001021A607B681B681A687B681B6822F4CF
:1040100080521A607B681B6819687B681B683A6865
:104020000A431A607B681B681A687B681B6842F049
:1040300001021A607B68202283F841207B680022FD
:1040400083F84020002300E0022318460C37BD46C9
:104050005DF8047B704780B485B000AF786039604C
:104060007B6893F84130DBB2202B39D17B6893F821
:104070004030012B01D1022333E07B68012283F819
:1040800040207B68242283F841207B681B681A68E3
:104090007B681B6822F001021A607B681B681B6842
:1040A000FB60FB6823F47063FB603B681B02FA68EB
:1040B0001343FB607B681B68FA681A607B681B68A7
:1040C0001A687B681B6842F001021A607B68202234
:1040D00083F841207B68002283F84020002300E021
:1040E000022318461437BD465DF8047B7047000074
:1040F00080B485B000AF78600023FB730B4B1B6866
:1041000003F00103002B02D00123FB7307E0074BF0
:104110001B6823F0040205497B6813430B60FB7B9B
:1041200018461437BD465DF8047B70470004034011
:1041300080B400AF054B1B68044A43F001031360D1
:1041400000231846BD465DF8047B70470004034019
:1041500080B586B002AF78607B68002B01D1012367
:1041600008E17B681B68BB607B6893F89534DBB221
:10417000002B06D17B68002283F894247868FDF731
:1041800033F97B68032283F89524BB687B4A93420A
:1041900002D17B6800229A717B681B68184606F082
:1041A00049FC7B6818687B681A7C8DF80020043312
:1041B0000ECB06F070FB0346002B05D07B68022275
:1041C00083F895240123D5E07B681B6800211846FD
:1041D00006F041FC0346002B05D07B68022283F8E1
:1041E00095240123C6E00023FB734AE0FA7B79683B
:1041F0001346DB0013449B000B44153301221A7055
:10420000FA7B79681346DB0013449B000B4414339C
:10421000FA7B1A70FA7BFB7B98B279681346DB0055
:1042200013449B000B442E3302461A80FA7B7968B4
:104230001346DB0013449B000B44183300221A7012
:10424000FA7B79681346DB0013449B000B441C3354
:1042500000221A60FA7B79681346DB0013449B0046
:104260000B44203300221A60FA7B79681346DB0086
:1042700013449B000B44243300221A60FB7B013360
:10428000FB737B681B79FA7B9A42AFD30023FB73E5
:1042900044E0FA7B79681346DB0013449B000B442F
:1042A00003F2552300221A70FA7B79681346DB006B
:1042B00013449B000B4403F51573FA7B1A70FA7BC9
:1042C00079681346DB0013449B000B4403F5167317
:1042D00000221A70FA7B79681346DB0013449B00B6
:1042E0000B4403F5177300221A60FA7B79681346B2
:1042F000DB0013449B000B4403F5187300221A6083
:10430000FA7B79681346DB0013449B000B4403F5EA
:10431000197300221A60FB7B0133FB737B681B79E6
:10432000FA7B9A42B5D37B6818687B681A7C8DF853
:10433000002004330ECB06F0DBFB0346002B05D038
:104340007B68022283F89524012313E07B68002216
:104350005A747B68012283F895247B681B7B012BB0
:1043600002D1786800F03CFF7B681B68184606F0B5
:10437000E9FE002318461037BD4680BD0000044208
:1043800090B58DB000AF78607B681B683B623B6A7C
:10439000FB617B681B68184606F088FF0346002B0C
:1043A00040F0B9847B681B68184606F0ECFE0346B3
:1043B000002B00F0AF84FB6903F500639B681B0AC8
:1043C000C3F30D027B68C3F8D4247B681B681846CE
:1043D00006F0D9FE034603F00203022B07D17B68E7
:1043E0001B685A697B681B6802F002025A617B688D
:1043F0001B68184606F0C7FE034603F01003102B97
:1044000061D17B681B689A697B681B6822F0100287
:104410009A613B6A1B6ABB61BB6903F00F021346DA
:10442000DB0013449B0003F514737A6813440433D0
:104430007B61BB695B0C03F00F03022B24D1BA69CB
:1044400047F6F0731340002B35D07B69D968BB6900
:104450001B099BB2C3F30A039BB21A46386A06F0E3
:1044600019FE7B69DA68BB691B09C3F30A031A44A6
:104470007B69DA607B695A69BB691B09C3F30A036C
:104480001A447B695A6116E0BB695B0C03F00F03A9
:10449000062B10D17B6803F29C4308221946386A28
:1044A00006F0F8FD7B695A69BB691B09C3F30A036F
:1044B0001A447B695A617B681B689A697B681B6830
:1044C00042F010029A617B681B68184606F05BFE9A
:1044D000034603F40023B3F5002F40F0A780002328
:1044E0007B627B681B68184606F060FEB86299E044
:1044F000BB6A03F00103002B00F08E807B681B6811
:104500007A6AD2B21146184606F084FE38613B69D9
:1045100003F00103002B0CD07B6A5A01FB691344A2
:1045200003F530631A4601239360796A786800F0D6
:1045300029FD3B6903F00803002B0CD07B6A5A016C
:10454000FB69134403F530631A4608239360796AC4
:10455000786800F0FFFD3B6903F01003002B08D0E2
:104560007B6A5A01FB69134403F530631A46102332
:1045700093603B6903F00203002B30D03B6A5B6918
:1045800003F08003802B09D1FB6903F500635B68AE
:10459000FA6902F5006243F4806353607A6A134655
:1045A000DB0013449B0003F514737A68134404334F
:1045B0007B617B69DB78012B08D17B690022DA7093
:1045C0007B6ADBB21946786800F0F2FB7B6A5A011D
:1045D000FB69134403F530631A46022393603B6979
:1045E00003F02003002B08D07B6A5A01FB691344B7
:1045F00003F530631A46202393603B6903F40053AC
:10460000002B09D07B6A5A01FB69134403F5306320
:104610001A464FF4005393607B6A01337B62BB6A96
:104620005B08BB62BB6A002B7FF462AF7B681B68D0
:10463000184606F0A8FD034603F48023B3F5802F47
:1046400040F0DB807B681B68184606F0C9FDB86245
:1046500000237B62CDE0BB6A03F00103002B00F076
:10466000C2807B681B687A6AD2B21146184606F08F
:10467000EFFD38613B6903F00103002B57D07B6AE3
:1046800003F00F03012202FA03F3FB60FB6903F559
:1046900000635A6BFB68DB43F96901F50061134065
:1046A0004B637B6A5A01FB69134403F510631A4696
:1046B000012393607B689B79012B32D179687A6AF8
:1046C0001346DB0013449B000B44203319687868C1
:1046D0007A6A1346DB0013449B0003441C331B68B7
:1046E000194478687A6A1346DB0013449B0003443C
:1046F000203319607B6A002B13D179687A6A1346DC
:10470000DB0013449B000B4424331B68002B08D1AF
:104710007B6818687B6803F29C431A46012106F007
:10472000F7FD7B6ADBB21946786800F003FB3B6952
:1047300003F00803002B08D07B6A5A01FB6913447D
:1047400003F510631A46082393603B6903F01003D6
:10475000002B08D07B6A5A01FB69134403F51063F0
:104760001A46102393603B6903F04003002B08D0E6
:104770007B6A5A01FB69134403F510631A46402310
:1047800093603B6903F00203002B23D0796A386AF7
:1047900006F0FAFA7A6A1346DB0013449B001033E2
:1047A0007A68134404337B617B69DB78012B08D181
:1047B0007B690022DA707B6ADBB21946786800F008
:1047C00003FB7B6A5A01FB69134403F510631A4625
:1047D000022393603B6903F08003002B03D0796AC6
:1047E000786800F042FB7B6A01337B62BB6A5B083E
:1047F000BB62BB6A002B7FF42EAF7B681B68184638
:1048000006F0C1FC034603F00043B3F1004F22D190
:10481000FB6903F500635B68FA6902F5006223F047
:10482000010353607B6893F8CC34012B08D17B687B
:10483000002283F8CC240021786800F0F5FC02E027
:10484000786800F0ABFA7B681B685A697B681B6864
:1048500002F000425A617B681B68184606F093FC20
:10486000034603F40063B3F5006F12D1FB6903F54F
:1048700000639B6803F00103012B02D1786800F00C
:1048800083FA7B681B685A697B681B6802F40062C4
:104890005A617B681B68184606F075FC034603F0F6
:1048A0000063B3F1006F21D17B681B685A697B6894
:1048B0001B6802F000625A617B6893F8CC34002BCD
:1048C00011D17B68012283F8CC247B681B685B6D67
:1048D0009B0803F00F027B68C3F8D024012178689D
:1048E00000F0A2FC02E0786800F04EFA7B681B68DA
:1048F000184606F048FC034603F48053B3F5805F86
:1049000040F0B780FB6903F500635B68FA6902F564
:10491000006223F0010353607B681B681021184676
:1049200006F032FA0023FB6246E0FB6A5A01FB699B
:10493000134403F510631A464FF67F339360FB6A06
:104940005A01FB69134403F510631B68FA6A5101AD
:10495000FA690A4402F5106223F400131360FB6A3B
:104960005A01FB69134403F530631A464FF67F334F
:104970009360FB6A5A01FB69134403F530631B68BB
:10498000FA6A5101FA690A4402F5306223F400130D
:104990001360FB6A5A01FB69134403F530631B681B
:1049A000FA6A5101FA690A4402F5306243F0006381
:1049B0001360FB6A0133FB627B681B791A46FB6A52
:1049C0009342B2D3FB6903F50063DB69FA6902F530
:1049D000006243F00113D3617B68DB7B002B16D0B0
:1049E000FB6903F50063D3F88430FA6902F50062CD
:1049F00043F00B03C2F88430FB6903F500635B6C82
:104A0000FA6902F5006243F00B03536415E0FB6999
:104A100003F500635B69FA6902F5006243F4005331
:104A200043F02B035361FB6903F500631B69FA69CB
:104A300002F5006243F00B031361FB6903F50063A9
:104A40001B68FA6902F5006223F4FE6313607B6859
:104A500018687B6899797B6803F29C431A4606F0D4
:104A600057FC7B681B685A697B681B6802F480529C
:104A70005A617B681B68184606F085FB034603F401
:104A80000053B3F5005F23D17B681B68184606F01E
:104A90001BFC7B681B68184606F0EFF903461A46B4
:104AA0007B68DA717B681C6801F0A6FE01467B68B2
:104AB000DB791A46204605F01BFF786800F05AF9AA
:104AC0007B681B685A697B681B6802F400525A6154
:104AD0007B681B68184606F056FB034603F0080384
:104AE000082B0AD1786800F03BF97B681B685A698B
:104AF0007B681B6802F008025A617B681B681846D5
:104B000006F041FB034603F08003802B23D13B6A70
:104B10009B6923F080023B6A9A6101237B6214E067
:104B200079687A6A1346DB0013449B000B4403F256
:104B300057231B78012B05D17B6ADBB219467868B5
:104B400000F062F97B6A01337B627B681B791A464D
:104B50007B6A9342E4D37B681B68184606F013FB1C
:104B6000034603F48013B3F5801F3CD101237B621D
:104B70002BE07B6A5A01FB69134403F510631B6841
:104B8000BB6179687A6A1346DB0013449B000B44CF
:104B900018331B78012B15D1BB69002B12DA796809
:104BA0007A6A1346DB0013449B000B44173301223F
:104BB0001A707B6ADBB263F07F03DBB21946786858
:104BC00000F022F97B6A01337B627B681B791A460D
:104BD0007B6A9342CDD37B681B685A697B681B68EC
:104BE00002F480125A617B681B68184606F0CBFA03
:104BF000034603F40013B3F5001F56D101237B6273
:104C000045E07B6A5A01FB69134403F530631B6876
:104C1000BB6179687A6A1346DB0013449B000B443E
:104C200003F516731B78012B2ED1BB69002B2BDAF1
:104C3000BB6903F480327B68D3F8D43403F00103FA
:104C40009A4221D179687A6A1346DB0013449B00AB
:104C50000B4403F2572301221A703B6A9B6943F00D
:104C600080023B6A9A613B6A5B6903F08003002B18
:104C70000AD1FB6903F500635B68FA6902F500621B
:104C800043F40073536008E07B6A01337B627B6806
:104C90001B791A467B6A9342B3D37B681B685A69B7
:104CA0007B681B6802F400125A617B681B68184617
:104CB00006F069FA034603F08043B3F1804F0AD14E
:104CC000786800F08DF87B681B685A697B681B6800
:104CD00002F080425A617B681B68184606F053FA5E
:104CE000034603F00403042B15D17B681B685B6843
:104CF000BB61BB6903F00403002B02D0786800F0AD
:104D000079F87B681B6859687B681B68BA690A4335
:104D10005A6000E000BF3437BD4690BD80B483B018
:104D200000AF78600B46FB7000BF0C37BD465DF8E6
:104D3000047B704780B483B000AF78600B46FB7093
:104D400000BF0C37BD465DF8047B704780B483B06C
:104D500000AF786000BF0C37BD465DF8047B70473C
:104D600080B483B000AF786000BF0C37BD465DF8FB
:104D7000047B704780B483B000AF786000BF0C370D
:104D8000BD465DF8047B704780B483B000AF7860A7
:104D900000BF0C37BD465DF8047B704780B483B01C
:104DA00000AF786000BF0C37BD465DF8047B7047EC
:104DB00080B483B000AF78600B46FB7000BF0C3747
:104DC000BD465DF8047B704780B483B000AF786067
:104DD0000B46FB7000BF0C37BD465DF8047B704787
:104DE00080B483B000AF786000BF0C37BD465DF87B
:104DF000047B704780B483B000AF786000BF0C378D
:104E0000BD465DF8047B704780B584B000AF786024
:104E10000B46FB7097F90330002B0CDAFB7803F09C
:104E20000F021346DB0013449B0010337A681344CF
:104E30000433FB600CE0FB7803F00F021346DB0049
:104E400013449B0003F514737A6813440433FB6026
:104E50007B681B68F968184606F034F80346FB7255
:104E6000FB7A18461037BD4680BD80B58AB002AFC8
:104E7000786039607B681B687B617B693B613A685D
:104E80001346DB0013449B0010337A681344043349
:104E9000FB60FB685A69FB681B699A4201D90123D0
:104EA0006BE0FB681A69FB685B69D31AFB61FB68FE
:104EB0009B68FA699A4202D9FB689B68FB61FB69AF
:104EC00003339B08BB612AE0FB681A69FB685B69D6
:104ED000D31AFB61FB689B68FA699A4202D9FB68A6
:104EE0009B68FB61FB6903339B08BB61FB68D96866
:104EF0003B68DAB2FB6998B27B689B790093034602
:104F0000786906F089F8FB68DA68FB691A44FB687F
:104F1000DA60FB685A69FB691A44FB685A613B68AE
:104F20005A013B69134403F510639B699BB2BA694C
:104F30009A4209D8FB685A69FB681B699A4203D2F6
:104F4000FB681B69002BBFD1FB681A69FB685B69B2
:104F50009A4211D83B6803F00F03012202FA03F3CF
:104F6000BB603B6903F500635A6BBB68DB4339697F
:104F700001F5006113404B63002318462037BD46FE
:104F800080BD000080B588B000AF786039607B6874
:104F90001B68FB61FB69BB61FB693C3304331B6825
:104FA0007B613B685A01BB69134403F530639B681E
:104FB0003B617B689B79012B7BD13B6903F0080344
:104FC000002B15D07B69614A934240F2B9803B695E
:104FD00003F40043002B00F0B3803B685A01BB6927
:104FE000134403F530631A464FF400439360A7E07F
:104FF0003B6903F02003002B09D03B685A01BB69D1
:10500000134403F530631A462023936098E03B690C
:1050100003F02803002B40F093807B694B4A9342B6
:105020000FD93B6903F40043002B0AD03B685A01B7
:10503000BB69134403F530631A464FF40043936091
:105040007EE03A681346DB0013449B0003F51473BB
:105050007A6813440433FB60FB681A6A3B685901A1
:10506000BB690B4403F530631B69C3F31203D21A07
:10507000FB685A613B68002B14D1FB681B69002B4D
:1050800009D17B6818687B6803F29C431A460121AA
:1050900006F03EF906E0FB68DA68FB685B691A44D3
:1050A000FB68DA603B68DBB219467868FFF736FECA
:1050B00046E07B69264A934224D13B6903F40043CE
:1050C000002B0AD03B685A01BB69134403F53063D7
:1050D0001A464FF40043936032E03B6903F020032B
:1050E000002B08D03B685A01BB69134403F53063B9
:1050F0001A46202393603B68DBB219467868FFF7B5
:105100000DFE1DE03B68002B14D179683A68134608
:10511000DB0013449B000B4403F519731B68002B41
:1051200008D17B6818687B6803F29C431A4600210B
:1051300006F0EEF83B68DBB219467868FFF7EEFD43
:10514000002318462037BD4680BD00BF0A30544FAB
:105150000A31544F80B586B000AF786039607B6803
:105160001B687B617B693B617B693C3304331B6853
:10517000FB603B685A013B69134403F530639B684D
:10518000BB60FB68154A93420ED9BB6803F4004329
:10519000002B09D03B685A013B69134403F5306387
:1051A0001A464FF4004393607868FFF7CFFDFB6821
:1051B0000A4A93420CD97B689B79012B08D17B6802
:1051C00018687B6803F29C431A46012106F0A0F898
:1051D000002318461837BD4680BD00BF0A30544F23
:1051E00080B485B000AF78607B681B68FB607B682B
:1051F0000122C3F8D8247B68002283F8CC24FB6802
:105200009B6943F00062FB689A61FB685B6D43F049
:10521000805343F00303FA6853650023184614379C
:10522000BD465DF8047B704780B483B000AF786002
:105230000B46FB7000BF0C37BD465DF8047B704722
:1052400080B485B000AF7860394BDB6B03F440333A
:10525000BB60BA687B689A420BD17B68B3F5803F2C
:1052600005D9334BDB68324A43F48023D3600023F3
:1052700057E07B68B3F5803F0AD92D4BDB6823F4F8
:10528000E0227B6813432A4A43F48023D36007E07B
:10529000274BDB6823F4E02225497B681343CB606E
:1052A000244B1B68244AA2FB03239B09322202FBE6
:1052B00003F3214AA2FB03239B090133FB6002E0B5
:1052C000FB68013BFB601A4BDB6803F40043002BD7
:1052D00002D1FB68002BF3D1FB68002B1BD0154BD0
:1052E0001B68154AA2FB03239B09322202FB03F32E
:1052F000114AA2FB03239B090133FB6002E0FB6818
:10530000013BFB600A4BDB6B03F40043002B02D133
:10531000FB68002BF3D1FB68002B01D1032300E0D5
:10532000002318461437BD465DF8047B704700BF64
:105330000008024604000020D34D621080B400AF84
:10534000044BDB6B03F440331846BD465DF8047B29
:10535000704700BF0008024680B485B000AF786097
:10536000224B1B68224AA2FB03239B09322202FB29
:1053700003F31F4AA2FB03239B090133FB607B68F5
:10538000002B13D11B4B9B681A4A23F00203936036
:1053900002E0FB68013BFB60164BDB6B03F0020392
:1053A000022B16D1FB68002BF3D112E0114B9B6846
:1053B000104A43F00203936002E0FB68013BFB608C
:1053C0000C4BDB6B03F00203002B02D1FB68002BBC
:1053D000F3D1FB68002B01D1032300E00023184622
:1053E0001437BD465DF8047B704700BF0400002001
:1053F000D34D62100008024680B400AF054B1B6914
:10540000044A43F08053136100BFBD465DF8047B3E
:10541000704700BF0008024680B400AF054B1B690F
:10542000044A43F00053136100BFBD465DF8047B9E
:10543000704700BF0008024680B400AF054B1B69EF
:10544000044A43F08043136100BFBD465DF8047B0E
:10545000704700BF0008024680B58EB000AF78608C
:10546000002387F837307B68002B02D1012300F03E
:10547000C8BE994BDB6903F00C033B63964B9B6AF8
:1054800003F00303FB627B681B6803F01003002B2F
:1054900000F06C813B6B002B07D03B6B0C2B40F07A
:1054A000DE80FB6A012B40F0DA807B68DB69002B31
:1054B00002D1012300F0A5BE7B685A6A864B9B6827
:1054C00003F40003002B04D0834B9B6803F070436C
:1054D00005E0814BD3F8F4301B0403F07043934292
:1054E00055D23B6B002B0AD17B685B6A184601F0F2
:1054F00011FA0346002B02D0012300F082BE764B46
:105500009B68754A43F400039360734B9B6823F0D8
:1055100070427B685B6A704913438B607B685B6A8F
:10552000B3F1404F09D36C4BDB6823F01F027B685B
:105530001B6A69491343CB607EE07B685B6A002B82
:105540000ADA654BDB6823F478727B681B6A5B01BF
:1055500061491343CB606FE07B685B6AB3F1804FB6
:105560000AD35D4BDB6823F4F8427B681B6A9B021D
:1055700059491343CB605FE0574BDB6823F4782233
:105580007B681B6ADB0354491343CB6054E0524BE6
:105590009B68514A43F4000393604F4B9B6823F090
:1055A00070427B685B6A4C4913438B607B685B6A23
:1055B000B3F1404F09D3484BDB6823F01F027B68EF
:1055C0001B6A45491343CB6028E07B685B6A002B6C
:1055D0000ADA414BDB6823F478727B681B6A5B0153
:1055E0003D491343CB6019E07B685B6AB3F1804FA0
:1055F0000AD3394BDB6823F4F8427B681B6A9B02B1
:1056000035491343CB6009E0334BDB6823F4782240
:105610007B681B6ADB0330491343CB603B6B002B79
:105620000AD17B685B6A184601F074F90346002BC7
:1056300002D0012300F0E5BD01F0DEF8274B1B6826
:105640001846FBF7EDFB034687F8273097F827301D
:10565000002B00F08A8097F8273000F0D2BD7B68DD
:10566000DB69002B66D01C4B1B681B4A43F001030F
:105670001360FBF7BBFFB86209E0FBF7B7FF024618
:10568000BB6AD31A022B02D9032300F0BABD124B16
:105690001B6803F00403002BEFD00F4B9B680E4AEE
:1056A00043F4000393600C4B9B6823F070427B68CB
:1056B0005B6A094913438B607B685B6AB3F1404FB7
:1056C0000ED3054BDB6823F01F027B681B6A02497F
:1056D0001343CB604AE000BF000C024608000020E4
:1056E0007B685B6A002B0ADA984BDB6823F47872DC
:1056F0007B681B6A5B0195491343CB6036E07B688E
:105700005B6AB3F1804F0AD3904BDB6823F4F84215
:105710007B681B6A9B028D491343CB6026E08B4B51
:10572000DB6823F478227B681B6ADB038749134319
:10573000CB601BE0854B1B68844A23F00103136098
:10574000FBF754FFB86209E0FBF750FF0246BB6A63
:10575000D31A022B02D9032300F053BD7B4B1B68E5
:1057600003F00403002BEFD100E000BF7B681B684F
:1057700003F00103002B00F08B803B6B082B05D05E
:105780003B6B0C2B09D1FB6A032B06D17B685B6852
:10579000002B7DD1012300F034BD7B685B68B3F53D
:1057A000803F06D1694B1B68684A43F4803313601D
:1057B00041E07B685B68B3F5A02F12D1634B1B6897
:1057C000624A43F480231360604B1B685F4A23F4F2
:1057D000801313605D4B1B685C4A43F48033136095
:1057E00029E07B685B68B3F5A81F12D1574B1B6893
:1057F000564A43F480231360544B1B68534A43F4C6
:1058000080131360514B1B68504A43F4803313607C
:1058100011E04E4B1B684D4A23F4803313604B4B11
:105820001B684A4A23F480231360484B1B68474A8D
:1058300023F4801313607B685B68002B14D0FBF7A4
:10584000D5FEB86209E0FBF7D1FE0246BB6AD31A67
:10585000642B02D9032300F0D4BC3C4B1B6803F437
:105860000033002BEFD013E0FBF7C0FEB86209E075
:10587000FBF7BCFE0246BB6AD31A642B02D9032392
:1058800000F0BFBC314B1B6803F40033002BEFD199
:105890007B681B6803F00203002B5FD03B6B042B7B
:1058A00005D03B6B0C2B14D1FB6A022B11D17B680A
:1058B000DB68002B02D1012300F0A3BC234B1B6942
:1058C00023F4F8127B681B691B04204913430B6106
:1058D00044E07B68DB68002B24D01C4B1B681B4A10
:1058E00043F480731360FBF781FEB86209E0FBF7B5
:1058F0007DFE0246BB6AD31A022B02D9032300F0B5
:1059000080BC124B1B6803F48063002BEFD00F4B5D
:105910001B6923F4F8127B681B691B040B491343B2
:105920000B611BE0094B1B68084A23F4807313606A
:10593000FBF75CFEB8620BE0FBF758FE0246BB6A61
:10594000D31A022B04D9032300F05BBC000C0246DF
:10595000AF4B1B6803F48063002BEDD17B681B68A1
:1059600003F00803002B00F0C880002387F83630CE
:10597000A74BD3F8943003F00403002B11D1A44BB0
:10598000D3F89430A24A43F00403C2F89430A04BF9
:10599000D3F8943003F004037B617B69012387F81B
:1059A00036309C4B9B6A03F00103002B19D1994BB5
:1059B0009B6A984A43F001039362FBF717FEB862B3
:1059C00009E0FBF713FE0246BB6AD31A022B02D989
:1059D000032300F016BC8F4B9B6A03F00103002BDE
:1059E000EFD07B685B69002B5FD0894BD3F8F03038
:1059F0003B627B689A693B6A03F080539A4237D0D6
:105A00003B6A03F00063002B06D03B6A03F080631F
:105A1000002B01D10123F4E33B6A03F08063002BE8
:105A20001BD07B4BD3F8F030794A23F0A053C2F857
:105A3000F030FBF7DBFDB86208E0FBF7D7FD02466C
:105A4000BB6AD31A052B01D90323DAE3704BD3F8D1
:105A5000F03003F00063002BEFD16D4BD3F8F03042
:105A600023F080527B689B6969491343C1F8F03089
:105A7000674BD3F8F030664A43F08063C2F8F030E9
:105A8000FBF7B4FDB86208E0FBF7B0FD0246BB6A65
:105A9000D31A052B01D90323B3E35D4BD3F8F030C0
:105AA00003F00063002BEFD01BE0594BD3F8F0302C
:105AB000574A23F0A053C2F8F030FBF797FDB862C5
:105AC00008E0FBF793FD0246BB6AD31A052B01D908
:105AD000032396E34E4BD3F8F03003F00063002B22
:105AE000EFD197F83630012B07D1494BD3F89430DA
:105AF000474A23F00403C2F894307B681B6803F024
:105B00000403002B00F01181002387F83530404B4F
:105B1000D3F8943003F00403002B11D13C4BD3F89D
:105B200094303B4A43F00403C2F89430384BD3F826
:105B3000943003F004033B613B69012387F835305F
:105B4000344B9B6A03F00103002B18D1314B9B6A45
:105B5000304A43F001039362FBF748FDB86208E066
:105B6000FBF744FD0246BB6AD31A022B01D903237B
:105B700047E3284B9B6A03F00103002BF0D07B68BE
:105B80009B6803F00103002B1FD07B689B6803F028
:105B90000403002B10D01E4BD3F8F0301C4A43F006
:105BA0000403C2F8F0301A4BD3F8F030184A43F02F
:105BB0000103C2F8F03018E0154BD3F8F030144A66
:105BC00043F00103C2F8F0300FE0114BD3F8F0308E
:105BD0000F4A23F00103C2F8F0300D4BD3F8F03038
:105BE0000B4A23F00403C2F8F0307B689B68002B5B
:105BF00057D0FBF7FBFCB8620EE0FBF7F7FC024660
:105C0000BB6AD31A41F28832934205D90323F8E2E2
:105C1000000C0246000802469C4BD3F8F03003F01B
:105C20000203002BE9D07B689B6803F08003002B04
:105C30001BD0964BD3F8F030944A43F08003C2F85F
:105C4000F0300AE0FBF7D2FC0246BB6AD31A41F2FD
:105C50008832934201D90323D3E28C4BD3F8F0303E
:105C600003F40063002BEDD053E0884BD3F8F03001
:105C7000864A23F08003C2F8F0300AE0FBF7B6FC56
:105C80000246BB6AD31A41F28832934201D90323F8
:105C9000B7E27E4BD3F8F03003F40063002BEDD174
:105CA00037E0FBF7A3FCB8620AE0FBF79FFC024673
:105CB000BB6AD31A41F28832934201D90323A0E28E
:105CC000724BD3F8F03003F00203002BEDD16F4B91
:105CD000D3F8F03003F08003002B1AD06B4BD3F8CD
:105CE000F0306A4A23F08003C2F8F0300AE0FBF794
:105CF0007DFC0246BB6AD31A41F28832934201D935
:105D000003237EE2614BD3F8F03003F40063002BF1
:105D1000EDD197F83530012B07D15C4BD3F8943097
:105D20005A4A23F00403C2F894307B681B6803F0DE
:105D30002003002B36D07B68DB6A002B19D0534B35
:105D40001B68524A43F480531360FBF74FFCB86260
:105D500008E0FBF74BFC0246BB6AD31A022B01D9C1
:105D600003234EE2494B1B6803F40053002BF0D091
:105D700018E0464B1B68454A23F480531360FBF739
:105D800035FCB86208E0FBF731FC0246BB6AD31A67
:105D9000022B01D9032334E23C4B1B6803F400536C
:105DA000002BF0D17B681B6803F08003002B36D0FA
:105DB0007B681B6B002B19D0344B1B68334A43F4B0
:105DC00080431360FBF712FCB86208E0FBF70EFC9F
:105DD0000246BB6AD31A022B01D9032311E22B4BD3
:105DE0001B6803F40043002BF0D018E0274B1B681E
:105DF000264A23F480431360FBF7F8FBB86208E0FF
:105E0000FBF7F4FB0246BB6AD31A022B01D903232A
:105E1000F7E11E4B1B6803F40043002BF0D17B68B5
:105E20001B6803F04003002B7FD07B685B6B002B6B
:105E300062D0164B9B68154A43F400039360134BE2
:105E40009B6823F070627B689B6A104913438B60E8
:105E50007B685B6AB3F1404F09D30C4BDB6823F0DE
:105E60001F027B681B6A09491343CB602AE07B68E9
:105E70005B6A002B0CDA054BDB6823F478727B68D5
:105E80001B6A5B0101491343CB601BE0000C024617
:105E90007B685B6AB3F1804F0AD3A14BDB6823F4C4
:105EA000F8427B681B6A9B029D491343CB6009E063
:105EB0009B4BDB6823F478227B681B6ADB039849E1
:105EC0001343CB60964B1B68954A43F01003136055
:105ED000FBF78CFBB86208E0FBF788FB0246BB6A65
:105EE000D31A022B01D903238BE18D4B1B6803F0DE
:105EF0002003002BF0D018E0894B1B68884A23F060
:105F000010031360FBF772FBB86208E0FBF76EFB4F
:105F10000246BB6AD31A022B01D9032371E1804BDD
:105F20001B6803F02003002BF0D17B689B6B002BD8
:105F300000F06681002387F83430794BDB6903F089
:105F40000C030C2B00F0F2807B689B6B022B40F063
:105F5000C580734B1B68724A23F080731360FBF794
:105F600045FBB86208E0FBF741FB0246BB6AD31A67
:105F7000022B01D9032344E1694B1B6803F0007332
:105F8000002BF0D1664BD3F8943003F00403002BC0
:105F900011D1634BD3F89430614A43F00403C2F843
:105FA00094305F4BD3F8943003F00403FB60FB683C
:105FB000012387F834305B4BDB6803F48023B3F5AF
:105FC000802F02D1012387F83730564BDB68554AC2
:105FD00023F48023D360524B9B6A23F47F4323F046
:105FE00003037A68D16B7A68126C013A120211438A
:105FF0007A68526C0A434A4913438B62484B5A6B86
:10600000494B13407A68926C013AC2F308017A68EE
:10601000D26C013A520292B211437A68126D013A7F
:10602000120402F4FE0211437A68526D013A12061C
:1060300002F0FE420A433A4913434B63384B9B6AD2
:10604000374A23F0100393627B68DB6D344ADB0030
:106050009363334B9B6A324A43F010039362304B95
:106060009B6A23F00C027B689B6D2D4913438B6266
:1060700097F83730012B05D12A4BDB68294A43F4C6
:106080008023D36097F83430012B07D1244BD3F809
:106090009430234A23F00403C2F89430204B1B6849
:1060A0001F4A43F080731360FBF7A0FAB86208E060
:1060B000FBF79CFA0246BB6AD31A022B01D90323D1
:1060C0009FE0174B1B6803F00073002BF0D0144BBC
:1060D0009B6A134A43F48023936291E0104B1B6840
:1060E0000F4A23F080731360FBF780FAB86208E070
:1060F000FBF77CFA0246BB6AD31A022B01D90323B1
:106100007FE0074B1B6803F00073002BF0D1044BBA
:106110009B6A034A23F4E02323F0030393626FE0B6
:10612000000C02460008024600008080374B9B6A44
:10613000FB61364B5B6BBB617B689B6B012B39D082
:10614000FB6903F003027B68DB6B9A4232D1FB6987
:106150001B0A03F00F027B681B6C013B9A4229D19A
:10616000FB6903F470427B685B6C9A4222D1BB6985
:10617000C3F308027B689B6C013B9A421AD1BB694E
:106180005B0A03F07F027B68DB6C013B9A4211D112
:10619000BB691B0C03F07F027B681B6D013B9A42BD
:1061A00008D1BB691B0E03F07F027B685B6D013B6E
:1061B0009A4201D0012324E0144B9B6BDB08C3F30C
:1061C0000C027B68DB6D9A421AD0104B9B6A0F4A17
:1061D00023F010039362FBF709FAB86200BFFBF7E4
:1061E00005FA0246BB6A9342F9D07B68DB6D074A29
:1061F000DB009363054B9B6A044A43F010039362F0
:10620000002318463837BD4680BD00BF000C02464B
:1062100080B586B000AF786039607B68002B01D113
:106220000123D9E19B4B1B6803F00F033A689A42A4
:1062300010D9984B1B6823F00F0296493B68134313
:106240000B60944B1B6803F00F033A689A4201D02D
:106250000123C1E17B681B6803F01003002B10D001
:106260007B685A698C4B5B6A03F070039A4208D9C9
:10627000894B5B6A23F070027B685B698649134334
:106280004B627B681B6803F00803002B12D07B680D
:106290001A69814B1B6A1B0903F070039A4209D9E2
:1062A0007D4B1B6A23F4E0627B681B691B017A4902
:1062B00013430B627B681B6803F00403002B10D0B0
:1062C0007B68DA68744B1B6A03F070039A4208D942
:1062D000714B1B6A23F070027B68DB686E491343C5
:1062E0000B627B681B6803F00203002B10D07B68F5
:1062F0009A68694B1B6A03F00F039A4208D9664BF0
:106300001B6A23F00F027B689B68634913430B628F
:106310007B681B6803F00103002B00F0D280002390
:10632000FB757B685B68032B43D15B4BD3F89430E0
:1063300003F00403002B10D1574BD3F89430564A86
:1063400043F00403C2F89430534BD3F8943003F075
:106350000403BB60BB680123FB75FBF747F9386199
:106360004E4BDB6803F48023002B0FD008E0FBF7D3
:106370003DF902463B69D31A022B01D903232BE1D5
:10638000464BDB6803F48043002BF0D0FB7D012BF0
:1063900007D1414BD3F894303F4A23F00403C2F8AD
:1063A00094303D4B1B6803F00073002B21D1012377
:1063B00012E17B685B68022B07D1374B1B6803F443
:1063C0000033002B15D1012306E17B685B68002BAD
:1063D00007D1314B1B6803F00403002B09D10123C3
:1063E000FAE02D4B1B6803F48063002B01D10123DD
:1063F000F2E0294BDB6923F003027B685B682649E6
:106400001343CB61FBF7F2F838617B685B68032BC1
:1064100012D10AE0FBF7EAF802463B69D31A41F2CF
:106420008832934201D90323D6E01B4BDB6903F08A
:106430000C030C2BEED144E07B685B68022B12D17D
:106440000AE0FBF7D3F802463B69D31A41F28832DF
:10645000934201D90323BFE00F4BDB6903F00C0328
:10646000082BEED12DE07B685B68002B23D10AE07E
:10647000FBF7BCF802463B69D31A41F288329342DB
:1064800001D90323A8E0044BDB6903F00C03002BC4
:10649000EED116E000200240000C02460008024641
:1064A000FBF7A4F802463B69D31A41F288329342C3
:1064B00001D9032390E04A4BDB6903F00C03042B62
:1064C000EED17B681B6803F00203002B10D07B68C1
:1064D0009A68434B1B6A03F00F039A4208D2404B61
:1064E0001B6A23F00F027B689B683D4913430B62D4
:1064F0003C4B1B6803F00F033A689A4210D2394BA9
:106500001B6823F00F0237493B6813430B60354B80
:106510001B6803F00F033A689A4201D001235BE045
:106520007B681B6803F00403002B10D07B68DA68DB
:106530002B4B1B6A03F070039A4208D2284B1B6A4C
:1065400023F070027B68DB68254913430B627B688C
:106550001B6803F00803002B12D07B681A69204BDC
:106560001B6A1B0903F070039A4209D21C4B1B6A79
:1065700023F4E0627B681B691B01194913430B621A
:106580007B681B6803F01003002B10D07B685A69EE
:10659000134B5B6A03F070039A4208D2104B5B6A9C
:1065A00023F070027B685B690D4913434B6200F076
:1065B00021F802460A4B1B6A03F00F030A49CB5C21
:1065C00022FA03F3094A1360094B1B681846FAF7CD
:1065D00027FC0346FB73FB7B18461837BD4680BD7E
:1065E000000C02460020024024E1010804000020C3
:1065F0000800002080B48BB000AF00237B62002332
:106600003B62784BDB6903F00C03BB61754B9B6A03
:1066100003F003037B61BB69002B05D0BB690C2B26
:1066200021D17B69012B1ED16E4B9B6803F40003C3
:10663000002B07D16B4BD3F8F4301B0B03F00F0387
:106640007B6205E0674B9B681B0F03F00F037B62C7
:10665000654A7B6A52F823307B62BB69002B10D1FC
:106660007B6A3B620DE05F4BDB6903F00C03042B9C
:1066700002D15E4B3B6204E0BB69082B01D15B4B4E
:106680003B62BB690C2B40F0A580564B9B6A03F024
:1066900003033B61534B9B6A1B0A03F00F03013357
:1066A000FB60504B9B6A1B0903F00103BB604D4B21
:1066B0009B6BDB08C3F30C03BA6802FB03F307EE22
:1066C000903AF8EE677AC7ED017A3B69022B03D066
:1066D0003B69032B22D043E0FB6807EE903AF8EECB
:1066E000677ADFED436A86EEA77A3E4B5B6BC3F3B6
:1066F000080307EE903AF8EE676A97ED016ADFED5E
:106700003D5AC6EE257A76EEA77AF7EE006A77EE66
:10671000A67A67EE277AC7ED077A46E0FB6807EEB0
:10672000903AF8EE677ADFED326A86EEA77A2D4B63
:106730005B6BC3F3080307EE903AF8EE676A97EDD8
:10674000016ADFED2C5AC6EE257A76EEA77AF7EECF
:10675000006A77EEA67A67EE277AC7ED077A24E01B
:106760007B6A07EE903AF8EE676AFB6807EE903AAC
:10677000F8EE677A86EEA77A1A4B5B6BC3F30803D1
:1067800007EE903AF8EE676A97ED016ADFED195A65
:10679000C6EE257A76EEA77AF7EE006A77EEA67A4D
:1067A00067EE277AC7ED077A00BF0E4B5B6B1B0EB7
:1067B00003F07F0301333B603B6807EE903AB8EE8D
:1067C000677AD7ED076AC6EE877AFCEEE77A17EEAE
:1067D000903A3B623B6A18462C37BD465DF8047B15
:1067E000704700BF000C02463CE101080024F400A1
:1067F0000024744B0000004680B500AFFFF7FAFE9E
:106800000246074B1B6A03F00F030649CB5C22FAD2
:1068100003F3054A1360044B1B68184680BD00BF94
:10682000000C024624E101080400002080B500AFFE
:10683000FFF7E2FF0246054B1B6A1B0903F0070343
:106840000349CB5C22FA03F3184680BD000C0246D4
:1068500034E1010880B500AFFFF7CEFF0246054BDB
:106860001B6A1B0A03F007030349CB5C22FA03F3FC
:10687000184680BD000C024634E1010880B500AF27
:10688000FFF7BAFF0246054B5B6A1B0903F00703DB
:106890000349CB5C22FA03F3184680BD000C024684
:1068A00034E1010880B483B000AF786039607B6860
:1068B0001F221A60154BDB6903F003027B685A60E4
:1068C000124B1B6A03F00F027B689A600F4B1B6A26
:1068D00003F070027B68DA600C4B1B6A1B0903F043
:1068E00070027B681A61094B5B6A03F070027B6877
:1068F0005A61074B1B6803F00F023B681A6000BF28
:106900000C37BD465DF8047B704700BF000C0246A3
:106910000020024080B586B000AF78603E4BD3F8CF
:10692000943003F00403002B03D0FEF707FD7861D9
:1069300019E0394BD3F89430374A43F00403C2F8D6
:106940009430354BD3F8943003F00403FB60FB68BC
:10695000FEF7F4FC7861304BD3F894302E4A23F0E4
:106960000403C2F894307B69B3F5403F03D07B69E0
:10697000B3F5003F09D17B68B3F1805F02D20123F8
:106980003B6133E000233B6130E07B68B3F1805F23
:1069900008D27B69B3F5803F02D103233B6125E038
:1069A000012335E07B68B3F1005F0FD97B69002BD1
:1069B00009D17B68B3F1405F02D900233B6115E048
:1069C00001233B6112E000233B610FE07B68B3F1E0
:1069D000805F09D17B69B3F5803F02D101233B6120
:1069E00004E002233B6101E001233B610B4B1B6888
:1069F00023F00F0209493B6913430B60074B1B68E7
:106A000003F00F033A699A4201D0012300E000230A
:106A100018461837BD4680BD000C024600200240D3
:106A20002DE9B04FB8B000AFC7F8CC00002387F80D
:106A3000DB30002387F8DA30D7F8CC30D3E90023F5
:106A400002F00104002554EA05030BD0CA4BD3F829
:106A5000E03023F00301D7F8CC301B6DC64A0B435E
:106A6000C2F8E030D7F8CC30D3E9002302F00208B6
:106A70004FF0000958EA09030BD0BF4BD3F8E030C0
:106A800023F00C01D7F8CC305B6DBB4A0B43C2F846
:106A9000E030D7F8CC30D3E9002302F0040A4FF0FD
:106AA000000B5AEA0B030BD0B34BD3F8E03023F0C2
:106AB0003001D7F8CC309B6DAF4A0B43C2F8E030C1
:106AC000D7F8CC30D3E9002302F00803C7F8C03070
:106AD0000023C7F8C430D7E930120B4613430BD05C
:106AE000A54BD3F8E03023F0C001D7F8CC30DB6DF4
:106AF000A14A0B43C2F8E030D7F8CC30D3E90023E9
:106B000002F01003C7F8B8300023C7F8BC30D7E94B
:106B10002E120B4613430BD0974BD3F8E03023F4DF
:106B20004071D7F8CC301B6E934A0B43C2F8E0306B
:106B3000D7F8CC30D3E9002302F02003C7F8B030F7
:106B40000023C7F8B430D7E92C120B4613430BD0FF
:106B5000894BD3F8E83023F00701D7F8CC305B6ECF
:106B6000854A0B43C2F8E830D7F8CC30D3E900238C
:106B700002F04003C7F8A8300023C7F8AC30D7E9CB
:106B80002A120B4613430BD07B4BD3F8E03023F48F
:106B90004061D7F8CC309B6E774A0B43C2F8E030A7
:106BA000D7F8CC30D3E9002302F08003C7F8A03037
:106BB0000023C7F8A430D7E928120B4613430BD0A3
:106BC0006D4BD3F8E03023F44051D7F8CC30DB6E76
:106BD000694A0B43C2F8E030D7F8CC30D3E9002340
:106BE00002F48073C7F898300023C7F89C30D7E9C7
:106BF00026120B4613430BD05F4BD3F8E83023F03B
:106C0000C001D7F8CC301B6F5B4A0B43C2F8E830A9
:106C1000D7F8CC30D3E9002302F48003C7F89030D2
:106C20000023C7F89430D7E924120B4613430BD046
:106C3000514BD3F8E03023F44041D7F8CC305B6FB0
:106C40004D4A0B43C2F8E030D7F8CC30D3E90023EB
:106C500002F40073C7F888300023C7F88C30D7E9F6
:106C600022120B4613430BD0434BD3F8E83023F4E6
:106C70004061D7F8CC309B6F3F4A0B43C2F8E830F5
:106C8000D7F8CC30D3E9002302F48063C7F8803012
:106C90000023C7F88430D7E920120B4613430BD0EA
:106CA000354BD3F8E03023F44021D7F8CC30DB6FFC
:106CB000314A0B43C2F8E030D7F8CC30D3E9002397
:106CC00002F40063BB670023FB67D7E91E120B4683
:106CD00013430CD0284BD3F8E83023F44071D7F895
:106CE000CC30D3F88030244A0B43C2F8E830D7F8D0
:106CF000CC30D3E9002302F400533B6700237B67C9
:106D0000D7E91C120B4613434FD0D7F8CC30D3F839
:106D10009030802B2DD0802B27D8602B2ED0602B4D
:106D200023D8402B06D0402B1FD8002B09D0202B76
:106D300011D01AE0104B9B6A0F4A43F480339362E0
:106D40001DE0D7F8CC300833184602F0D1F90346DD
:106D500087F8DB3013E0D7F8CC302C33184602F03C
:106D60005FFA034687F8DB3009E0012387F8DB3060
:106D700005E000BF03E000BF000C024600BF97F82B
:106D8000DB30002B0DD1B64BD3F8E43023F0E0011B
:106D9000D7F8CC30D3F89030B14A0B43C2F8E43086
:106DA00003E097F8DB3087F8DA30D7F8CC30D3E956
:106DB000002302F48043BB660023FB66D7E91A1266
:106DC0000B46134353D0D7F8CC30D3F89430B3F5F7
:106DD000806F33D0B3F5806F2CD8B3F5407F2FD0C0
:106DE000B3F5407F26D8B3F5007F08D0B3F5007F18
:106DF00020D8002B0AD0B3F5807F11D01AE0984B31
:106E00009B6A974A43F4803393621AE0D7F8CC30F8
:106E10000833184602F06CF9034687F8DB3010E0BF
:106E2000D7F8CC302C33184602F0FAF9034687F82D
:106E3000DB3006E0012387F8DB3002E000BF00E032
:106E400000BF97F8DB30002B0DD1854BD3F8E43031
:106E500023F4E061D7F8CC30D3F89430804A0B4368
:106E6000C2F8E43003E097F8DB3087F8DA30D7F87F
:106E7000CC30D3E9002302F400433B6600237B6659
:106E8000D7E918120B46134346D0D7F8CC30D3F8C5
:106E9000A430B3F5A04F28D0B3F5A04F21D8B3F557
:106EA000804F22D0B3F5804F1BD8B3F5405F1CD084
:106EB000B3F5405F15D8B3F5005F08D0B3F5005FB8
:106EC0000FD8002B11D0B3F5805F0ED009E0D7F8B2
:106ED000CC300833184602F00BF9034687F8DB3054
:106EE00004E0012387F8DB3000E000BF97F8DB30D7
:106EF000002B0DD15A4BD3F8E83023F4E041D7F8FA
:106F0000CC30D3F8A430564A0B43C2F8E83003E043
:106F100097F8DB3087F8DA30D7F8CC30D3E90023A4
:106F200002F48033BB650023FB65D7E916120B46DC
:106F300013433FD0D7F8CC30D3F88830042B1ED879
:106F400001A252F823F000BF876F01085D6F0108AE
:106F50006B6F0108876F0108876F0108404B9B6AC0
:106F60003F4A43F4803393620EE0D7F8CC302C33A1
:106F7000184602F055F9034687F8DB3004E0012398
:106F800087F8DB3000E000BF97F8DB30002B0DD135
:106F9000334BD3F8E43023F00701D7F8CC30D3F8E3
:106FA00088302F4A0B43C2F8E43003E097F8DB3017
:106FB00087F8DA30D7F8CC30D3E9002302F4003375
:106FC0003B6500237B65D7E914120B4613434DD074
:106FD000D7F8CC30D3F88C30B3F5802F28D0B3F568
:106FE000802F21D8B3F5403F24D0B3F5403F1BD8C4
:106FF000B3F5003F0ED0B3F5003F15D8002B1BD0E2
:10700000B3F5803F10D1164B9B6A154A43F4803389
:10701000936212E0D7F8CC302C33184602F000F916
:10702000034687F8DB3008E0012387F8DB3004E013
:1070300000BF02E000BF00E000BF97F8DB30002B8C
:1070400010D1074BD3F8E83023F4E021D7F8CC3047
:10705000D3F88C30024A0B43C2F8E83006E000BF98
:10706000000C024697F8DB3087F8DA30D7F8CC30DE
:10707000D3E9002302F48023BB640023FB64D7E937
:1070800012120B46134300F0B580002387F8D93065
:107090009D4BD3F8943003F00403002B13D19A4B8B
:1070A000D3F89430984A43F00403C2F89430964BD6
:1070B000D3F8943003F00403C7F8D030D7F8D030B9
:1070C000012387F8D930914B9B6A904A43F0010322
:1070D0009362FAF78BFAC7F8D4000BE0FAF786FA56
:1070E0000246D7F8D430D31A022B03D9032387F8EA
:1070F000DB3005E0854B9B6A03F00103002BEDD0EC
:1071000097F8DB30002B65D17F4BD3F8F03003F4D8
:107110004073C7F8DC30D7F8DC30002B23D0D7F829
:10712000CC30D3F8BC20D7F8DC3093421BD0764B60
:10713000D3F8F03023F44073C7F8DC30724BD3F847
:10714000F030714A43F48033C2F8F0306E4BD3F81C
:10715000F0306D4A23F48033C2F8F0306A4AD7F831
:10716000DC30C2F8F030D7F8DC3003F00103002B3C
:1071700019D0FAF73BFAC7F8D4000DE0FAF736FA5F
:107180000246D7F8D430D21A41F288339A4203D952
:10719000032387F8DB3006E05B4BD3F8F03003F0D5
:1071A0000203002BEAD097F8DB30002B0DD1564BB1
:1071B000D3F8F03023F44071D7F8CC30D3F8BC309A
:1071C000514A0B43C2F8F03008E097F8DB3087F8FB
:1071D000DA3003E097F8DB3087F8DA3097F8D93007
:1071E000012B07D1484BD3F89430474A23F00403CE
:1071F000C2F89430D7F8CC30D3E9002302F48013DE
:107200003B6400237B64D7E910120B46134342D042
:10721000D7F8CC30D3F89C30B3F1406F22D0B3F123
:10722000406F1BD8B3F1006F11D0B3F1006F15D8C8
:10723000002B19D0B3F1806F10D1D7F8CC300833C0
:10724000184601F055FF034687F8DB300DE02E4B62
:107250009B6A2D4A43F40033936206E0012387F8CA
:10726000DB3002E000BF00E000BF97F8DB30002B0E
:107270000DD1254BD3F8E03023F04061D7F8CC3066
:10728000D3F89C30204A0B43C2F8E03003E097F873
:10729000DB3087F8DA30D7F8CC30D3E9002302F4BA
:1072A0000023BB630023FB63D7E90E120B46134395
:1072B00032D0D7F8CC30D3F89830B3F5005F0BD08C
:1072C000B3F5005F04D8002B08D0B3F5805F07D07A
:1072D000012387F8DB3004E000BF02E000BF00E0DC
:1072E00000BF97F8DB30002B12D1074BD3F8E43006
:1072F00023F44051D7F8CC30D3F89830024A0B43EE
:10730000C2F8E43008E000BF000C02460008024664
:1073100097F8DB3087F8DA30D7F8CC30D3E90023A0
:1073200002F400133B6300237B63D7E90C120B4686
:10733000134319D0D7F8CC30D3F8A030B3F5804F31
:1073400005D1884B9B6A874A43F480339362854B0F
:10735000D3F8E43023F48041D7F8CC30D3F8A03010
:10736000804A0B43C2F8E430D7F8CC30D3E900238D
:1073700002F40003BB620023FB62D7E90A120B464A
:1073800013430CD0774BD3F8E03023F44012D7F8F6
:10739000CC30D3F8B03073491343C1F8E030D7F89C
:1073A000CC30D3E9002302F080733B6200237B6280
:1073B000D7E908120B4613430CD06A4BD3F8E030E0
:1073C00023F44032D7F8CC30D3F8B43065491343B6
:1073D000C1F8E030D7F8CC30D3E9002302F00073D5
:1073E000BB610023FB61D7E906120B4613430CD0A7
:1073F0005C4BD3F8E83023F01802D7F8CC30D3F840
:10740000B83058491343C1F8E830D7F8CC30D3E945
:10741000002302F080633B6100237B61D7E9041203
:107420000B46134332D0D7F8CC30D3F8AC30B3F599
:10743000001F05D14B4B9B6A4A4A43F400339362C9
:10744000D7F8CC30D3F8AC30B3F5401F08D1D7F81B
:10745000CC300833184601F04BFE034687F8DB308A
:1074600097F8DB30002B0DD13E4BD3F8E43023F4FA
:107470004012D7F8CC30D3F8AC303A491343C1F8B6
:10748000E43003E097F8DB3087F8DA30D7F8CC3017
:10749000D3E9002302F00063BB600023FB60D7E95F
:1074A00002120B4613433AD0D7F8CC30D3F88430CD
:1074B000B3F1007F0ED0B3F1007F15D8002B17D0A9
:1074C000B3F1807F10D1274B9B6A264A43F40033E7
:1074D00093620EE0D7F8CC300833184601F008FE6E
:1074E000034687F8DB3004E0012387F8DB3000E057
:1074F00000BF97F8DB30002B0DD11A4BD3F8E030EA
:1075000023F04072D7F8CC30D3F8843015491343B8
:10751000C1F8E03003E097F8DB3087F8DA30D7F8CD
:10752000CC30D3E9002302F080533B6000237B6022
:10753000D7E900120B4613430CD00A4BD3F8E830BE
:1075400023F40042D7F8CC30D3F8A83005491343D0
:10755000C1F8E83097F8DA301846E037BD46BDE8A4
:10756000B08F00BF000C024680B489B000AF7860D5
:10757000A64B5B6BC3F30803BB61A44B9B6A03F090
:1075800003037B61A14B9B6A1B0A03F00F030133CA
:107590003B619E4B9B6A1B0903F00103FB609B4B05
:1075A0009B6BDB08C3F30C03FA6802FB03F307EEE3
:1075B000903AF8EE677AC7ED027A7B69032B62D0C6
:1075C0007B69032B00F281807B69012B24D07B69CE
:1075D000022B7AD13B6907EE903AF8EE677ADFED3D
:1075E0008C6A86EEA77A894B5B6BC3F3080307EEC0
:1075F000903AF8EE676A97ED026ADFED865AC6EEBA
:10760000257A76EEA77AF7EE006A77EEA67A67EE2D
:10761000277AC7ED077A8FE07C4B9B6803F4000361
:10762000002B05D0794B9B681B0F03F00F0306E07E
:10763000764BD3F8F4301B041B0F03F00F03764A8C
:1076400052F8233007EE903AF8EE676A3B6907EE8E
:10765000903AF8EE677A86EEA77ABB6907EE903A21
:10766000F8EE676A97ED026ADFED6A5AC6EE257A90
:1076700076EEA77AF7EE006A77EEA67A67EE277ABB
:10768000C7ED077A58E03B6907EE903AF8EE677A63
:10769000DFED5F6A86EEA77A5C4B5B6BC3F3080392
:1076A00007EE903AF8EE676A97ED026ADFED595AF5
:1076B000C6EE257A76EEA77AF7EE006A77EEA67A1E
:1076C00067EE277AC7ED077A36E0504B9B6803F4E4
:1076D0000003002B05D04D4B9B681B0F03F00F03DD
:1076E00006E04A4BD3F8F4301B041B0F03F00F03E2
:1076F000494A52F8233007EE903AF8EE676A3B6940
:1077000007EE903AF8EE677A86EEA77ABB6907EE45
:10771000903AF8EE676A97ED026ADFED3E5AC6EEE0
:10772000257A76EEA77AF7EE006A77EEA67A67EE0C
:10773000277AC7ED077A00BF344B9B6A03F4803386
:10774000002B17D0314B5B6B5B0A03F07F0307EE16
:10775000903AF8EE677AB7EE007A37EE877AD7ED8F
:10776000076AC6EE877AFCEEE77A17EE902A7B6806
:107770001A6002E07B6800221A60244B9B6A03F4C3
:107780000033002B17D0214B5B6B1B0C03F07F03E6
:1077900007EE903AF8EE677AB7EE007A37EE877A1E
:1077A000D7ED076AC6EE877AFCEEE77A17EE902AE5
:1077B0007B685A6002E07B6800225A60134B9B6A28
:1077C00003F48023002B17D0104B5B6B1B0E03F0D0
:1077D0007F0307EE903AF8EE677AB7EE007A37EE5D
:1077E000877AD7ED076AC6EE877AFCEEE77A17EE5E
:1077F000902A7B689A6002E07B6800229A6000BF52
:107800002437BD465DF8047B704700BF000C02467C
:107810000024744B000000463CE1010880B489B0AC
:1078200000AF7860A64BDB6BC3F30803BB61A44BCE
:10783000DB6A03F003037B61A14BDB6A1B0A03F0E5
:107840000F0301333B619E4BDB6A1B0903F001030D
:10785000FB609B4B1B6CDB08C3F30C03FA6802FB59
:1078600003F307EE903AF8EE677AC7ED027A7B6988
:10787000032B62D07B69032B00F281807B69012B93
:1078800024D07B69022B7AD13B6907EE903AF8EE5F
:10789000677ADFED8C6A86EEA77A894BDB6BC3F3E0
:1078A000080307EE903AF8EE676A97ED026ADFED9B
:1078B000865AC6EE257A76EEA77AF7EE006A77EE5C
:1078C000A67A67EE277AC7ED077A8FE07C4B9B6834
:1078D00003F40003002B05D0794B9B681B0F03F0CA
:1078E0000F0306E0764BD3F8F4301B041B0F03F0B4
:1078F0000F03764A52F8233007EE903AF8EE676AA3
:107900003B6907EE903AF8EE677A86EEA77ABB6994
:1079100007EE903AF8EE676A97ED026ADFED6A5A71
:10792000C6EE257A76EEA77AF7EE006A77EEA67AAB
:1079300067EE277AC7ED077A58E03B6907EE903A81
:10794000F8EE677ADFED5F6A86EEA77A5C4BDB6B59
:10795000C3F3080307EE903AF8EE676A97ED026A00
:10796000DFED595AC6EE257A76EEA77AF7EE006A71
:1079700077EEA67A67EE277AC7ED077A36E0504BA6
:107980009B6803F40003002B05D04D4B9B681B0F35
:1079900003F00F0306E04A4BD3F8F4301B041B0F2F
:1079A00003F00F03494A52F8233007EE903AF8EEFD
:1079B000676A3B6907EE903AF8EE677A86EEA77A37
:1079C000BB6907EE903AF8EE676A97ED026ADFED61
:1079D0003E5AC6EE257A76EEA77AF7EE006A77EE83
:1079E000A67A67EE277AC7ED077A00BF344BDB6AC9
:1079F00003F48033002B17D0314BDB6B5B0A03F0B1
:107A00007F0307EE903AF8EE677AB7EE007A37EE2A
:107A1000877AD7ED076AC6EE877AFCEEE77A17EE2B
:107A2000902A7B681A6002E07B6800221A60244B6F
:107A3000DB6A03F40033002B17D0214BDB6B1B0CEC
:107A400003F07F0307EE903AF8EE677AB7EE007A1C
:107A500037EE877AD7ED076AC6EE877AFCEEE77ACB
:107A600017EE902A7B685A6002E07B6800225A6019
:107A7000134BDB6A03F48023002B17D0104BDB6B16
:107A80001B0E03F07F0307EE903AF8EE677AB7EE2D
:107A9000007A37EE877AD7ED076AC6EE877AFCEE72
:107AA000E77A17EE902A7B689A6002E07B680022F2
:107AB0009A6000BF2437BD465DF8047B704700BF65
:107AC000000C02460024744B000000463CE1010813
:107AD00080B489B000AF7860A64B5B6CC3F3080339
:107AE000BB61A44B1B6B03F003037B61A14B1B6BBE
:107AF0001B0A03F00F0301333B619E4B1B6B1B09F9
:107B000003F00103FB609B4B9B6CDB08C3F30C038E
:107B1000FA6802FB03F307EE903AF8EE677AC7EDD6
:107B2000027A7B69032B62D07B69032B00F2818090
:107B30007B69012B24D07B69022B7AD13B6907EE4C
:107B4000903AF8EE677ADFED8C6A86EEA77A894B79
:107B50005B6CC3F3080307EE903AF8EE676A97EDA3
:107B6000026ADFED865AC6EE257A76EEA77AF7EE40
:107B7000006A77EEA67A67EE277AC7ED077A8FE07C
:107B80007C4B9B6803F40003002B05D0794B9B686A
:107B90001B0F03F00F0306E0764BD3F8F4301B0401
:107BA0001B0F03F00F03764A52F8233007EE903A8A
:107BB000F8EE676A3B6907EE903AF8EE677A86EE70
:107BC000A77ABB6907EE903AF8EE676A97ED026A0A
:107BD000DFED6A5AC6EE257A76EEA77AF7EE006AEE
:107BE00077EEA67A67EE277AC7ED077A58E03B6909
:107BF00007EE903AF8EE677ADFED5F6A86EEA77AD5
:107C00005C4B5B6CC3F3080307EE903AF8EE676ACF
:107C100097ED026ADFED595AC6EE257A76EEA77A1D
:107C2000F7EE006A77EEA67A67EE277AC7ED077A55
:107C300036E0504B9B6803F40003002B05D04D4BFE
:107C40009B681B0F03F00F0306E04A4BD3F8F43098
:107C50001B041B0F03F00F03494A52F8233007EEB1
:107C6000903AF8EE676A3B6907EE903AF8EE677A69
:107C700086EEA77ABB6907EE903AF8EE676A97ED51
:107C8000026ADFED3E5AC6EE257A76EEA77AF7EE67
:107C9000006A77EEA67A67EE277AC7ED077A00BF0B
:107CA000344B1B6B03F48033002B17D0314B5B6CD0
:107CB0005B0A03F07F0307EE903AF8EE677AB7EEBF
:107CC000007A37EE877AD7ED076AC6EE877AFCEE40
:107CD000E77A17EE902A7B681A6002E07B68002240
:107CE0001A60244B1B6B03F40033002B17D0214B7D
:107CF0005B6C1B0C03F07F0307EE903AF8EE677A9B
:107D0000B7EE007A37EE877AD7ED076AC6EE877A44
:107D1000FCEEE77A17EE902A7B685A6002E07B68F7
:107D200000225A60134B1B6B03F48023002B17D0E7
:107D3000104B5B6C1B0E03F07F0307EE903AF8EEDE
:107D4000677AB7EE007A37EE877AD7ED076AC6EE24
:107D5000877AFCEEE77A17EE902A7B689A6002E059
:107D60007B6800229A6000BF2437BD465DF8047B23
:107D7000704700BF000C02460024744B0000004610
:107D80003CE1010880B58EB000AFC7E90001D7E93A
:107D90000023A2F580210B4345D1AA4BD3F8F03044
:107DA00003F440733B63A74BD3F8F03003F00203B6
:107DB000022B08D13B6BB3F5807F04D14FF4004315
:107DC0007B6301F087B99F4BD3F8F03003F0006379
:107DD000B3F1006F14D13B6BB3F5007F10D1994B19
:107DE000D3F8F03003F08053B3F1805F03D1FA236E
:107DF0007B6301F06FB94FF4FA437B6301F06AB91A
:107E0000904B1B6803F40033B3F5003F07D13B6B85
:107E1000B3F5407F03D18C4B7B6301F05BB900234A
:107E20007B6301F057B9D7E90023A2F500510B435A
:107E300051D1844BD3F8E43003F0E0033B633B6B58
:107E4000802B35D03B6B802B41D83B6B602B2AD0ED
:107E50003B6B602B3BD83B6B402B09D03B6B402BE3
:107E600035D83B6B002B0CD03B6B202B12D02EE077
:107E700007F124031846FFF777FB7B6A7B6301F069
:107E800029B907F118031846FFF7C8FCBB697B63E3
:107E900001F020B907F10C031846FFF719FEFB6843
:107EA0007B6301F017B94BF680337B6301F012B9A5
:107EB000644B1B6803F48063B3F5806F03D1634B9D
:107EC0007B6301F007B900237B6301F003B9002352
:107ED0007B6301F0FFB8D7E90023A2F580410B4393
:107EE00058D1584BD3F8E43003F4E0633B633B6B69
:107EF000B3F5806F3BD03B6BB3F5806F46D83B6BDF
:107F0000B3F5407F2ED03B6BB3F5407F3ED83B6B43
:107F1000B3F5007F0BD03B6BB3F5007F36D83B6BDE
:107F2000002B0DD03B6BB3F5807F12D02EE007F114
:107F300024031846FFF718FB7B6A7B6301F0CAB87D
:107F400007F118031846FFF769FCBB697B6301F072
:107F5000C1B807F10C031846FFF7BAFDFB687B6355
:107F600001F0B8B84BF680337B6301F0B3B8354B02
:107F70001B6803F48063B3F5806F03D1334B7B63DD
:107F800001F0A8B800237B6301F0A4B800237B6351
:107F900001F0A0B8D7E90023A2F580110B436ED100
:107FA000284BD3F8E03003F040633B633B6BB3F105
:107FB000406F34D03B6BB3F1406F5CD83B6BB3F197
:107FC000006F0BD03B6BB3F1006F54D83B6B002BB1
:107FD00016D03B6BB3F1806F09D04CE007F124035E
:107FE0001846FFF7C1FABB6A7B6301F073B807F16B
:107FF00018031846FFF712FCFB697B6301F06AB8AF
:10800000104B1B6803F40053B3F5005F03D1104B12
:108010007B6301F05FB800237B6301F05BB8094B21
:108020001B6803F02003202B21D1064B9B6803F42F
:108030000003002B0ED0034B9B681B0E03F00F03B5
:108040000FE000BF000C024620A107000024F4004E
:10805000006CDC02A74BD3F8F4301B041B0E03F0BA
:108060000F03A54A52F823307B6301F033B8002395
:108070007B6301F02FB800237B6301F02BB8D7E9B5
:108080000023A2F500110B437FD19A4BD3F8E430C3
:1080900003F480433B633B6B002B65D1954BD3F8D6
:1080A000E03003F040633B633B6BB3F1406F34D08F
:1080B0003B6BB3F1406F53D83B6BB3F1006F0BD008
:1080C0003B6BB3F1006F4BD83B6B002B16D03B6B77
:1080D000B3F1806F09D043E007F124031846FFF79E
:1080E00043FABB6A7B6300F0F5BF07F1180318463B
:1080F000FFF794FBFB697B6300F0ECBF7D4B1B68D3
:1081000003F40053B3F5005F03D17C4B7B6300F0B5
:10811000E1BF00237B6300F0DDBF764B1B6803F0FB
:108120002003202B18D1734B9B6803F40003002B12
:1081300005D0704B9B681B0E03F00F0306E06D4BE0
:10814000D3F8F4301B041B0E03F00F036A4A52F8F5
:1081500023307B6300F0BEBF00237B6300F0BABF17
:1081600000237B6300F0B6BF3B6BB3F5804F08D1B3
:1081700007F124031846FFF7F7F97B6A7B6300F0E9
:10818000A9BF00237B6300F0A5BFD7E90023511EE0
:108190000B4336D1574BD3F8E03003F003033B6376
:1081A0003B6B002B04D1FEF755FB786300F092BFC8
:1081B0003B6B012B04D1FEF71DFA786300F08ABFF8
:1081C0004C4B1B6803F48063B3F5806F06D13B6BA7
:1081D000022B03D14A4B7B6300F07CBF454BD3F8A5
:1081E000F03003F00203022B07D13B6B032B04D1C9
:1081F0004FF400437B6300F06DBF00237B6300F00E
:1082000069BFD7E90023911E0B4336D1394BD3F810
:10821000E03003F00C033B633B6B002B04D1FEF713
:1082200005FB786300F056BF3B6B042B04D1FEF7CF
:10823000E1F9786300F04EBF2E4B1B6803F48063B6
:10824000B3F5806F06D13B6B082B03D12C4B7B63BE
:1082500000F040BF274BD3F8F03003F00203022BAD
:1082600007D13B6B0C2B04D14FF400437B6300F030
:1082700031BF00237B6300F02DBFD7E90023111F1E
:108280000B433FD11B4BD3F8E03003F030033B638B
:108290003B6B002B04D1FEF7C9FA786300F01ABFDC
:1082A0003B6B102B04D1FEF7A5F9786300F012BFE9
:1082B000104B1B6803F48063B3F5806F06D13B6BF2
:1082C000202B03D10E4B7B6300F004BF094BD3F886
:1082D000F03003F00203022B07D13B6B302B04D1AB
:1082E0004FF400437B6300F0F5BE00237B6300F096
:1082F000F1BE00BF000C02463CE10108006CDC024C
:108300000024F400D7E90023A2F108010B4336D181
:10831000A44BD3F8E03003F0C0033B633B6B002B6E
:1083200004D1FEF783FA786300F0D4BE3B6B402B98
:1083300004D1FEF75FF9786300F0CCBE994B1B685F
:1083400003F48063B3F5806F06D13B6B802B03D1C0
:10835000954B7B6300F0BEBE924BD3F8F03003F038
:108360000203022B07D13B6BC02B04D14FF4004317
:108370007B6300F0AFBE00237B6300F0ABBED7E9A8
:108380000023A2F110010B4339D1864BD3F8E03022
:1083900003F440733B633B6B002B04D1FEF746FABA
:1083A000786300F097BE3B6BB3F5807F04D1FEF796
:1083B00021F9786300F08EBE7A4B1B6803F480636A
:1083C000B3F5806F07D13B6BB3F5007F03D1764BDC
:1083D0007B6300F07FBE734BD3F8F03003F00203F1
:1083E000022B08D13B6BB3F5407F04D14FF400431F
:1083F0007B6300F06FBE00237B6300F06BBED7E9A8
:108400000023A2F120010B4358D1664BD3F8E8308A
:1084100003F007033B633B6B002B04D1FEF72EFAFE
:10842000786300F057BE3B6B012B04D1FEF7E2F8F6
:10843000786300F04FBE5B4B1B6803F48063B3F5B9
:10844000806F06D13B6B022B03D1574B7B6300F04F
:1084500041BE544BD3F8F03003F00203022B07D196
:108460003B6B032B04D14FF400437B6300F032BE1F
:108470004C4B1B6803F02003202B1BD13B6B042BC0
:1084800018D1484B9B6803F40003002B05D0454BE3
:108490009B681B0E03F00F0306E0424BD3F8F43049
:1084A0001B041B0E03F00F03404A52F823307B637A
:1084B00000F010BE00237B6300F00CBED7E9002360
:1084C000A2F500410B4373D1364BD3F8E83003F4E7
:1084D000E0433B633B6BB3F5805F04D1FEF78AF862
:1084E000786300F0F7BD3B6BB3F5005F08D107F18F
:1084F00018031846FFF792F93B6A7B6300F0EABD68
:108500003B6B002B04D1FEF777F9786300F0E2BDF6
:108510003B6BB3F5A04F22D1224B1B6803F0200325
:10852000202B18D11F4B9B6803F40003002B05D0B0
:108530001C4B9B681B0E03F00F0306E0194BD3F88E
:10854000F4301B041B0E03F00F03184A52F82330BB
:108550007B6300F0BFBD00237B6300F0BBBD114B0C
:108560001B6803F40033B3F5003F07D13B6BB3F551
:10857000405F03D10C4B7B6300F0ACBD094B1B6823
:1085800003F48063B3F5806F07D13B6BB3F5804F85
:1085900003D1054B7B6300F09DBD00237B6300F09E
:1085A00099BD00BF000C02460024F4003CE1010824
:1085B000D7E90023A2F580310B4358D1AD4BD3F856
:1085C000E43003F007033B633B6B042B4BD801A261
:1085D00052F823F00D860108E9850108FB850108A2
:1085E000178601082186010807F124031846FEF7C3
:1085F000BBFF7B6A7B6300F06DBD07F10C0318467F
:10860000FFF766FA3B697B6300F064BDFEF7F4F8A0
:10861000786300F05FBD4BF680337B6300F05ABD9A
:10862000944B1B6803F02003202B18D1914B9B68BF
:1086300003F40003002B05D08E4B9B681B0E03F048
:108640000F0306E08B4BD3F8F4301B041B0E03F032
:108650000F03894A52F823307B6300F03BBD0023AF
:108660007B6300F037BD00237B6300F033BDD7E9A7
:108670000023A2F500310B4367D17E4BD3F8E830DD
:1086800003F4E0233B633B6BB3F5802F36D03B6BA9
:10869000B3F5802F55D83B6BB3F5403F29D03B6BEA
:1086A000B3F5403F4DD83B6BB3F5003F13D03B6B68
:1086B000B3F5003F45D83B6B002B15D03B6BB3F5B2
:1086C000803F3ED107F124031846FEF74DFF7B6A39
:1086D0007B6300F0FFBC07F10C031846FFF7F8F9C5
:1086E0003B697B6300F0F6BCFEF786F8786300F028
:1086F000F1BC4BF680337B6300F0ECBC5D4B1B6838
:1087000003F02003202B18D15A4B9B6803F400037D
:10871000002B05D0574B9B681B0E03F00F0306E0A0
:10872000544BD3F8F4301B041B0E03F00F03524AD2
:1087300052F823307B6300F0CDBC00237B6300F054
:10874000C9BC00237B6300F0C5BCD7E90023A2F1BC
:1087500040010B434CD1474BD3F8E03003F4406366
:108760003B633B6B002B04D1FEF760F8786300F0AD
:10877000B1BC3B6BB3F5806F04D1FDF73BFF786371
:1087800000F0A8BC3B4B1B6803F48063B3F5806F1B
:1087900007D13B6BB3F5006F03D1384B7B6300F01F
:1087A00099BC344B1B6803F02003202B1CD13B6B7E
:1087B000B3F5406F18D12F4B9B6803F40003002BD7
:1087C00005D02C4B9B681B0E03F00F0306E0294BD2
:1087D000D3F8F4301B041B0E03F00F03264A52F8A3
:1087E00023307B6300F076BC00237B6300F072BC17
:1087F000D7E90023A2F180010B4352D11D4BD3F8DE
:10880000E03003F440533B633B6B002B04D1FEF795
:108810000DF8786300F05EBC3B6BB3F5805F04D16C
:10882000FDF7E8FE786300F055BC124B1B6803F4BB
:108830008063B3F5806F07D13B6BB3F5005F03D165
:108840000E4B7B6300F046BC0A4B1B6803F0200311
:10885000202B22D13B6BB3F5405F1ED1054B9B68AB
:1088600003F40003002B0BD0024B9B681B0E03F09C
:108870000F030CE0000C02463CE101080024F40068
:10888000A14BD3F8F4301B041B0E03F00F039F4AD7
:1088900052F823307B6300F01DBC00237B6300F0A3
:1088A00019BCD7E90023A2F580710B4351D1964B37
:1088B000D3F8E83003F0C0033B633B6BC02B24D0FC
:1088C0003B6BC02B42D83B6B802B0DD03B6B802B7E
:1088D0003CD83B6B002B03D03B6B402B11D035E0D9
:1088E000FDF7CCFF7863F5E3874B1B6803F48063E7
:1088F000B3F5806F02D1864B7B63EBE300237B6390
:10890000E8E3FDF777FE7863E4E37F4B1B6803F051
:108910002003202B17D17C4B9B6803F40003002B12
:1089200005D0794B9B681B0E03F00F0306E0764BD6
:10893000D3F8F4301B041B0E03F00F03734A52F8F4
:1089400023307B63C6E300237B63C3E300237B63A5
:10895000C0E3D7E90023A2F580010B4347D16A4B5E
:10896000D3F8E03003F440433B633B6B002B03D16F
:10897000FDF75CFF7863ADE33B6BB3F5804F03D14C
:10898000FDF738FE7863A5E35F4B1B6803F4806353
:10899000B3F5806F06D13B6BB3F5004F02D15C4B52
:1089A0007B6397E3584B1B6803F02003202B1BD1FC
:1089B0003B6BB3F5404F17D1534B9B6803F4000357
:1089C000002B05D0504B9B681B0E03F00F0306E0F5
:1089D0004D4BD3F8F4301B041B0E03F00F034B4A2E
:1089E00052F823307B6375E300237B6372E3D7E99E
:1089F0000023A2F500610B4364D1434BD3F8E83068
:108A000003F440733B633B6B002B20D13E4B1B6850
:108A100003F02003202B17D13B4B9B6803F400038A
:108A2000002B05D0384B9B681B0E03F00F0306E0AC
:108A3000354BD3F8F4301B041B0E03F00F03334AFD
:108A400052F823307B6345E300237B6342E32E4BE4
:108A5000D3F8F03003F00063B3F1006F12D13B6B39
:108A6000B3F5807F0ED1284BD3F8F03003F080535C
:108A7000B3F1805F02D1FA237B632BE34FF4FA4317
:108A80007B6327E3204B1B6803F48063B3F5806F9F
:108A900006D13B6BB3F5007F02D11D4B7B6319E31D
:108AA000194BD3F8F03003F00203022B07D13B6BD4
:108AB000B3F5407F03D14FF400437B630AE3002307
:108AC0007B6307E3D7E90023A2F500710B436BD169
:108AD0000D4BD3F8E83003F440633B633B6B002B52
:108AE00027D1094B1B6803F02003202B1ED1064B16
:108AF0009B6803F40003002B0CD0034B9B681B0EF8
:108B000003F00F030DE000BF000C02463CE101083A
:108B10000024F400944BD3F8F4301B041B0E03F034
:108B20000F03924A52F823307B63D3E200237B6326
:108B3000D0E28D4BD3F8F03003F00063B3F1006F57
:108B400012D13B6BB3F5806F0ED1874BD3F8F03069
:108B500003F08053B3F1805F02D1FA237B63B9E263
:108B60004FF4FA437B63B5E27F4B1B6803F48063E9
:108B7000B3F5806F06D13B6BB3F5006F02D17C4B30
:108B80007B63A7E2784BD3F8F03003F00203022BAB
:108B900007D13B6BB3F5406F03D14FF400437B63C8
:108BA00098E200237B6395E2D7E90023A2F5806178
:108BB0000B4347D16C4BD3F8E03003F440233B63C5
:108BC0003B6B002B03D1FDF731FE786382E2664BED
:108BD000D3F8F03003F00063B3F1006F12D13B6BB8
:108BE000B3F5802F0ED1604BD3F8F03003F08053F3
:108BF000B3F1805F02D1FA237B636BE24FF4FA4357
:108C00007B6367E2584B1B6803F48063B3F5806FA6
:108C100006D13B6BB3F5002F02D1554B7B6359E274
:108C2000514BD3F8F03003F00203022B07D13B6B1A
:108C3000B3F5402F03D14FF400437B634AE2002396
:108C40007B6347E2D7E9002302F178410B432DD142
:108C5000454BD3F8E03003F040733B63424B1B6855
:108C600003F40033B3F5003F05D13B6B002B02D179
:108C70003F4B7B632EE23B6BB3F1807F07D107F163
:108C800024031846FEF770FCBB6A7B6322E23B6B51
:108C9000B3F1007F07D107F118031846FEF7BEFDB8
:108CA000BB697B6316E200237B6313E2D7E90023F1
:108CB000A2F500010B435DD12B4BD3F8E03003F458
:108CC00040133B633B6BB3F5401F28D03B6BB3F5C0
:108CD000401F45D83B6BB3F5001F13D03B6BB3F57A
:108CE000001F3DD83B6B002B04D03B6BB3F5801FBE
:108CF00004D035E0FDF7AEFD7863EBE1FDF77AFCDB
:108D00007863E7E1184B1B6803F48063B3F5806F69
:108D100002D1174B7B63DDE100237B63DAE1124B69
:108D20001B6803F02003202B17D10F4B9B6803F423
:108D30000003002B05D00C4B9B681B0E03F00F03A8
:108D400006E0094BD3F8F4301B041B0E03F00F03AD
:108D5000064A52F823307B63BCE100237B63B9E110
:108D600000237B63B6E100BF000C02463CE1010832
:108D70000024F400D7E9002302F17F410B4356D1D0
:108D8000A54BD3F8E03003F440333B633B6BB3F5C2
:108D9000403F28D03B6BB3F5403F45D83B6BB3F524
:108DA000003F13D03B6BB3F5003F3DD83B6B002B2E
:108DB00004D03B6BB3F5803F04D035E0FDF736FDC2
:108DC000786387E1FDF716FC786383E1924B1B68BB
:108DD00003F48063B3F5806F02D1904B7B6379E13C
:108DE00000237B6376E18C4B1B6803F02003202B70
:108DF00017D1894B9B6803F40003002B05D0864BE9
:108E00009B681B0E03F00F0306E0834BD3F8F4308E
:108E10001B041B0E03F00F03814A52F823307B63BF
:108E200058E100237B6355E100237B6352E1D7E9DE
:108E3000002302F17E410B4377D1774BD3F8E83022
:108E400003F018033B633B6B182B6BD801A252F85D
:108E500023F000BFB98E0108258F0108258F010876
:108E6000258F0108258F0108258F0108258F01080E
:108E7000258F0108C18E0108258F0108258F010863
:108E8000258F0108258F0108258F0108258F0108EE
:108E9000258F0108C98E0108258F0108258F01083B
:108EA000258F0108258F0108258F0108258F0108CE
:108EB000258F0108E38E0108FDF7E0FC786309E1E6
:108EC000FDF798FB786305E1534B1B6803F480635F
:108ED000B3F5806F02D1514B7B63FBE000237B63D2
:108EE000F8E04D4B1B6803F02003202B17D14A4BB1
:108EF0009B6803F40003002B05D0474B9B681B0EB7
:108F000003F00F0306E0444BD3F8F4301B041B0EB0
:108F100003F00F03424A52F823307B63DAE0002368
:108F20007B63D7E000237B63D4E0D7E9002302F121
:108F30007C410B4355D1384BD3F8E43003F4401354
:108F40003B633B6BB3F5401F13D03B6BB3F5401F46
:108F500044D83B6BB3F5001F13D03B6BB3F5001F38
:108F60003CD83B6B002B14D03B6BB3F5801F14D067
:108F700034E007F118031846FEF750FCFB697B63E9
:108F8000A8E007F124031846FEF7EEFABB6A7B63FC
:108F9000A0E0FDF72FFB78639CE01F4B1B6803F0FC
:108FA0002003202B17D11C4B9B6803F40003002BDC
:108FB00005D0194B9B681B0E03F00F0306E0164B00
:108FC000D3F8F4301B041B0E03F00F03144A52F8BD
:108FD00023307B637EE000237B637BE000237B63A5
:108FE00078E0D7E9002302F170410B4338D10A4BF6
:108FF000D3F8E83003F400433B63074BD3F8F03079
:1090000003F00203022B0DD13B6B002B0AD14FF46E
:1090100000437B635EE000BF000C02460024F400C6
:109020003CE101082E4BD3F8F03003F00063B3F1BC
:10903000006F12D13B6BB3F5004F0ED1284BD3F824
:10904000F03003F08053B3F1805F02D1FA237B63E9
:1090500040E04FF4FA437B633CE000237B6339E05C
:10906000D7E90023A2F500210B4331D11C4BD3F8E3
:10907000E43003F440533B63194B1B6803F4005383
:10908000B3F5005F05D13B6B002B02D1154B7B6321
:1090900020E0134B1B6803F40053B3F5005F06D1C7
:1090A0003B6BB3F5805F02D10F4B7B6312E00C4B3F
:1090B0001B6803F48063B3F5806F06D13B6BB3F597
:1090C000005F02D1094B7B6304E000237B6301E076
:1090D00000237B637B6B18463837BD4680BD00BFDD
:1090E000000C0246006CDC0200366E010024F40025
:1090F00080B584B000AF7860474B1B68464A23F0C8
:1091000080631360F8F772FAF86008E0F8F76EFA17
:109110000246FB68D31A022B01D9032377E03E4BAA
:109120001B6803F00063002BF0D13B4BDB6A23F498
:10913000706323F003037A6811687A685268013A11
:1091400012020A4334491343CB62334BDA6B334B7D
:1091500013407A689268013AC2F308017A68D268CB
:10916000013A520292B211437A681269013A12042A
:1091700002F4FE0211437A685269013A120602F0C3
:10918000FE420A4324491343CB63234BDB6A23F09B
:109190000C027B689B6920491343CB621E4BDA6A41
:1091A0007B681B6A1C491343CB621B4BDB6A1A4A60
:1091B00023F01003D362184B1B6C23F47F4323F07E
:1091C000F8037A68D269D200134913430B64124B37
:1091D000DB6A114A43F01003D3620F4B1B680E4A3F
:1091E00043F080631360F8F701FAF86008E0F8F7DD
:1091F000FDF90246FB68D31A022B01D9032306E0CE
:10920000054B1B6803F00063002BF0D000231846C9
:109210001037BD4680BD00BF000C024600008080B4
:1092200080B584B000AF7860474B1B68464A23F096
:1092300080531360F8F7DAF9F86008E0F8F7D6F928
:109240000246FB68D31A022B01D9032377E03E4B79
:109250001B6803F00053002BF0D13B4B1B6B23F436
:10926000706323F003037A6811687A685268013AE0
:1092700012020A43344913430B63334B5A6C334B8A
:1092800013407A689268013AC2F308017A68D2689A
:10929000013A520292B211437A681269013A1204F9
:1092A00002F4FE0211437A685269013A120602F092
:1092B000FE420A43244913434B64234B1B6B23F0A8
:1092C0000C027B689B69204913430B631E4B1A6B8E
:1092D0007B681B6A1C4913430B631B4B1B6B1A4AAD
:1092E00023F010031363184B9B6C23F47F4323F08C
:1092F000F8037A68D269D200134913438B64124B86
:109300001B6B114A43F0100313630F4B1B680E4A8B
:1093100043F080531360F8F769F9F86008E0F8F754
:1093200065F90246FB68D31A022B01D9032306E034
:10933000054B1B6803F00053002BF0D000231846A8
:109340001037BD4680BD00BF000C02460000808083
:1093500080B582B000AF78607B68002B01D101231B
:1093600049E07B6893F83D30DBB2002B06D17B6887
:10937000002283F83C20786800F041F87B680222E4
:1093800083F83D207B681A687B68043319461046D1
:1093900000F058FA7B68012283F848207B6801229C
:1093A00083F83E207B68012283F83F207B680122FE
:1093B00083F840207B68012283F841207B680122EA
:1093C00083F842207B68012283F843207B680122D6
:1093D00083F844207B68012283F845207B680122C2
:1093E00083F846207B68012283F847207B680122AE
:1093F00083F83D20002318460837BD4680BD80B461
:1094000083B000AF786000BF0C37BD465DF8047BC9
:109410007047000080B485B000AF78607B6893F837
:109420003D30DBB2012B01D0012372E07B680222C8
:1094300083F83D207B681B68DA687B681B6842F014
:109440000102DA607B681B68354A934240D07B6832
:109450001B68344A93423BD07B681B68B3F1804F52
:1094600036D07B681B68B3F1A04F31D07B681B6896
:109470002D4A93422CD07B681B682C4A934227D0FC
:109480007B681B682A4A934222D07B681B68294A62
:1094900093421DD07B681B68274A934218D07B6893
:1094A0001B68264A934213D07B681B68244A934268
:1094B0000ED07B681B68234A934209D07B681B68E7
:1094C000214A934204D07B681B68204A934215D1FD
:1094D0007B681B689A681E4B1340FB60FB68062B79
:1094E00015D0FB68B3F5803F11D07B681B681A6804
:1094F0007B681B6842F001021A6008E07B681B6809
:109500001A687B681B6842F001021A6000E000BF25
:10951000002318461437BD465DF8047B704700BF32
:10952000002C0140002C01500004004000040050B9
:109530000008004000080050000C0040000C0050E3
:10954000003401400034015000400140004001500F
:109550000700010080B584B000AF78607B681B68AD
:10956000DB68FB607B681B681B69BB60BB6803F042
:109570000203002B20D0FB6803F00203002B1BD05A
:109580007B681B686FF002021A617B6801221A7700
:109590007B681B689B6903F00303002B03D078688A
:1095A00000F031F905E0786800F023F9786800F000
:1095B00034F97B6800221A77BB6803F00403002BA0
:1095C00020D0FB6803F00403002B1BD07B681B68D2
:1095D0006FF004021A617B6802221A777B681B68AD
:1095E0009B6903F44073002B03D0786800F00BF9FB
:1095F00005E0786800F0FDF8786800F00EF97B6807
:1096000000221A77BB6803F00803002B20D0FB6808
:1096100003F00803002B1BD07B681B686FF0080267
:109620001A617B6804221A777B681B68DB6903F088
:109630000303002B03D0786800F0E5F805E07868B4
:1096400000F0D7F8786800F0E8F87B6800221A7715
:10965000BB6803F01003002B20D0FB6803F010035D
:10966000002B1BD07B681B686FF010021A617B68AF
:1096700008221A777B681B68DB6903F44073002BB0
:1096800003D0786800F0BFF805E0786800F0B1F822
:10969000786800F0C2F87B6800221A77BB6803F094
:1096A0000103002B0CD0FB6803F00103002B07D053
:1096B0007B681B686FF001021A617868F7F778FB26
:1096C000BB6803F08003002B04D1BB6803F4005394
:1096D000002B0CD0FB6803F08003002B07D07B68C5
:1096E0001B686FF402521A61786800F0BBF9BB681E
:1096F00003F48073002B0CD0FB6803F08003002B75
:1097000007D07B681B686FF480721A61786800F07C
:10971000B3F9BB6803F04003002B0CD0FB6803F0E7
:109720004003002B07D07B681B686FF040021A6172
:10973000786800F07CF8BB6803F02003002B0CD0A5
:10974000FB6803F02003002B07D07B681B686FF0D9
:1097500020021A61786800F07BF9BB6803F480137B
:10976000002B0CD0FB6803F48013002B07D07B6820
:109770001B686FF480121A61786800F087F9BB6883
:1097800003F40013002B0CD0FB6803F40013002B30
:1097900007D07B681B686FF400121A61786800F0CC
:1097A0007FF9BB6803F48003002B0CD0FB6803F443
:1097B0008003002B07D07B681B686FF480021A615E
:1097C000786800F077F9BB6803F40003002B0CD035
:1097D000FB6803F40003002B07D07B681B686FF461
:1097E00000021A61786800F06FF900BF1037BD46BB
:1097F00080BD80B483B000AF786000BF0C37BD4639
:109800005DF8047B704780B483B000AF786000BF20
:109810000C37BD465DF8047B704780B483B000AF61
:10982000786000BF0C37BD465DF8047B704780B49C
:1098300083B000AF786000BF0C37BD465DF8047B95
:109840007047000080B485B000AF786039607B68F5
:109850001B68FB607B686E4A93422BD07B686D4A25
:10986000934227D07B68B3F1804F23D07B68B3F15C
:10987000A04F1FD07B68684A93421BD07B68674A21
:10988000934217D07B68664A934213D07B68654A3F
:1098900093420FD07B68644A93420BD07B68634A43
:1098A000934207D07B68624A934203D07B68614A47
:1098B000934208D1FB6823F07003FB603B685B6850
:1098C000FA681343FB607B68514A934243D07B683C
:1098D000504A93423FD07B68B3F1804F3BD07B68C6
:1098E000B3F1A04F37D07B684B4A934233D07B68AB
:1098F0004A4A93422FD07B68494A93422BD07B68D7
:10990000484A934227D07B68474A934223D07B68DA
:10991000464A93421FD07B68454A93421BD07B68DE
:10992000444A934217D07B68434A934213D07B68E2
:10993000424A93420FD07B68414A93420BD07B68E6
:10994000404A934207D07B683F4A934203D07B68EA
:109950003E4A934208D1FB6823F44073FB603B68A6
:10996000DB68FA681343FB60FB6823F080023B6806
:109970005B691343FB607B68FA681A603B689A680E
:109980007B68DA623B681A687B689A627B68204A67
:10999000934223D07B681F4A93421FD07B68244A9E
:1099A00093421BD07B68234A934217D07B68224A9C
:1099B000934213D07B68214A93420FD07B68204AA0
:1099C00093420BD07B681F4A934207D07B681E4AA4
:1099D000934203D07B681D4A934203D13B681A69C6
:1099E0007B681A637B6801225A617B681B6903F0FC
:1099F0000103012B05D17B681B6923F001027B6801
:109A00001A6100BF1437BD465DF8047B704700BF84
:109A1000002C0140002C01500004004000040050C4
:109A20000008004000080050000C0040000C0050EE
:109A3000003401400034015000400140004001501A
:109A400000440140004401500048014000480150DA
:109A500080B483B000AF786000BF0C37BD465DF8BE
:109A6000047B704780B483B000AF786000BF0C37D0
:109A7000BD465DF8047B704780B483B000AF78606A
:109A800000BF0C37BD465DF8047B704780B483B0DF
:109A900000AF786000BF0C37BD465DF8047B7047AF
:109AA00080B483B000AF786000BF0C37BD465DF86E
:109AB000047B704780B483B000AF786000BF0C3780
:109AC000BD465DF8047B704780B483B000AF78601A
:109AD00000BF0C37BD465DF8047B704780B582B08F
:109AE00000AF78607B68002B01D1012342E07B68E6
:109AF000D3F88830002B06D17B68002283F88420BD
:109B00007868F7F7D7FB7B682422C3F888207B6846
:109B10001B681A687B681B6822F001021A607B6868
:109B20009B6A002B02D0786800F0CAF9786800F0D0
:109B300025F80346012B01D101231BE07B681B683C
:109B40005A687B681B6822F490425A607B681B68E5
:109B50009A687B681B6822F02A029A607B681B68FF
:109B60001A687B681B6842F001021A60786800F08E
:109B700049FA034618460837BD4680BD2DE9B04F67
:109B800094B000AFF862002387F84730FB6A1A6888
:109B90007E4B9A42FB6A9A68FB6A1B691A43FB6A0E
:109BA0005B691A43FB6ADB691343FB64FB6A1B684E
:109BB0001B6877491940FB6A1A68FB6C0B431360FA
:109BC000FB6A1B685B6823F44050FB6AD968FB6A38
:109BD0001A6840EA01035360FB6A9B69FB64FB6AF5
:109BE0001A686A4B9A4209D0FB6A1A68694B9A4212
:109BF00004D0FB6A1A6AFB6C1343FB64FB6A1B68A4
:109C00009B6823F06E4121F43061FB6A1A68FB6C9B
:109C10000B439360FB6A1B68DB6A23F00F00FB6A4F
:109C2000596AFB6A1A6840EA0103D362FB6A1A6840
:109C3000594B9A4202D10123BB6429E0FB6A1A689E
:109C4000564B9A4202D10223BB6421E0FB6A1A6898
:109C5000534B9A4202D10423BB6419E0FB6A1A6891
:109C6000504B9A4202D10823BB6411E0FB6A1A6888
:109C70004D4B9A4202D11023BB6409E0FB6A1A687B
:109C8000424B9A4202D12023BB6401E00023BB6413
:109C9000FB6A1A683D4B9A4205D0FB6A1A683D4B35
:109CA0009A4240F08580BB6C00223B627A62D7E921
:109CB0000801FEF767F838643B6C002B00F0E88081
:109CC000FB6A5B6A394A32F813301A463B6CB3FBC5
:109CD000F2F37B63FB6A5A6813465B0013447A6BAA
:109CE0009A4205D3FB6A5B681B037A6B9A4203D9DD
:109CF000012387F8473048E03B6C0022BB61FA61E2
:109D0000FB6A5B6A294A32F813309BB200223B613E
:109D10007A61D7E90423D7E90601F6F7B1FA0246DA
:109D20000B46104619464FF000024FF000030B029D
:109D300043EA10630202F96A4968490800200C46A8
:109D4000054612EB040843EB0509FB6A5B68002239
:109D5000BB60FA60D7E9022340464946F6F790FA1D
:109D600002460B461346FB63FB6BB3F5407F08D3FB
:109D7000FB6BB3F5801F04D2FB6A1B68FA6BDA60D9
:109D800003E0012387F8473082E081E000240046A9
:109D9000F369FFCF00240056003801400044004022
:109DA00000480040004C004000500040FCE1010829
:109DB000FB6ADB69B3F5004F3CD1BB6C00223B6012
:109DC0007A60D7E90001FDF7DDFF38643B6C002BBA
:109DD0005ED0FB6A5B6A394A32F813301A463B6C34
:109DE000B3FBF2F35A00FB6A5B685B081A44FB6A38
:109DF0005B68B2FBF3F3FB63FB6B0F2B16D9FB6BBA
:109E0000B3F5803F12D2FB6B9BB223F00F037B872D
:109E1000FB6B5B089BB203F007039AB27B8F134383
:109E20007B87FB6A1B687A8FDA6031E0012387F851
:109E300047302DE0BB6C00229A4693465046594667
:109E4000FDF7A0FF38643B6C002B21D0FB6A5B6AF6
:109E50001A4A32F813301A463B6CB3FBF2F2FB6A33
:109E60005B685B081A44FB6A5B68B2FBF3F3FB6355
:109E7000FB6B0F2B09D9FB6BB3F5803F05D2FB6B56
:109E80009AB2FB6A1B68DA6002E0012387F8473068
:109E9000FB6A0122A3F86A20FB6A0122A3F868206A
:109EA000FB6A00225A67FB6A00229A6797F84730DC
:109EB00018465037BD46BDE8B08F00BFFCE1010831
:109EC00080B483B000AF78607B689B6A03F00803BE
:109ED000002B0AD07B681B685B6823F400417B6819
:109EE0009A6B7B681B680A435A607B689B6A03F025
:109EF0000103002B0AD07B681B685B6823F40031E8
:109F00007B68DA6A7B681B680A435A607B689B6AD5
:109F100003F00203002B0AD07B681B685B6823F404
:109F200080317B681A6B7B681B680A435A607B68C8
:109F30009B6A03F00403002B0AD07B681B685B68F4
:109F400023F480217B685A6B7B681B680A435A6044
:109F50007B689B6A03F01003002B0AD07B681B68A8
:109F60009B6823F480517B68DA6B7B681B680A432B
:109F70009A607B689B6A03F02003002B0AD07B6801
:109F80001B689B6823F400517B681A6C7B681B6814
:109F90000A439A607B689B6A03F04003002B1AD047
:109FA0007B681B685B6823F480117B685A6C7B6854
:109FB0001B680A435A607B685B6CB3F5801F0AD14B
:109FC0007B681B685B6823F4C0017B689A6C7B68C4
:109FD0001B680A435A607B689B6A03F08003002B6E
:109FE0000AD07B681B685B6823F400217B68DA6C0D
:109FF0007B681B680A435A6000BF0C37BD465DF89A
:10A00000047B704780B598B002AF78607B6800220F
:10A01000C3F89020F7F7EAFA78657B681B681B683D
:10A0200003F00803082B2FD16FF07E4300937B6D64
:10A0300000224FF40011786800F08EF80346002BE0
:10A0400022D07B681B68BB63BB6B53E8003F7B631C
:10A050007B6B23F080033B657B681B681A463B6D76
:10A060007B643A64396C7A6C41E80023FB63FB6BD8
:10A07000002BE6D17B682022C3F888207B68002271
:10A0800083F88420032363E07B681B681B6803F06C
:10A090000403042B49D16FF07E4300937B6D0022B3
:10A0A0004FF48001786800F057F80346002B3CD04D
:10A0B0007B681B687B627B6A53E8003F3B623B6ABC
:10A0C00023F49073FB647B681B681A46FB6C3B634C
:10A0D000FA62F96A3A6B41E80023BB62BB6A002B63
:10A0E000E6D17B681B6808333B613B6953E8003F5E
:10A0F000FB60FB6823F00103BB647B681B680833CB
:10A10000BA6CFA61BB61B969FA6941E800237B6105
:10A110007B69002BE5D17B682022C3F88C207B680B
:10A12000002283F88420032312E07B682022C3F8F6
:10A1300088207B682022C3F88C207B680022DA66A6
:10A140007B6800221A677B68002283F88420002342
:10A1500018465837BD4680BD80B584B000AFF86062
:10A16000B9603B601346FB714FE0BB69B3F1FF3F41
:10A170004BD0F7F73BFA02463B68D31ABA699A42CA
:10A1800002D3BB69002B01D103234EE0FB681B689F
:10A190001B6803F00403002B37D0BB68802B34D03E
:10A1A000BB68402B31D0FB681B68DB6903F00803F8
:10A1B000082B10D1FB681B6808221A62F86800F0AF
:10A1C00038F8FB680822C3F89020FB68002283F867
:10A1D0008420012329E0FB681B68DB6903F400632A
:10A1E000B3F5006F11D1FB681B684FF400621A626F
:10A1F000F86800F01EF8FB682022C3F89020FB6886
:10A20000002283F8842003230FE0FB681B68DA69CF
:10A21000BB681340BA689A420CBF01230023DBB22B
:10A220001A46FB799A42A0D0002318461037BD4643
:10A2300080BD80B495B000AF78607B681B687B639D
:10A240007B6B53E8003F3B633B6B23F49073FB64F1
:10A250007B681B681A46FB6C3B64FA63F96B3A6CCB
:10A2600041E80023BB63BB6B002BE6D17B681B6816
:10A2700008333B623B6A53E8003FFB61FB6923F014
:10A28000805323F00103BB647B681B680833BA6CFE
:10A29000FA62BB62B96AFA6A41E800237B627B6AB0
:10A2A000002BE3D17B68DB6E012B18D17B681B6828
:10A2B000FB60FB6853E8003FBB60BB6823F0100302
:10A2C0007B647B681B681A467B6CBB617A61796929
:10A2D000BA6941E800233B613B69002BE6D17B680A
:10A2E0002022C3F88C207B680022DA667B6800227B
:10A2F0005A6700BF5437BD465DF8047B704780B491
:10A3000085B000AF78607B6893F88430012B01D171
:10A31000022327E07B68012283F884207B682422C3
:10A32000C3F888207B681B681B68FB607B681B6820
:10A330001A687B681B6822F001021A60FB6823F030
:10A340000053FB607B6800225A667B681B68FA68D2
:10A350001A607B682022C3F888207B68002283F87B
:10A360008420002318461437BD465DF8047B7047EF
:10A3700080B584B000AF786039607B6893F8843032
:10A38000012B01D102232DE07B68012283F8842078
:10A390007B682422C3F888207B681B681B68FB60ED
:10A3A0007B681B681A687B681B6822F001021A60D0
:10A3B0007B681B689B6823F060417B681B683A6878
:10A3C0000A439A60786800F04FF87B681B68FA6867
:10A3D0001A607B682022C3F888207B68002283F8FB
:10A3E0008420002318461037BD4680BD80B584B058
:10A3F00000AF786039607B6893F88430012B01D11D
:10A4000002232DE07B68012283F884207B682422CC
:10A41000C3F888207B681B681B68FB607B681B682F
:10A420001A687B681B6822F001021A607B681B684F
:10A430009B6823F060617B681B683A680A439A60F6
:10A44000786800F011F87B681B68FA681A607B680E
:10A450002022C3F888207B68002283F88420002310
:10A4600018461037BD4680BD80B485B000AF786017
:10A470007B685B6E002B08D17B680122A3F86A2001
:10A480007B680122A3F8682031E00823FB730823CE
:10A49000BB737B681B689B685B0EDBB203F0070332
:10A4A0007B737B681B689B685B0FDBB203F0070361
:10A4B0003B73BB7B3A7B11498A5C02FB03F33A7B1B
:10A4C0000F498A5C93FBF2F39AB27B68A3F86A2087
:10A4D000FB7B7A7B09498A5C02FB03F37A7B0849A0
:10A4E0008A5C93FBF2F39AB27B68A3F8682000BF02
:10A4F0001437BD465DF8047B704700BF14E20108C5
:10A500001CE2010880B48BB000AFF860B9607A60DB
:10A51000FB681A68BB687B617B6993FAA3F33B61B4
:10A520003B69BB61BB69002B01D1202303E0BB6900
:10A53000B3FA83F3DBB25B00032101FA03F3DB43DD
:10A540001A40BB683B623B6A93FAA3F3FB61FB6969
:10A550007B627B6A002B01D1202303E07B6AB3FA84
:10A5600083F3DBB25B00796801FA03F31A43FB68FB
:10A570001A6000BF2C37BD465DF8047B704780B47D
:10A5800085B000AFF860B9607A60FB685A68BB6854
:10A59000DB431A40BB68796801FB03F31A43FB688D
:10A5A0005A6000BF1437BD465DF8047B704780B425
:10A5B0008BB000AFF860B9607A60FB689A68BB68DE
:10A5C0007B617B6993FAA3F33B613B69BB61BB6928
:10A5D000002B01D1202303E0BB69B3FA83F3DBB284
:10A5E0005B00032101FA03F3DB431A40BB683B62C3
:10A5F0003B6A93FAA3F3FB61FB697B627B6A002BE6
:10A6000001D1202303E07B6AB3FA83F3DBB25B0062
:10A61000796801FA03F31A43FB689A6000BF2C378C
:10A62000BD465DF8047B704780B48BB000AFF86026
:10A63000B9607A60FB68DA68BB687B617B6993FA12
:10A64000A3F33B613B69BB61BB69002B01D12023B4
:10A6500003E0BB69B3FA83F3DBB25B00032101FAC9
:10A6600003F3DB431A40BB683B623B6A93FAA3F3F4
:10A67000FB61FB697B627B6A002B01D1202303E035
:10A680007B6AB3FA83F3DBB25B00796801FA03F308
:10A690001A43FB68DA6000BF2C37BD465DF8047BC7
:10A6A000704780B48BB000AFF860B9607A60FB6827
:10A6B0001A6ABB687B617B6993FAA3F33B613B69D0
:10A6C000BB61BB69002B01D1202303E0BB69B3FA56
:10A6D00083F3DBB29B000F2101FA03F3DB431A4043
:10A6E000BB683B623B6A93FAA3F3FB61FB697B6245
:10A6F0007B6A002B01D1202303E07B6AB3FA83F34A
:10A70000DBB29B00796801FA03F31A43FB681A6213
:10A7100000BF2C37BD465DF8047B704780B48BB01A
:10A7200000AFF860B9607A60FB685A6ABB681B0AC0
:10A730007B617B6993FAA3F33B613B69BB61BB69B6
:10A74000002B01D1202303E0BB69B3FA83F3DBB212
:10A750009B000F2101FA03F3DB431A40BB681B0A7D
:10A760003B623B6A93FAA3F3FB61FB697B627B6A02
:10A77000002B01D1202303E07B6AB3FA83F3DBB221
:10A780009B00796801FA03F31A43FB685A6200BF21
:10A790002C37BD465DF8047B704780B58AB000AFAA
:10A7A000786039603B681B68BB61BB6993FAA3F3AF
:10A7B0007B617B69FB61FB69002B01D1202303E0F6
:10A7C000FB69B3FA83F3DBB27B6258E03B681A683B
:10A7D00001217B6A01FA03F313403B623B6A002BC1
:10A7E0004AD03B685B68012B03D03B685B68022B57
:10A7F0000ED13B689B681A46396A7868FFF7D7FE26
:10A800003B6819683B68DB681A467868FFF7B7FE53
:10A810003B681B691A46396A7868FFF705FF3B6891
:10A820005B68022B21D13B6AFB60FB6893FAA3F3C0
:10A83000BB60BB683B613B69002B01D1202303E077
:10A840003B69B3FA83F3DBB2072B07D83B685B693C
:10A850001A46396A7868FFF724FF06E03B685B69AF
:10A860001A46396A7868FFF759FF3B685B681A46F1
:10A87000396A7868FFF746FE7B6A01337B623B6882
:10A880001A687B6A22FA03F3002B9FD10023184633
:10A890002837BD4680BD84B080B584B000AF7860F5
:10A8A00007F11C0080E80E007B68DB6843F0400283
:10A8B0007B68DA60786800F089FD0346FB7397F8DF
:10A8C0002530002B06D17B689B6B43F480327B687C
:10A8D0009A6305E07B689B6B23F480327B689A6304
:10A8E000FB7B18461037BD46BDE8804004B070477A
:10A8F00080B487B000AFF860B9601346FB71FB7994
:10A90000022B65D1BB68414A934206D9BB68404AD5
:10A91000934202D20F237B6162E0BB683C4A9342C0
:10A9200006D3BB683B4A934202D20E237B6157E0B9
:10A93000BB68384A934206D3BB68374A934202D277
:10A940000D237B614CE0BB68334A934206D3BB685E
:10A95000324A934202D80C237B6141E0BB682F4A04
:10A96000934206D9BB682E4A934202D80B237B61DF
:10A9700036E0BB682A4A934206D9BB68294A93420B
:10A9800002D80A237B612BE0BB68264A934206D992
:10A99000BB68254A934202D209237B6120E0BB6851
:10A9A000214A934206D3BB68204A934202D8082327
:10A9B0007B6115E0BB681D4A934206D9BB681C4AFF
:10A9C000934202D207237B610AE006237B6107E002
:10A9D000FB79002B02D109237B6101E009237B6114
:10A9E000FB68DB6823F47052FB68DA60FB68DA68A6
:10A9F0007B699B0203F470531A43FB68DA600023FF
:10AA000018461C37BD465DF8047B7047BFACD800C4
:10AA1000C0E1E4000024F400807306019F491A019C
:10AA2000FF2C31013FA44C0100366E011FABA60183
:10AA30000048E80180B483B000AF78607B689B6811
:10AA400023F001027B689A60002318460C37BD464C
:10AA50005DF8047B704780B584B000AF78600B462A
:10AA6000FB700023FB607B68DB6823F0C0427B68DF
:10AA7000DA60FB78012B15D17B68DB6843F000526C
:10AA80007B68DA600A20F6F7BDFDFB680A33FB60DD
:10AA9000786800F00BFC0346012B1ED0FB68C72B27
:10AAA000F0D91AE0FB78002B15D17B68DB6843F006
:10AAB00080427B68DA600A20F6F7A4FDFB680A335F
:10AAC000FB60786800F0F2FB0346002B05D0FB68C2
:10AAD000C72BF0D901E0012305E0FB68C82B01D1A9
:10AAE000012300E0002318461037BD4680BD00005A
:10AAF00084B080B586B000AF786007F1240080E8AC
:10AB00000E000023FB757B68FB6000233B6109E0BE
:10AB10007A683B6940339B00134400225A603B69CA
:10AB200001333B613B690E2BF2D997F82E30002B95
:10AB30001CD1FB6803F500635B68FA6802F50062EC
:10AB400043F0020353607B689B6B23F400127B6825
:10AB50009A637B681B6843F040027B681A607B68DD
:10AB60001B6843F080027B681A6005E07B689B6B82
:10AB700043F400127B689A63FB6803F560631A462E
:10AB8000002313600321786800F05EF910217868D3
:10AB900000F0FAF80346002B01D00123FB7578681A
:10ABA00000F024F90346002B01D00123FB75FB685C
:10ABB00003F500631A4600231361FB6803F5006385
:10ABC0001A4600235361FB6803F500631A4600230D
:10ABD000D36100233B6143E03B695A01FB681344A6
:10ABE00003F510631B6803F00043B3F1004F18D165
:10ABF0003B69002B0AD13B695A01FB68134403F5FA
:10AC000010631A464FF00063136013E03B695A016A
:10AC1000FB68134403F510631A464FF0904313602A
:10AC200008E03B695A01FB68134403F510631A46B8
:10AC3000002313603B695A01FB68134403F510635A
:10AC40001A46002313613B695A01FB68134403F55C
:10AC500010631A464FF67F3393603B6901333B61C3
:10AC600097F824301A463B699342B5D300233B61E1
:10AC700043E03B695A01FB68134403F530631B68EA
:10AC800003F00043B3F1004F18D13B69002B0AD108
:10AC90003B695A01FB68134403F530631A464FF0D1
:10ACA0000063136013E03B695A01FB68134403F52A
:10ACB00030631A464FF09043136008E03B695A0135
:10ACC000FB68134403F530631A46002313603B69A5
:10ACD0005A01FB68134403F530631A4600231361DD
:10ACE0003B695A01FB68134403F530631A464FF67B
:10ACF0007F3393603B6901333B6197F824301A46F8
:10AD00003B699342B5D3FB6803F500631B69FA689E
:10AD100002F5006223F4807313617B6800229A615C
:10AD20007B686FF080425A6197F82630002B05D17E
:10AD30007B689B6943F010027B689A617B689A6923
:10AD4000104B13437A68936197F82A30002B05D093
:10AD50007B689B6943F008027B689A6197F82E3004
:10AD6000012B07D17B689B6943F0804343F00403C8
:10AD70007A689361FB7D18461837BD46BDE8804070
:10AD800004B0704700383C8080B485B000AF786074
:10AD900039600023FB60FB680133FB60FB68B3F1A3
:10ADA000706F01D903231BE07B681B69002BF2DA6B
:10ADB0000023FB603B689B0143F020027B681A6123
:10ADC000FB680133FB60FB68B3F1706F01D90323AB
:10ADD00006E07B681B6903F02003202BF0D00023E2
:10ADE00018461437BD465DF8047B704780B485B0C3
:10ADF00000AF78600023FB60FB680133FB60FB68F9
:10AE0000B3F1706F01D9032318E07B681B69002B35
:10AE1000F2DA0023FB607B6810221A61FB680133C1
:10AE2000FB60FB68B3F1706F01D9032306E07B6818
:10AE30001B6903F01003102BF0D0002318461437C1
:10AE4000BD465DF8047B704780B485B000AF786084
:10AE50000B46FB707B68FB60FB6803F500631A68B8
:10AE6000FB78F96801F5006113430B600023184675
:10AE70001437BD465DF8047B704780B487B000AFDF
:10AE800078607B683B613B6903F500639B6803F076
:10AE90000603FB60FB68002B02D10023FB750AE070
:10AEA000FB68022B02D0FB68062B02D10223FB7544
:10AEB00001E00F23FB75FB7D18461C37BD465DF88E
:10AEC000047B704780B487B000AF7860396000239E
:10AED000FB600023FB757B683B613B685B78012B63
:10AEE0004AD13B681B785A013B69134403F5106350
:10AEF0001B6803F00043B3F1004F40F086803B68CD
:10AF00001B785A013B69134403F510631B683A68C8
:10AF1000127851013A690A4402F5106243F0006365
:10AF200013603B681B785A013B69134403F51063B7
:10AF30001B683A68127851013A690A4402F51062B6
:10AF400043F080431360FB680133FB60FB6842F20F
:10AF50001072934202D90123FB7556E03B681B78BF
:10AF60005A013B69134403F510631B6803F0004367
:10AF7000B3F1004FE7D048E03B681B785A013B69CA
:10AF8000134403F530631B6803F00043B3F1004F33
:10AF90003BD13B681B785A013B69134403F530638E
:10AFA0001B683A68127851013A690A4402F5306226
:10AFB00043F0006313603B681B785A013B691344FC
:10AFC00003F530631B683A68127851013A690A4404
:10AFD00002F5306243F080431360FB680133FB608D
:10AFE000FB6842F21072934202D90123FB750CE018
:10AFF0003B681B785A013B69134403F530631B68B7
:10B0000003F00043B3F1004FE7D0FB7D18461C3737
:10B01000BD465DF8047B704780B489B000AFF8602E
:10B02000B96011461A460B46FB711346BB80FB689C
:10B030007B61BB68FB6197F82830002B23D1BB886C
:10B0400003339B083B610023BB6118E0FB791A03C3
:10B050007B69134403F580531A46FB691B68136030
:10B06000FB690133FB61FB690133FB61FB69013360
:10B07000FB61FB690133FB61BB690133BB61BA69E9
:10B080003B699A42E2D3002318462437BD465DF857
:10B09000047B704780B48BB000AFF860B960134692
:10B0A000FB80FB68BB61BB687B62FB889B089BB233
:10B0B0007B61FB8803F00303FB8300233B6214E006
:10B0C000BB6903F580531A687B6A1A607B6A013397
:10B0D0007B627B6A01337B627B6A01337B627B6AC2
:10B0E00001337B623B6A01333B623A6A7B699A4275
:10B0F000E6D3FB8B002B1ED000233B62BB6903F51C
:10B1000080531A4607F1100312681A603A693B6AC5
:10B11000DBB2DB0022FA03F3DAB27B6A1A703B6A15
:10B1200001333B627B6A01337B62FB8B013BFB8318
:10B13000FB8B002BEAD17B6A18462C37BD465DF8A5
:10B14000047B704780B485B000AF78607B68FB609B
:10B15000FB6803F560631B68FA6802F5606223F020
:10B1600003031360FB6803F500635B68FA6802F58C
:10B17000006243F002035360002318461437BD46B3
:10B180005DF8047B704780B485B000AF78607B6861
:10B190005B69FB607B689B69FA681340FB60FB6836
:10B1A00018461437BD465DF8047B704780B485B0FF
:10B1B00000AF78607B68FB60FB6803F500639B6908
:10B1C000BB60FB6803F50063DB69BA681340BB60D2
:10B1D000BB681B0C18461437BD465DF8047B7047EE
:10B1E00080B485B000AF78607B68FB60FB6803F5D6
:10B1F00000639B69BB60FB6803F50063DB69BA68A9
:10B200001340BB60BB689BB218461437BD465DF85F
:10B21000047B704780B485B000AF78600B46FB704C
:10B220007B68FB60FB785A01FB68134403F53063CD
:10B230009B68BB60FB6803F500635B69BA681340F9
:10B24000BB60BB6818461437BD465DF8047B704789
:10B2500080B487B000AF78600B46FB707B687B6181
:10B260007B6903F500631B693B617B6903F5006340
:10B270005B6BFB60FB7803F00F03FA6822FA03F3C1
:10B28000DB01DBB23A6913433B61FB785A017B690E
:10B29000134403F510639B683A691340BB60BB68B5
:10B2A00018461C37BD465DF8047B704780B483B0F8
:10B2B00000AF78607B685B6903F0010318460C37C8
:10B2C000BD465DF8047B704780B485B000AF786000
:10B2D0007B68FB60FB6803F510631B68FA6802F586
:10B2E000106223F4FF6323F007031360FB6803F588
:10B2F00000635B68FA6802F5006243F48073536090
:10B30000002318461437BD465DF8047B70470000E3
:10B3100080B487B000AFF8600B467A60FB72FB68C0
:10B320007B61FB683C3304331B683B613B69264A05
:10B3300093420AD97B6903F530631B6803F000432D
:10B34000B3F1004F01D1002337E07B6903F530638F
:10B350001A46002313617B6903F530631B697A6920
:10B3600002F5306243F4002313617B6903F5306317
:10B370001B697A6902F5306243F0180313617B6937
:10B3800003F530631B697A6902F5306243F0C0430C
:10B390001361FB7A012B0FD17B6903F530631A46E9
:10B3A0007B6853617B6903F530631B687A6902F53A
:10B3B000306243F080231360002318461C37BD46DB
:10B3C0005DF8047B704700BF0A30544F80B485B0ED
:10B3D00000AF78600023FB60FB680133FB60FB6813
:10B3E000B3F1706F01D903231BE07B681B69002B4D
:10B3F000F2DA0023FB607B681B6943F001027B6883
:10B400001A61FB680133FB60FB68B3F1706F01D90F
:10B41000032306E07B681B6903F00103012BF0D0D6
:10B42000002318461437BD465DF8047B70470000C2
:10B4300080B483B000AF03463960FB7197F90730E1
:10B44000002B0ADB3B68DAB20C4997F9073012018E
:10B45000D2B20B4483F800230AE03B68DAB2084911
:10B46000FB7903F00F03043B1201D2B20B441A76AE
:10B4700000BF0C37BD465DF8047B704700E100E07B
:10B4800000ED00E080B500AF054B1B6801F0A6FBA6
:10B490000346012B01D001F051FF00BF80BD00BF6A
:10B4A00010E000E080B500AF00216FF00400FFF76E
:10B4B000BFFF00BF80BD80B586B000AF00237B61B9
:10B4C000EFF30583FB60FB68002B02D001237B6157
:10B4D00013E001F083FB38613B69012B0DD0EFF3E2
:10B4E0001083BB60BB68002B05D1EFF311837B6039
:10B4F0007B68002B01D001237B617B6918461837DC
:10B50000BD4680BD80B582B000AFFFF7D4FF0346D3
:10B51000002B03D06FF005037B6012E001F05EFBAF
:10B5200038603B68012B09D1084B1B68002B05D103
:10B53000064B01221A6000237B6002E04FF0FF33CC
:10B540007B607B6818460837BD4680BD4C070020ED
:10B5500080B582B000AFFFF7AEFF0346002B03D0EB
:10B560006FF005037B6016E001F038FB38603B6844
:10B57000012B0DD10A4B1B68012B09D1FFF792FF5C
:10B58000074B02221A6000F0F7FD00237B6002E007
:10B590004FF0FF337B607B6818460837BD4680BD9F
:10B5A0004C07002080B58EB004AFF860B9607A60B7
:10B5B00000237B61FFF77FFF0346002B7ED1FB68F2
:10B5C000002B7BD080233B621823FB6100237B622E
:10B5D0004FF0FF33BB617B68002B45D07B681B6855
:10B5E000002B02D07B681B687B627B689B69002B09
:10B5F00002D07B689B69FB61FB69002B08D0FB696B
:10B60000382B05D87B685B6803F00103002B01D061
:10B61000002354E07B685B69002B03D07B685B6987
:10B620009B083B627B689B68002B0ED07B68DB68C5
:10B630005B2B0AD97B681B69002B06D07B685B6992
:10B64000002B02D00123BB6110E07B689B68002BBC
:10B650000CD17B68DB68002B08D17B681B69002B51
:10B6600004D10023BB6101E00023BB61BB69012B56
:10B6700010D17B681B697A68926802920193FB691A
:10B680000093BB683A6A796AF86800F0A5FB034644
:10B690007B6113E0BB69002B10D13B6A9AB207F1C2
:10B6A00014030193FB690093BB68796AF86800F0A2
:10B6B000E0FB0346012B01D000237B617B69184628
:10B6C0002837BD4680BD80B584B000AF7860FFF7F5
:10B6D000F2FE0346002B03D06FF00503FB6007E08A
:10B6E0000023FB607B68002B02D0786800F01EFD11
:10B6F000FB6818461037BD4680BD000080B485B099
:10B7000000AFF860B9607A60FB68074A1A60BB68EE
:10B71000064A1A607B6880221A6000BF1437BD4653
:10B720005DF8047B704700BF50070020AC07002085
:10B7300080B485B000AFF860B9607A60FB68074AF2
:10B740001A60BB68064A1A607B6880221A6000BFD4
:10B750001437BD465DF8047B704700BFAC0900207C
:10B76000080A002080B483B000AF78607B6803F1E2
:10B7700008027B685A607B684FF0FF329A607B68F2
:10B7800003F108027B68DA607B6803F108027B68DA
:10B790001A617B6800221A6000BF0C37BD465DF855
:10B7A000047B704780B483B000AF78607B68002270
:10B7B0001A6100BF0C37BD465DF8047B704780B44A
:10B7C00085B000AF786039603B681B68BB60BB68C0
:10B7D000B3F1FF3F03D17B681B69FB600CE07B6822
:10B7E0000833FB6002E0FB685B68FB60FB685B683A
:10B7F0001B68BA689A42F6D2FB685A683B685A607E
:10B800003B685B683A689A603B68FA689A60FB68D4
:10B810003A685A603B687A681A617B681B685A1CF0
:10B820007B681A6000BF1437BD465DF8047B704723
:10B8300080B485B000AF78607B681B69FB607B6873
:10B840005B687A6892689A607B689B687A685268DD
:10B850005A60FB685B687A689A4203D17B689A6891
:10B86000FB685A607B6800221A61FB681B685A1EDD
:10B87000FB681A60FB681B6818461437BD465DF804
:10B88000047B704780B584B000AF786039600123D5
:10B89000FB607B68BB60BB68002B03D101F064FEDA
:10B8A00000BFFDE7BB68002B57D0BB68DB6B002BEC
:10B8B00053D0BB681A6CBB68DB6B0021A3FB02236F
:10B8C000002B00D001210B46002B46D101F00AFDD0
:10B8D000BB681A68BB68DB6BB968096C01FB03F3D2
:10B8E0001A44BB689A60BB6800229A63BB681A68F6
:10B8F000BB685A60BB681A68BB68DB6B013BB96800
:10B90000096C01FB03F31A44BB68DA60BB68FF22D1
:10B9100083F84420BB68FF2283F845203B68002B56
:10B920000ED1BB681B69002B14D0BB6810331846BE
:10B9300000F04AFF0346002B0CD001F0C1FC09E0E7
:10B94000BB6810331846FFF70DFFBB682433184659
:10B95000FFF708FF01F0D8FC01E00023FB60FB6863
:10B96000002B03D101F000FE00BFFDE7FB68184685
:10B970001037BD4680BD80B588B002AFF860B960B1
:10B980007A603B6000237B613B68002B03D101F0B0
:10B99000EBFD00BFFDE7FB68002B29D03B68002BC7
:10B9A00026D07B68002B02D0BB68002B20D07B68A0
:10B9B000002B02D1BB68002B1AD150233B613B699D
:10B9C000502B03D001F0D0FD00BFFDE73B693B6881
:10B9D0007B617B69012283F8462097F820207B69F0
:10B9E000009313467A68B968F86800F00DF806E02D
:10B9F0007B69002B03D101F0B7FD00BFFDE77B6938
:10BA000018461837BD4680BD80B584B000AFF860D9
:10BA1000B9607A60FB70BB68002B03D1BB69BA695F
:10BA20001A6002E0BB697A681A60BB69FA68DA6377
:10BA3000BB69BA681A640121B869FFF723FFBB69C3
:10BA4000FA7883F84C2000BF1037BD4680BD80B522
:10BA50008AB000AFF860B9607A6000237B62FB684F
:10BA60003B623B6A002B03D101F07EFD00BFFDE786
:10BA7000BB68002B03D13B6A1B6C002B01D1012357
:10BA800000E00023002B03D101F06EFD00BFFDE7B5
:10BA900001F0A4F80346002B02D17B68002B01D1F2
:10BAA000012300E00023002B03D101F05DFD00BF66
:10BAB000FDE701F017FC3B6A9B6BFB61FB69002B08
:10BAC00019D0B968386A00F07EF8FB695A1E3B6AE3
:10BAD0009A633B6A1B69002B09D03B6A10331846F6
:10BAE00000F072FE0346002B01D001F0E9FB01F0EB
:10BAF0000BFC012363E07B68002B03D101F004FC05
:10BB000000235CE07B6A002B06D107F11403184682
:10BB100000F028FF01237B6201F0F6FB00F088FBB8
:10BB200001F0E0FB3B6A93F844305BB2B3F1FF3FB6
:10BB300003D13B6A002283F844203B6A93F84530E6
:10BB40005BB2B3F1FF3F03D13B6A002283F845208B
:10BB500001F0DAFB3A1D07F114031146184600F014
:10BB600017FF0346002B1DD1386A00F0A4F80346E6
:10BB7000002B11D03B6A24337A681146184600F036
:10BB8000C7FD386A00F045F800F060FB0346002B63
:10BB90008FD101F095FB8CE7386A00F03AF800F09D
:10BBA00055FB86E7386A00F034F800F04FFB386A3E
:10BBB00000F081F80346002B3FF47BAF00231846CA
:10BBC0002837BD4680BD80B582B000AF786039604F
:10BBD0007B681B6C002B18D07B68DA687B681B6C59
:10BBE0001A447B68DA607B68DA687B689B689A42F3
:10BBF00003D37B681A687B68DA607B68D9687B68E6
:10BC00001B6C1A46386801F0E4FF00BF0837BD46D8
:10BC100080BD80B584B000AF786001F063FB7B68C5
:10BC200093F84530FB7311E07B685B6A002B12D000
:10BC30007B682433184600F0C7FD0346002B01D073
:10BC400000F0FEFEFB7B013BDBB2FB7397F90F308C
:10BC5000002BE9DC00E000BF7B68FF2283F8452071
:10BC600001F052FB01F03EFB7B6893F84430BB735C
:10BC700011E07B681B69002B12D07B6810331846DB
:10BC800000F0A2FD0346002B01D000F0D9FEBB7BE3
:10BC9000013BDBB2BB7397F90E30002BE9DC00E00F
:10BCA00000BF7B68FF2283F8442001F02DFB00BF1A
:10BCB0001037BD4680BD80B584B000AF786001F01C
:10BCC00011FB7B689B6B002B02D10123FB6001E021
:10BCD0000023FB6001F018FBFB6818461037BD46D7
:10BCE00080BD000080B584B000AF7860396000236B
:10BCF000BB607B68002B03D101F036FC00BFFDE781
:10BD00003B68002B24D00023FB601EE0174AFB6831
:10BD1000DB0013445B687A689A4205D1FB68DB005C
:10BD2000124A1344BB6013E0BB68002B0AD10F4AD0
:10BD3000FB6852F83330002B04D1FB68DB000B4A60
:10BD40001344BB60FB680133FB60FB68072BDDD944
:10BD5000BB68002B05D0BB683A681A60BB687A687C
:10BD60005A6000BF1037BD4680BD00BF080C0020E0
:10BD700080B586B000AFF860B9607A60FB687B611F
:10BD800001F0B0FA7B6993F844305BB2B3F1FF3F46
:10BD900003D17B69002283F844207B6993F8453006
:10BDA0005BB2B3F1FF3F03D17B69002283F84520EA
:10BDB00001F0AAFA7B699B6B002B06D17B692433C7
:10BDC0007A68B968184600F0C1FC7869FFF721FF6E
:10BDD00000BF1837BD4680BD80B58CB004AFF86099
:10BDE000B9607A603B60FB6A002B03D101F0BCFBB9
:10BDF00000BFFDE73B6B002B03D101F0B5FB00BF9B
:10BE0000FDE75C237B617B695C2B03D001F0ACFB1D
:10BE100000BFFDE77B693B6B002B23D0FB6A002B47
:10BE200020D03B6BFB615C220021F86901F056FEDB
:10BE3000FB69FA6A1A63FB69022283F8592000231E
:10BE40000393FB69029307F118030193BB6A009304
:10BE50003B687A68B968F86800F055F8F86900F04E
:10BE6000D5F801E00023BB61BB6918462037BD4609
:10BE700080BD80B58CB004AFF860B9603B601346FC
:10BE8000FB80FB889B00184601F0CEFB78617B6944
:10BE9000002B13D05C2001F0C7FBF861FB69002B7D
:10BEA00008D05C220021F86901F018FEFB697A696C
:10BEB0001A6305E0786901F009FC01E00023FB61E9
:10BEC000FB69002B17D0FB69002283F85920FA8800
:10BED00000230393FB690293FB6A0193BB6A0093FF
:10BEE0003B68B968F86800F00EF8F86900F08EF861
:10BEF0000123BB6102E04FF0FF33BB61BB69184611
:10BF00002037BD4680BD80B586B000AFF860B9600F
:10BF10007A603B60BB6A186B7B689B001A46A52160
:10BF200001F0DCFDBB6A1A6B7B6803F18043013BC7
:10BF30009B0013443B613B6923F007033B613B6972
:10BF400003F00703002B03D001F00EFB00BFFDE759
:10BF5000BB68002B1ED000237B6112E0BA687B69AE
:10BF600013441978BA6A7B69134434330A461A7049
:10BF7000BA687B6913441B78002B06D07B690133B8
:10BF80007B617B690F2BE9D900E000BFBB6A00220F
:10BF900083F843203B6A372B03D901F0E5FA00BF51
:10BFA000FDE73B6A372B01D937233B62BB6A3A6A0C
:10BFB000DA62BB6A3A6ADA64BB6A04331846FFF78E
:10BFC000F1FBBB6A18331846FFF7ECFBBB6ABA6A91
:10BFD0001A613B6AC3F13802BB6A9A61BB6ABA6AEA
:10BFE0005A62BB6A196B3B68FA68386901F0D8F984
:10BFF0000246BB6A1A607B6A002B02D07B6ABA6A6F
:10C000001A6000BF1837BD4680BD000080B584B0FF
:10C0100000AF786001F066F93E4B1B6801333D4A82
:10C0200013603D4B1B68002B09D13B4A7B681360B2
:10C03000384B1B68012B10D100F01EFD0DE0374B73
:10C040001B68002B09D1344B1B68DA6A7B68DB6AFA
:10C050009A4202D8304A7B681360314B1B68013327
:10C060002F4A13602E4B1A687B685A647B68DA6A21
:10C070002C4B1B689A4203D97B68DB6A294A136000
:10C080007B68DA6A284913469B0013449B000B44E3
:10C0900004331B68FB607B68FA689A60FB689A68E7
:10C0A0007B68DA60FB689B687A6804325A607B6858
:10C0B0001A1DFB689A607B68DA6A13469B0013447A
:10C0C0009B00194A1A447B685A617B68DA6A1649F0
:10C0D00013469B0013449B000B441B68591C1248D9
:10C0E00013469B0013449B000344196001F00CF9B4
:10C0F0000A4B1B68002B08D0074B1B68DA6A7B6869
:10C10000DB6A9A4201D201F0DBF800BF1037BD466E
:10C1100080BD00BF1C110020480C00202811002009
:10C1200038110020241100204C0C002080B584B070
:10C1300000AF78600023FB607B68002B10D00D4BB4
:10C140001B68002B03D001F00FFA00BFFDE700F0E1
:10C150006FF80021786800F05FFD00F077F8F86074
:10C16000FB68002B01D101F0ABF800BF1037BD46D2
:10C1700080BD00BF4411002080B588B004AF00230B
:10C18000BB6000237B603A46391D07F1080318465F
:10C19000FFF7B4FA39687B68BA680292019300230A
:10C1A000009300230A461B491B48FFF715FE034670
:10C1B0001A4A1360194B1B68002B02D00123FB6045
:10C1C00001E00023FB60FB68012B02D100F092FD2F
:10C1D000F860FB68012B0ED101F0C6F9104B4FF04F
:10C1E000FF321A600F4B01221A600F4B00221A60B7
:10C1F00001F060F907E0FB68B3F1FF3F03D101F004
:10C20000B3F900BFFDE7094B1B6800BF1037BD46FF
:10C2100080BD00BFC4E0010859CA010840110020D8
:10C220003C110020281100202011002010000020C7
:10C2300080B400AF044B1B680133034A136000BF96
:10C24000BD465DF8047B70474411002080B586B080
:10C2500000AF00237B6100233B616B4B1B68002B0D
:10C2600003D101F081F900BFFDE701F03BF8664B17
:10C270001B68013B644A1360634B1B68002B40F052
:10C28000BB80624B1B68002B00F0B6808BE0604BDC
:10C29000DB68DB687B617B699B6ABB607B69DB6910
:10C2A0007A69126A9A607B691B6A7A69D2695A60F4
:10C2B000BB685A687B6918339A4203D17B691A6A52
:10C2C000BB685A607B6900229A62BB681B685A1E71
:10C2D000BB681A607B695B697B607B699B687A6974
:10C2E000D2689A607B69DB687A6992685A607B6879
:10C2F0005A687B6904339A4203D17B69DA687B68A8
:10C300005A607B6900225A617B681B685A1E7B68F1
:10C310001A607B69DA6A3F4B1B689A4203D97B69D2
:10C32000DB6A3C4A13607B69DA6A3B4913469B002F
:10C3300013449B000B4404331B683B607B693A68E1
:10C340009A603B689A687B69DA603B689B687A69A7
:10C3500004325A607B691A1D3B689A607B69DA6A0D
:10C3600013469B0013449B002B4A1A447B695A6175
:10C370007B69DA6A284913469B0013449B000B44EF
:10C380001B68591C244813469B0013449B0003441C
:10C3900019607B69DA6A214B1B68DB6A9A4202D317
:10C3A0001F4B01221A601A4B1B68002B7FF46FAFE2
:10C3B0007B69002B01D000F0F5FB1A4B1B68FB607A
:10C3C000FB68002B10D000F03FF80346002B02D092
:10C3D000134B01221A60FB68013BFB60FB68002BDA
:10C3E000F1D1104B00221A600D4B1B68002B03D0BB
:10C3F00001233B6100F064FF00F086FF3B691846B3
:10C400001837BD4680BD00BF441100201C1100201C
:10C41000DC100020241100204C0C0020480C0020CF
:10C42000301100202C11002080B483B000AF054BE8
:10C430001B687B607B6818460C37BD465DF8047B43
:10C44000704700BF2011002080B588B000AF0023E6
:10C45000FB617A4B1B68002B40F0E680784B1B6831
:10C460000133BB61764ABB691360BB69002B19D1EC
:10C47000744B1B681B68002B03D001F075F800BFDC
:10C48000FDE7704B1B687B616F4B1B686D4A136047
:10C490006D4A7B6913606D4B1B6801336B4A1360F7
:10C4A00000F080FB6A4B1B68BA699A42C0F0A78013
:10C4B000644B1B681B68002B04D1654B4FF0FF32A7
:10C4C0001A609CE05F4B1B68DB68DB683B613B6983
:10C4D0005B68FB60BA69FB689A4203D25C4AFB68FE
:10C4E00013608CE03B695B69BB603B699B683A69A0
:10C4F000D2689A603B69DB683A6992685A60BB68A7
:10C500005A683B6904339A4203D13B69DA68BB68D5
:10C510005A603B6900225A61BB681B685A1EBB689F
:10C520001A603B699B6A002B1ED03B699B6A7B604B
:10C530003B69DB693A69126A9A603B691B6A3A692E
:10C54000D2695A607B685A683B6918339A4203D1B2
:10C550003B691A6A7B685A603B6900229A627B6871
:10C560001B685A1E7B681A603B69DA6A394B1B6884
:10C570009A4203D93B69DB6A364A13603B69DA6A3F
:10C58000354913469B0013449B000B4404331B683E
:10C590003B603B693A689A603B689A683B69DA603D
:10C5A0003B689B683A6904325A603B691A1D3B68D4
:10C5B0009A603B69DA6A13469B0013449B00264A43
:10C5C0001A443B695A613B69DA6A234913469B0066
:10C5D00013449B000B441B68591C1F4813469B00C7
:10C5E00013449B00034419603B69DA6A1B4B1B68C8
:10C5F000DB6A9A427FF65CAF0123FB6158E7174B79
:10C600001B68DA6A144913469B0013449B000B44D1
:10C610001B68012B01D90123FB61114B1B68002B07
:10C6200007D00123FB6104E00E4B1B6801330D4A68
:10C630001360FB6918462037BD4680BD44110020B9
:10C6400020110020D4100020D81000203411002028
:10C650003C110020241100204C0C0020480C00202C
:10C66000301100202C11002080B582B000AF234B88
:10C670001B68002B03D0224B01221A603AE0204BAA
:10C6800000221A601F4B1B687B6009E07B68002B4F
:10C6900003D100F069FF00BFFDE77B68013B7B60D1
:10C6A00019497A6813469B0013449B000B441B688E
:10C6B000002BEBD07A6813469B0013449B00124A70
:10C6C00013443B603B685B685A683B685A603B6850
:10C6D0005A683B6808339A4204D13B685B685A68E1
:10C6E0003B685A603B685B68DB68084A1360054A30
:10C6F0007B68136000BF0837BD4680BD4411002031
:10C7000030110020241100204C0C0020480C002087
:10C7100080B582B000AF786039607B68002B03D1B0
:10C7200000F022FF00BFFDE7074B1B6818331946D6
:10C730007868FFF744F80121386800F06DFA00BF0F
:10C740000837BD4680BD00BF480C002080B586B0CC
:10C7500000AFF860B9607A60FB68002B03D100F08D
:10C7600003FF00BFFDE7FB685B687B61154B1B683F
:10C770007A69DA61134B1B687A6992681A62114B05
:10C780001A687B699B6818325A600E4B1B6803F16C
:10C7900018027B699A600B4B1B68FA689A62FB6807
:10C7A0001B685A1CFB681A607B68002B02D04FF094
:10C7B000FF33BB607968B86800F02EFA00BF183705
:10C7C000BD4680BD480C002080B588B000AF7860C1
:10C7D0007B68DB68DB68BB61BB69002B03D100F0C1
:10C7E000C3FE00BFFDE7BB699B6A7B61BB69DB6978
:10C7F000BA69126A9A60BB691B6ABA69D2695A60DF
:10C800007B695A68BB6918339A4203D1BB691A6ABB
:10C810007B695A60BB6900229A627B691B685A1E59
:10C820007B691A60494B1B68002B5FD1BB695B6950
:10C83000FB60BB699B68BA69D2689A60BB69DB68B8
:10C84000BA6992685A60FB685A68BB6904339A42B5
:10C8500003D1BB69DA68FB685A60BB6900225A6180
:10C86000FB681B685A1EFB681A60BB69DA6A384BA2
:10C870001B689A4203D9BB69DB6A354A1360BB69FE
:10C88000DA6A344913469B0013449B000B4404337B
:10C890001B68BB60BB69BA689A60BB689A68BB6971
:10C8A000DA60BB689B68BA6904325A60BB691A1DBA
:10C8B000BB689A60BB69DA6A13469B0013449B000D
:10C8C000244A1A44BB695A61BB69DA6A2149134692
:10C8D0009B0013449B000B441B68591C1D481346C6
:10C8E0009B0013449B00034419601BE01A4B5B68D8
:10C8F0003B61BB693A69DA613B699A68BB691A6254
:10C900003B699B68BA6918325A60BB6903F1180227
:10C910003B699A60BB69104A9A620F4B1B680133EE
:10C920000D4A1360BB69DA6A0C4B1B68DB6A9A42DA
:10C9300005D90123FB610A4B01221A6001E00023A3
:10C94000FB61FB6918462037BD4680BD44110020BD
:10C95000241100204C0C0020DC100020480C00208A
:10C960003011002080B483B000AF7860064B1A68A5
:10C970007B681A60054B1A687B685A6000BF0C37E9
:10C98000BD465DF8047B7047341100202011002063
:10C9900080B586B000AF786039607B68002B03D12A
:10C9A00000F0E2FD00BFFDE73B68002B03D100F083
:10C9B000DBFD00BFFDE700F095FC1F4B1B683B61F2
:10C9C0007B685B683A69D31AFB603B681B68B3F10C
:10C9D000FF3F02D100237B6126E07B681A68174B7A
:10C9E0001B689A420AD07B685B683A699A4205D311
:10C9F00001237B613B6800221A6015E03B681B68DD
:10CA0000FA689A420BD23B681A68FB68D21A3B68F4
:10CA10001A607868FFF7A6FF00237B6104E03B689B
:10CA200000221A6001237B6100F06EFC7B691846CE
:10CA30001837BD4680BD00BF2011002034110020F2
:10CA400080B400AF034B01221A6000BFBD465DF801
:10CA5000047B70473011002080B582B000AF786051
:10CA600000F04AF8034B1B68012BF9D900F028FCB1
:10CA7000F6E700BF4C0C002080B582B000AF002369
:10CA80007B600CE07A6813469B0013449B00124ABB
:10CA900013441846FEF766FE7B6801337B607B68B3
:10CAA000372BEFD90D48FEF75DFE0D48FEF75AFE15
:10CAB0000C48FEF757FE0C48FEF754FE0B48FEF7F5
:10CAC00051FE0B4B054A1A600A4B054A1A6000BF1B
:10CAD0000837BD4680BD00BF4C0C0020AC100020C4
:10CAE000C0100020DC100020F010002008110020F1
:10CAF000D4100020D810002080B582B000AF19E01B
:10CB000000F0F0FB104BDB68DB687B607B68043374
:10CB10001846FEF78DFE0D4B1B68013B0B4A136058
:10CB20000B4B1B68013B0A4A136000F0EDFB786871
:10CB300000F010F8064B1B68002BE1D100BF00BFCE
:10CB40000837BD4680BD00BFF01000201C1100203A
:10CB50000411002080B582B000AF78607B6893F844
:10CB60005930002B08D17B681B6B184600F0AEFDD6
:10CB7000786800F0ABFD11E07B6893F85930012B29
:10CB800003D1786800F0A2FD08E07B6893F8593083
:10CB9000022B03D000F0E8FC00BFFDE700BF083720
:10CBA000BD4680BD80B400AF0A4B1B681B68002BDC
:10CBB00004D1094B4FF0FF321A6005E0054B1B68AA
:10CBC000DB681B68044A136000BFBD465DF8047B48
:10CBD000704700BFD41000203C11002080B483B007
:10CBE00000AF0B4B1B68002B02D101237B6008E0D8
:10CBF000084B1B68002B02D102237B6001E000235D
:10CC00007B607B6818460C37BD465DF8047B704737
:10CC1000281100204411002080B586B000AF786054
:10CC200039602E4B1B687B612D4B1B680433184603
:10CC3000FEF7FEFD7B68B3F1FF3F24D13B68002B7C
:10CC400021D0284B5B683B61254B1B683A699A6091
:10CC5000234B1B683A699268DA60214B1A683B697A
:10CC60009B6804325A601E4B1B681A1D3B699A6010
:10CC70001B4B1B681B4A5A611A4B1B680133194A2C
:10CC8000136000BF26E07A697B681344FB60144B95
:10CC90001B68FA685A60FA687B699A4209D2124B9B
:10CCA0001A680F4B1B68043319461046FEF787FDC0
:10CCB00010E00E4B1A680A4B1B68043319461046E5
:10CCC000FEF77DFD0A4B1B68FA689A4202D2084AB9
:10CCD000FB68136000BF1837BD4680BD20110020DF
:10CCE000480C002008110020D8100020D41000208B
:10CCF0003C11002080B588B004AF0023FB6000F039
:10CD00005FFA184B1B68002B20D00023BB60002368
:10CD10007B603A46391D07F108031846FEF708FD07
:10CD200039687B68BA68029201930223009300235A
:10CD30000A460D490D48FFF74FF803460C4A1360A9
:10CD40000B4B1B68002B01D00123FB60FB68002B01
:10CD500003D100F009FC00BFFDE7FB68184610375F
:10CD6000BD4680BD78110020CCE0010819CE010835
:10CD70007C11002080B584B000AFF860B9607A60A3
:10CD800008E0FB689B69BA681344BB60FB681B6AD8
:10CD9000F8689847FB689A69BB68D118BB687A68DD
:10CDA000F86800F0D7F80346002BEAD100BF00BFB7
:10CDB0001037BD4680BD000080B584B000AF7860FC
:10CDC0003960144B1B68DB68DB68FB60FB6804336D
:10CDD0001846FEF72DFDFB6893F8283003F0040396
:10CDE000002B05D03A687968F868FFF7C3FF08E0C0
:10CDF000FB6893F8283023F00103DAB2FB6883F86C
:10CE00002820FB681B6AF868984700BF1037BD46AA
:10CE100080BD00BF7011002080B584B000AF786085
:10CE200007F10803184600F051F8F860BB6819468E
:10CE3000F86800F005F800F0CFF800BFF0E7000058
:10CE400080B584B000AF78603960FFF7F1F907F181
:10CE50000803184600F05EF8F860BB68002B2AD182
:10CE60003B68002B0AD17A68FB689A4206D8FFF724
:10CE7000EDF9F9687868FFF79FFF1EE03B68002B2B
:10CE800008D0104B1B681B68002B01D1012300E068
:10CE900000233B600C4B18687A68FB68D31A3A6829
:10CEA0001946FEF765FFFFF7D1F90346002B04D1C1
:10CEB00000F006FA01E0FFF7C9F900BF1037BD46E0
:10CEC00080BD00BF741100207811002080B485B0AF
:10CED00000AF78600E4B1B681B68002B01D101224C
:10CEE00000E000227B681A607B681B68002B05D17C
:10CEF000074B1B68DB681B68FB6001E00023FB60DD
:10CF0000FB6818461437BD465DF8047B704700BFC8
:10CF10007011002080B584B000AF7860FFF784FA0C
:10CF2000F8600B4B1B68FA689A4205D200F022F9B0
:10CF30007B6801221A6002E07B6800221A60044AC2
:10CF4000FB681360FB6818461037BD4680BD00BF04
:10CF50008011002080B586B000AFF860B9607A60BB
:10CF60003B6000237B61FB68BA685A60FB68FA6823
:10CF70001A61BA687B689A4212D87A683B68D21AFA
:10CF8000FB689B699A4202D301237B611BE0104B33
:10CF90001A68FB68043319461046FEF710FC12E0CD
:10CFA0007A683B689A4206D2BA683B689A4202D3D2
:10CFB00001237B6107E0074B1A68FB6804331946BD
:10CFC0001046FEF7FCFB7B6918461837BD4680BD4E
:10CFD000741100207011002080B588B000AFB7E058
:10CFE0007B68002B11DA3B1D0433FB61FB69002BCE
:10CFF00003D100F0B9FA00BFFDE7FB691B68FA69CD
:10D000005068FA699268114698477B68002BC0F215
:10D010009F80FB68BB61BB695B69002B04D0BB6967
:10D0200004331846FEF704FC3B461846FFF772FF30
:10D0300078617B68013B082B00F2878001A252F8DF
:10D0400023F000BF69D0010869D00108D1D00108E0
:10D05000E5D0010821D1010869D0010869D0010893
:10D06000D1D00108E5D00108BB6993F8283043F01E
:10D070000103DAB2BB6983F82820BA68BB699B69EF
:10D08000D118BB687A69B869FFF764FF0346002BC3
:10D090005DD0BB6993F8283003F00403002B09D05E
:10D0A000BA68BB699B6913447A691946B869FFF786
:10D0B00061FE08E0BB6993F8283023F00103DAB27F
:10D0C000BB6983F82820BB691B6AB86998473EE0B2
:10D0D000BB6993F8283023F00103DAB2BB6983F807
:10D0E000282035E0BB6993F8283043F00103DAB219
:10D0F000BB6983F82820BA68BB699A61BB699B69E0
:10D10000002B03D100F030FA00BFFDE7BB699A693C
:10D110007B69D1187B697A69B869FFF71BFF17E053
:10D12000BB6993F8283003F00203002B03D1B869E0
:10D1300000F0CCFA0CE0BB6993F8283023F001032F
:10D14000DAB2BB6983F8282002E000BF00E000BF2C
:10D15000074B1B68391D00221846FEF778FC034672
:10D16000002B7FF43DAF00BF00BF2037BD4680BD20
:10D170007811002080B582B000AF09E00E4B1B682B
:10D18000DB681B683B604FF0FF313868FFF714FE27
:10D19000094B1B681B68002BF0D1074B1B687B6099
:10D1A000064B1B68044A1360044A7B68136000BF87
:10D1B0000837BD4680BD00BF7011002074110020EB
:10D1C00080B582B002AF00F08DF8154B1B68002BC4
:10D1D00020D11448FEF7C6FA1348FEF7C3FA134BE2
:10D1E000104A1A60124B104A1A6000230093114B28
:10D1F000114A10210A20FEF7BEFB0346084A1360BD
:10D20000074B1B68002B05D0054B1B680B491846C4
:10D21000FEF768FD00F078F800BFBD4680BD00BF96
:10D2200078110020481100205C11002070110020AE
:10D23000741100202412002084110020D4E0010881
:10D2400080B400AF0B4B00221A600B4B00221A6017
:10D250000A4B1B680A4AA2FB03239B09094A013BAC
:10D260001360044B07221A6000BFBD465DF8047BC3
:10D27000704700BF10E000E018E000E0040000206C
:10D28000D34D621014E000E080B582B000AF0023FF
:10D290007B600A4B1B68B3F1FF3F03D000F064F9D9
:10D2A00000BFFDE700F060F900BF7B68002BFCD0F9
:10D2B00000BF00BF0837BD4680BD00BF140000207E
:10D2C00080B400AF064B4FF080521A60BFF34F8F0F
:10D2D000BFF36F8F00BFBD465DF8047B704700BF92
:10D2E00004ED00E080B500AF00F03EF9054B1B688F
:10D2F0000133044A1360BFF34F8FBFF36F8F00BF3A
:10D3000080BD00BF1400002080B500AF0A4B1B6831
:10D31000002B03D100F028F900BFFDE7064B1B6886
:10D32000013B054A1360044B1B68002B02D100200F
:10D3300000F027F900BF80BD1400002080B582B046
:10D3400000AF00F011F97860FFF77EF80346002B7C
:10D3500003D0054B4FF080521A60786800F011F945
:10D3600000BF0837BD4680BD04ED00E080B584B045
:10D3700000AF78607B689B69FB60FB68023B1B78B1
:10D38000FB72FB7A022B02D100F0BAF803E000F046
:10D39000EBF800BFFDE700BF1037BD4680BD0000C1
:10D3A00080B485B000AFF860B9607A603B60FB681C
:10D3B000043BFB60FB684FF080721A60FB68043B23
:10D3C000FB607A68FB681A60FB68043BFB60384AC4
:10D3D000FB681A60FB68043BFB60FB684FF012328D
:10D3E0001A60FB68043BFB60FB684FF003321A6075
:10D3F000FB68043BFB60FB684FF002321A60FB687D
:10D40000043BFB60FB684FF001321A60FB68043B91
:10D41000FB603A68FB681A60FB68043BFB60FB68D2
:10D420004FF011321A60FB68043BFB60FB684FF061
:10D4300010321A60FB68043BFB60FB684FF0093256
:10D440001A60FB68043BFB60FB684FF008321A600F
:10D45000FB68043BFB60FB684FF007321A60FB6817
:10D46000043BFB60FB684FF006321A60FB68043B2C
:10D47000FB60FB684FF005321A60FB68043BFB6001
:10D48000FB684FF004321A60FB68043BFB60FB68EA
:10D490006FF043021A60FB68043BFB60BA68FB68EC
:10D4A0001A60FB6818461437BD465DF8047B704768
:10D4B00089D2010880B500AF0C4B1B680B4A43F4BE
:10D4C0007F031360094B1B68084A43F07F431360D6
:10D4D000FFF7B6FE064B00221A6000F031F8FFF7A6
:10D4E000C3F8FFF7D1FE0023184680BD20ED00E011
:10D4F00014000020000000000000000000000000F8
:10D500000B4A1168086806C881F30B88022181F371
:10D510001488203080F30988BFF36F8F4FF000002C
:10D5200080F31188104700BFAFF30080AFF3008095
:10D53000480C002000BF00BF0000000000000000F9
:10D5400007480068006880F3088862B661B6BFF3D8
:10D550004F8FBFF36F8F02DF00BF00BFAFF30080BC
:10D5600008ED00E000BF00BFEFF311804FF0500165
:10D5700081F31188BFF34F8FBFF36F8F704700BFE8
:10D58000184680F31188BFF34F8FBFF36F8F70473A
:10D5900000BF0000000000000000000000000000CC
:10D5A000EFF30980EFF30B82734620E9FC0F104A7A
:10D5B000116808604FF0500080F31188BFF34F8F5F
:10D5C000BFF36F8FFFF750F84FF0000080F3118822
:10D5D000074A11680868B0E8FC0F82F30B8880F3F3
:10D5E00009881847AFF30080AFF30080AFF30080E5
:10D5F000480C002000BF00BF000000000000000039
:10D600001EF0040F0CBFEFF30880EFF3098004490C
:10D61000084700BFAFF30080AFF30080AFF3008096
:10D620006DD3010800BF00BF80B584B000AF786043
:10D630000023FB607B6803F00703002B0ED07B68A0
:10D6400023F0070308337A689A4205D27B6823F0F7
:10D65000070308337B6001E000237B60FEF7E8FDF1
:10D66000174B1B68002B05D1164B23F007031A46F6
:10D67000134B1A607B68002B1BD0134B1A687B6816
:10D68000134441F6F772934213D80F4B1A687B6824
:10D690001A440D4B1B689A420BD9094B1A680A4B66
:10D6A0001B681344FB60084B1A687B681344064AE6
:10D6B0001360FEF7CBFDFB6818461037BD4680BDF2
:10D6C000783200207B1200207432002080B582B0B6
:10D6D00000AF78607B68002B03D0FFF745FF00BFE9
:10D6E000FDE700BF0837BD4680BD0000002310B530
:10D6F00004468360818119464366C28108228361A2
:10D70000C0E90033C0E904335C3000F0E7F90D4BA9
:10D71000246263620C4BA3620C4BE3620C4B2363E9
:10D720000C4B9C4206D003F16802944202D0D033E5
:10D730009C4205D104F15800BDE8104000F046BA03
:10D7400010BD00BF2DD901084FD9010887D90108A4
:10D75000ABD901087C320020024A0349034800F09B
:10D7600069B800BF18000020E5DE0108280000208D
:10D7700041680C4B994210B5044601D000F0B2FB51
:10D78000A168094B994202D0204600F0ABFBE1684A
:10D79000064B994204D02046BDE8104000F0A2BBE1
:10D7A00010BD00BF7C320020E43200204C3300204A
:10D7B00010B50B4B04210B4C0B4A20461A6000227B
:10D7C000FFF794FF04F1680001220921FFF78EFFA3
:10D7D00004F1D00002221221BDE81040FFF786BFFD
:10D7E000B43300207C32002059D70108014800F0F2
:10D7F000EEB900BFBD330020014800F0E9B900BF19
:10D80000BD33002010B50446FFF7F0FF236A1BB1BB
:10D81000BDE81040FFF7F0BF044B2362044B1B68C8
:10D82000002BF5D1FFF7C4FFF2E700BF71D7010865
:10D83000B43300202DE9F8430746884614460026F5
:10D84000D4E90195B9F1010905D52468002CF7D177
:10D850003046BDE8F883AB89012B07D9B5F90E3006
:10D86000013303D029463846C04706436835E9E707
:10D87000036A70B505460E4684680BB9FFF7C2FF10
:10D88000636EDB0705D4A389980502D4A06D00F070
:10D890009EF9A389190702D52369002B35D12146AA
:10D8A000284600F0C5F880B34FF0FF35636EDA0705
:10D8B00005D4A3899B0502D4A06D00F089F9284600
:10D8C00070BD002B04DAA2699A4217DC0A2915D030
:10D8D00023685A1C22601970A36816F8011F013BC7
:10D8E000A3600029EDD1002B11DA22460A21284637
:10D8F00000F05FF80130D7D00A25D7E72246284646
:10D9000000F057F80130E7D1CEE7013EE4E72368A5
:10D910005A1C22600A221A70EEE70000024B0146F0
:10D920001868FFF7A5BF00BF2400002010B50C4603
:10D93000B1F90E1000F0FCF80028ABBF636DA389AD
:10D940001B1823F48053ACBF6365A38110BD2DE980
:10D95000F0411F468B8905460C46DB05164605D56A
:10D9600002230022B1F90E1000F0D0F8A38932464C
:10D97000B4F90E10284623F48053A3813B46BDE83A
:10D98000F04100F0E7B810B50C46B1F90E1000F008
:10D99000BDF8431CA38915BF606523F4805343F48D
:10D9A0008053A38118BFA38110BDB1F90E1000F000
:10D9B0009DB8F8B50E461446054618B1036A0BB972
:10D9C000FFF720FFA369A360A3891A0701D5236984
:10D9D00043B92146284600F02BF818B14FF0FF3725
:10D9E0003846F8BD2368F6B222693746981A63694B
:10D9F000834205DC2146284600F074FA0028EDD168
:10DA0000A368013BA36023685A1C22601E70431C5C
:10DA100062699A4204D0A389DB07E1D50A2EDFD1DF
:10DA20002146284600F05EFA0028D9D0D6E700004B
:10DA300038B5294B05460C46186818B1036A0BB96E
:10DA4000FFF7E0FEB4F90C30190722D4DA0607D448
:10DA500009222A6043F040034FF0FF30A38133E0F6
:10DA6000580712D5616B41B104F14403994202D0C9
:10DA7000284600F0BBF800236363A38923F0240346
:10DA8000A3810023636023692360A38943F0080313
:10DA9000A38123694BB9A38903F42073B3F5007FF5
:10DAA00003D02146284600F06AFAB4F90C3013F08E
:10DAB00001020AD00022A26062695242A261226978
:10DAC00042B913F08000C5D138BD990758BF6269CB
:10DAD000A260F4E70020F7E7240000200244034698
:10DAE000934200D1704703F8011BF9E738B50023D2
:10DAF000054D044608462B60F3F77FFA431C02D11C
:10DB00002B6803B1236038BDB833002038B5044614
:10DB1000064D0846114600222A601A46F3F794FA89
:10DB2000431C02D12B6803B1236038BDB8330020F9
:10DB300038B50446064D0846114600222A601A46AA
:10DB4000F3F722FA431C02D12B6803B1236038BDDE
:10DB5000B833002038B50446064D08461146002269
:10DB60002A601A46F3F72DFA431C02D12B6803B141
:10DB7000236038BDB8330020014B1868704700BFE0
:10DB80002400002070B50D4D00260D4C641BA41020
:10DB9000A64209D10B4D00260B4C00F05FFA641B26
:10DBA000A410A64205D170BD55F8043B0136984734
:10DBB000EEE755F8043B01369847F2E72CE20108FE
:10DBC0002CE201082CE2010830E20108704770479E
:10DBD00070470A44431E914200D1704710B511F8B6
:10DBE000014B914203F8014FF9D110BD38B50546FC
:10DBF000002941D051F8043C0C1F002BB8BFE41899
:10DC000000F0E0F81D4A136833B9636014602846D9
:10DC1000BDE8384000F0DCB8A34208D920682118DC
:10DC20008B4201BF19685B6809182160EDE71A464D
:10DC30005B680BB1A342FAD911685018A0420BD10E
:10DC400020680144501811608342E0D118685B6875
:10DC5000084453601060DAE702D90C232B60D6E742
:10DC6000206821188B4202BF19685B68091863603D
:10DC700008BF21605460CAE738BD00BFC43300202C
:10DC800070B50F4E0C460546316811B900F0D6F953
:10DC900030602146284600F0D1F9431C03D14FF0F3
:10DCA000FF34204670BDC41C24F00304A042F8D009
:10DCB000211A284600F0C2F90130F2D1EFE700BF87
:10DCC000C03300202DE9F843CD1C064625F003059E
:10DCD00008350C2D38BF0C25002D01DBA94204D9D5
:10DCE0000C2333600020BDE8F883DFF8D48000F017
:10DCF00069F8D8F800301C4644BB29463046FFF787
:10DD0000BFFF431C044658D1D8F800402746002FD7
:10DD100043D1002C4BD023683946304604EB03092D
:10DD200000F08CF9814542D1216830466D1A2946B0
:10DD3000FFF7A6FF01303AD023682B442360D8F8C0
:10DD400000305A6862BBC8F800700FE02268521BAE
:10DD500020D40B2A17D96119A342256018BF596036
:10DD6000636808BFC8F8001062514B60304600F08D
:10DD70002FF804F10B00231D20F00700C21A1CBF6E
:10DD80001B1AA350AFE76268A3420CBFC8F800207B
:10DD90005A60EBE723466468AEE73C467F68B6E727
:10DDA0001A465B68A342FBD100235360DEE70C23D5
:10DDB0003046336000F00CF894E70560D6E700BF0A
:10DDC000C43300200148FFF702BF00BFBC3300206E
:10DDD0000148FFF7FDBE00BFBC330020B1F90C20A5
:10DDE0002DE9F041160705460C4654D44B68002B2C
:10DDF00002DC0B6C002B48DDE66A002E45D00023C8
:10DE000012F480522F68216A2B6030D0626DA38992
:10DE1000590705D56368D21A636B0BB1236CD21A0C
:10DE20000023E66A216A2846B047431CA38906D12D
:10DE300029681D292BD82A4A0A41D60727D400224F
:10DE4000D90462602269226004D5421C01D12B688A
:10DE500003B96065616B2F60B9B104F14403994265
:10DE600002D02846FFF7C2FE002363630DE00123C2
:10DE70002846B0470246501CC9D12B68002BC6D09B
:10DE80001D2B01D0162B1DD12F60002021E043F067
:10DE900040031BB21AE00F69002FF6D093070E68FB
:10DEA0000F600CBF4B690023A6EB07088B60B8F12D
:10DEB000000FEADD43463A46216A2846A66AB04783
:10DEC000002808DCB4F90C3043F040034FF0FF3079
:10DED000A381BDE8F0810744A8EB0008E7E700BF95
:10DEE000FEFFBFDF38B50B6905460C4613B90025A8
:10DEF000284638BD18B1036A0BB9FFF783FCB4F9A3
:10DF00000C30002BF3D0626ED00704D4990502D4F4
:10DF1000A06DFFF75CFE28462146FFF75FFF636EAA
:10DF20000546DA07E4D4A3899B05E1D4A06DFFF789
:10DF30004FFEDDE770B50C46B1F90E1096B01546F0
:10DF400000291E460CDAA389002113F0800F14BFAC
:10DF500040234FF48063002031602B6016B070BD09
:10DF60006A4600F049F80028EDDB019901F47041A0
:10DF7000A1F50053594259414FF48063EBE78B8977
:10DF8000F7B59D0706460C4607D504F14703236005
:10DF900023610123636103B0F0BD01AB6A46FFF763
:10DFA000C9FF009F054630463946FFF78BFE48B94A
:10DFB000B4F90C309A05EED423F0030343F00203C6
:10DFC000A381E2E7A389206043F08003A381019B42
:10DFD000C4E904075BB1B4F90E10304600F01EF836
:10DFE00028B1A38923F0030343F00103A381A3898C
:10DFF0001D43A581CFE7000038B50023064D044638
:10E00000084611462B60F3F704F8431C02D12B6835
:10E0100003B1236038BD00BFB833002038B50023FA
:10E02000054D044608462B60F3F703F8431C02D164
:10E030002B6803B1236038BDB833002038B5002306
:10E04000054D044608462B60F3F70CF8431C02D13B
:10E050002B6803B1236038BDB8330020F8B500BF8A
:10E06000F8BC08BC9E467047F8B500BFF8BC08BCB9
:04E070009E46704711
:10E0740064656661756C745461736B00426C696E9F
:10E084006B696E674C656400424F4F544C4F41447A
:10E0940045522053746172740D00000041505020A9
:10E0A40053746172742E2E2E0D0000004E6F2041A9
:10E0B400505020666F756E642121210D0000000010
:10E0C40049444C4500000000546D722053766300AF
:10E0D400546D72510000000074E00108000000005B
:10E0E400000000000000000000000000000200002A
:10E0F40018000000000000000000000080E001089B
:10E10400000000000000000000000000000000000B
:10E1140000020000080000000000000000000000F1
:10E1240000000000000000000102030406070809C3
:10E134000000000001020304006CDC0200366E01E2
:10E144000024F400001BB70000093D0080841E0079
:10E15400504B140040420F0000E02E0000701700E6
:10E1640000A00F0000B80B00801A0600400D030049
:10E1740088070200A086010000000242010000009E
:10E1840000000242030000000000024206000000FA
:10E194000004024201000000000402420A000000E0
:10E1A4000008024202000000000C02420D000000C0
:10E1B400000C024202000000000802420A000000B3
:10E1C4000004024200000000000802420C000000AB
:10E1D40000040242030000000004024204000000A4
:10E1E4000010024200000000001002420200000081
:10E1F40000100242030000000100020004000600B7
:10E2040008000A000C0010002000400080000001FB
:10E2140001010103070100000804020408010101CF
:08E224008C20FF7F01000000C7
:04E22C00650201087E
:04E23000410201089E
:10E23400FF00000000093D00100000000100000084
:10E2440037000000AAAAAAAA0000000003000000E8
:10E254007C32002028000020000000007C320020D6
:10E26400E43200204C3300200000000000000000D5
:10E27400000000000000000000000000000000009A
:10E28400000000000000000000000000000000008A
:10E29400000000000000000000000000000000007A
:04E2A4000000000076
:0400000508011511C8
:00000001FF
