2025-02-28 11:46:20,947 [INFO] Activator:176 - 


2025-02-28 11:46:20,950 [INFO] Activator:177 - !SESSION log4j initialized
2025-02-28 11:46:26,200 [INFO] LogOutputStream:77 - [STDOUT_REDIRECT] 
2025-02-28 11:46:30,275 [INFO] ApplicationProperties:184 - Using Application install path: C:\ST\STM32CubeIDE_1.15.1\STM32CubeIDE\plugins\com.st.stm32cube.common.mx_6.11.1.202404110753
2025-02-28 11:46:30,302 [INFO] DbMcusXml:78 - Set database path to: C:\ST\STM32CubeIDE_1.15.1\STM32CubeIDE\plugins\com.st.stm32cube.common.mx_6.11.1.202404110753\\db\/mcu/
2025-02-28 11:46:30,303 [INFO] ApiDb:274 - Set plugin database path to: C:\ST\STM32CubeIDE_1.15.1\STM32CubeIDE\plugins\com.st.stm32cube.common.mx_6.11.1.202404110753\\db\/plugins/boardmanager/
2025-02-28 11:46:30,303 [WARN] ApiDb:259 - Overriding images path with different value:  => C:\ST\STM32CubeIDE_1.15.1\STM32CubeIDE\plugins\com.st.stm32cube.common.mx_6.11.1.202404110753\\db\/plugins/mcufinder/images/
2025-02-28 11:46:30,318 [INFO] ApiDb:250 - Set database path to: C:\Users\nickp\.stmcufinder\plugins\mcufinder//mcu/
2025-02-28 11:46:30,319 [INFO] DbMcusAds:125 - Set database path to: C:\Users\nickp\.stmcufinder\plugins\mcufinder//mcu/
2025-02-28 11:46:30,322 [INFO] CrossReferenceDbSqlite:203 - Set database path to: C:\Users\nickp\.stmcufinder\plugins\mcufinder//mcu/cs/
2025-02-28 11:46:30,520 [INFO] RulesReader:64 - Compatibility file has been processed (297 Rules)
2025-02-28 11:46:30,658 [INFO] DbMcusXml:78 - Set database path to: C:\ST\STM32CubeIDE_1.15.1\STM32CubeIDE\plugins\com.st.stm32cube.common.mx_6.11.1.202404110753\\db\/mcu/
2025-02-28 11:46:30,658 [INFO] ApiDb:274 - Set plugin database path to: C:\ST\STM32CubeIDE_1.15.1\STM32CubeIDE\plugins\com.st.stm32cube.common.mx_6.11.1.202404110753\\db\/plugins/boardmanager/
2025-02-28 11:46:30,658 [INFO] ApiDb:261 - Set plugin images path to: C:\ST\STM32CubeIDE_1.15.1\STM32CubeIDE\plugins\com.st.stm32cube.common.mx_6.11.1.202404110753\\db\/plugins/mcufinder/images/
2025-02-28 11:46:30,659 [WARN] DbFile:41 - Overriding database path with different value: C:\Users\nickp\.stmcufinder\plugins\mcufinder/ => C:\Users\nickp\.stmcufinder\plugins\mcufinder
2025-02-28 11:46:30,659 [INFO] ApiDb:250 - Set database path to: C:\Users\nickp\.stmcufinder\plugins\mcufinder//mcu/
2025-02-28 11:46:30,659 [WARN] DbFile:41 - Overriding database path with different value: C:\Users\nickp\.stmcufinder\plugins\mcufinder/ => C:\Users\nickp\.stmcufinder\plugins\mcufinder
2025-02-28 11:46:30,659 [INFO] DbMcusAds:125 - Set database path to: C:\Users\nickp\.stmcufinder\plugins\mcufinder//mcu/
2025-02-28 11:46:30,659 [WARN] DbFile:41 - Overriding database path with different value: C:\Users\nickp\.stmcufinder\plugins\mcufinder/ => C:\Users\nickp\.stmcufinder\plugins\mcufinder
2025-02-28 11:46:30,659 [WARN] DbFile:41 - Overriding database path with different value: C:\Users\nickp\.stmcufinder\plugins\mcufinder/ => C:\Users\nickp\.stmcufinder\plugins\mcufinder
2025-02-28 11:46:30,659 [INFO] CrossReferenceDbSqlite:203 - Set database path to: C:\Users\nickp\.stmcufinder\plugins\mcufinder//mcu/cs/
2025-02-28 11:46:30,781 [INFO] MainPanel:264 - HeapMemory: 268435456
2025-02-28 11:46:30,928 [INFO] DbMcusXml:78 - Set database path to: C:\ST\STM32CubeIDE_1.15.1\STM32CubeIDE\plugins\com.st.stm32cube.common.mx_6.11.1.202404110753\\db\/mcu/
2025-02-28 11:46:30,928 [INFO] ApiDb:274 - Set plugin database path to: C:\ST\STM32CubeIDE_1.15.1\STM32CubeIDE\plugins\com.st.stm32cube.common.mx_6.11.1.202404110753\\db\/plugins/boardmanager/
2025-02-28 11:46:30,928 [INFO] ApiDb:261 - Set plugin images path to: C:\ST\STM32CubeIDE_1.15.1\STM32CubeIDE\plugins\com.st.stm32cube.common.mx_6.11.1.202404110753\\db\/plugins/mcufinder/images/
2025-02-28 11:46:30,928 [WARN] DbFile:41 - Overriding database path with different value: C:\Users\nickp\.stmcufinder\plugins\mcufinder/ => C:\Users\nickp\.stmcufinder\plugins\mcufinder
2025-02-28 11:46:30,929 [INFO] ApiDb:250 - Set database path to: C:\Users\nickp\.stmcufinder\plugins\mcufinder//mcu/
2025-02-28 11:46:30,929 [WARN] DbFile:41 - Overriding database path with different value: C:\Users\nickp\.stmcufinder\plugins\mcufinder/ => C:\Users\nickp\.stmcufinder\plugins\mcufinder
2025-02-28 11:46:30,929 [INFO] DbMcusAds:125 - Set database path to: C:\Users\nickp\.stmcufinder\plugins\mcufinder//mcu/
2025-02-28 11:46:30,929 [WARN] DbFile:41 - Overriding database path with different value: C:\Users\nickp\.stmcufinder\plugins\mcufinder/ => C:\Users\nickp\.stmcufinder\plugins\mcufinder
2025-02-28 11:46:30,929 [WARN] DbFile:41 - Overriding database path with different value: C:\Users\nickp\.stmcufinder\plugins\mcufinder/ => C:\Users\nickp\.stmcufinder\plugins\mcufinder
2025-02-28 11:46:30,929 [INFO] CrossReferenceDbSqlite:203 - Set database path to: C:\Users\nickp\.stmcufinder\plugins\mcufinder//mcu/cs/
2025-02-28 11:46:30,956 [INFO] ApplicationProperties:184 - Using Application install path: C:\ST\STM32CubeIDE_1.15.1\STM32CubeIDE\plugins\com.st.stm32cube.common.mx_6.11.1.202404110753
2025-02-28 11:46:30,958 [INFO] PluginManage:196 - Search for loadable plugins [exclusion list=, ]
2025-02-28 11:46:30,960 [INFO] PluginManage:310 - Check plugin analytics
2025-02-28 11:46:31,196 [INFO] AnalyticsPlugin:253 - Accepted Software Licenses: 
2025-02-28 11:46:31,197 [INFO] AnalyticsPlugin:255 - Accepted CMSIS Pack Licenses: 
2025-02-28 11:46:31,197 [INFO] AnalyticsPlugin:257 - Accepted Firmware Licenses: 
2025-02-28 11:46:31,201 [INFO] PluginManage:359 - Loaded plugin analytics (category:tool,tabindex:-1)
2025-02-28 11:46:31,202 [INFO] PluginManage:310 - Check plugin cadmodel
2025-02-28 11:46:31,237 [INFO] CADModel:105 - Init CAD model plugin
2025-02-28 11:46:31,237 [INFO] PluginManage:359 - Loaded plugin cadmodel (category:power,tabindex:5)
2025-02-28 11:46:31,237 [INFO] PluginManage:310 - Check plugin clock
2025-02-28 11:46:31,273 [INFO] PluginManage:359 - Loaded plugin clock (category:base,tabindex:2)
2025-02-28 11:46:31,273 [INFO] PluginManage:310 - Check plugin ddr
2025-02-28 11:46:31,276 [INFO] PluginManage:359 - Loaded plugin ddr (category:tool,tabindex:6)
2025-02-28 11:46:31,276 [INFO] PluginManage:310 - Check plugin filemanager
2025-02-28 11:46:31,457 [INFO] PluginManage:359 - Loaded plugin filemanager (category:base,tabindex:10)
2025-02-28 11:46:31,457 [INFO] PluginManage:310 - Check plugin ipmanager
2025-02-28 11:46:31,466 [INFO] PluginManage:359 - Loaded plugin ipmanager (category:base,tabindex:5)
2025-02-28 11:46:31,467 [INFO] PluginManage:310 - Check plugin lpbam
2025-02-28 11:46:31,496 [INFO] PluginManage:359 - Loaded plugin lpbam (category:base,tabindex:0)
2025-02-28 11:46:31,496 [INFO] PluginManage:310 - Check plugin memorymap
2025-02-28 11:46:31,539 [INFO] PluginManage:359 - Loaded plugin memorymap (category:base,tabindex:4)
2025-02-28 11:46:31,539 [INFO] PluginManage:310 - Check plugin pinoutandconfiguration
2025-02-28 11:46:31,568 [INFO] PluginManage:359 - Loaded plugin pinoutandconfiguration (category:base,tabindex:1)
2025-02-28 11:46:31,569 [INFO] PluginManage:310 - Check plugin pinoutconfig
2025-02-28 11:46:31,706 [WARN] SupportedApi:132 - Cannot load RTOS API schema: s4s-elt-must-match.1: The content of 'definitions' must match (annotation?, (simpleType | complexType)?, (unique | key | keyref)*)). A problem was found starting at: attribute.
2025-02-28 11:46:31,986 [INFO] PluginManage:359 - Loaded plugin pinoutconfig (category:base,tabindex:0)
2025-02-28 11:46:31,986 [INFO] PluginManage:310 - Check plugin power
2025-02-28 11:46:32,021 [INFO] PluginManage:359 - Loaded plugin power (category:power,tabindex:4)
2025-02-28 11:46:32,021 [INFO] PluginManage:310 - Check plugin projectmanager
2025-02-28 11:46:32,045 [INFO] PluginManage:359 - Loaded plugin projectmanager (category:projectmanager,tabindex:3)
2025-02-28 11:46:32,046 [INFO] PluginManage:310 - Check plugin thirdparty
2025-02-28 11:46:32,564 [INFO] PluginManage:359 - Loaded plugin thirdparty (category:base,tabindex:-1)
2025-02-28 11:46:32,564 [WARN] IntegrityCheckThread:84 - waiting for thirdparty lock release [integrity check]
2025-02-28 11:46:32,564 [INFO] PluginManage:310 - Check plugin tools
2025-02-28 11:46:32,564 [INFO] IntegrityCheckThread:86 - entering critical section [integrity check]
2025-02-28 11:46:32,565 [INFO] ThirdPartyUpdaterWithRetryManager:70 - Updater plugin not ready yet. [1/15]
2025-02-28 11:46:32,629 [INFO] PluginManage:359 - Loaded plugin tools (category:base,tabindex:7)
2025-02-28 11:46:32,630 [INFO] PluginManage:310 - Check plugin tutovideos
2025-02-28 11:46:32,905 [INFO] PluginManage:359 - Loaded plugin tutovideos (category:base,tabindex:-1)
2025-02-28 11:46:32,906 [INFO] PluginManage:310 - Check plugin updater
2025-02-28 11:46:32,922 [INFO] PluginManage:359 - Loaded plugin updater (category:base,tabindex:12)
2025-02-28 11:46:32,922 [INFO] PluginManage:310 - Check plugin userauth
2025-02-28 11:46:32,930 [INFO] UserAuth:114 - Init User Auth plugin
2025-02-28 11:46:32,930 [INFO] PluginManage:359 - Loaded plugin userauth (category:base,tabindex:14)
2025-02-28 11:46:32,931 [INFO] PluginManage:283 - PluginManage : Loaded plugins [17]
2025-02-28 11:46:33,289 [INFO] PinOutPanel:1561 - setPackage(No Configuration,No Configuration)
2025-02-28 11:46:33,289 [INFO] McuFinderGlobals:63 - Set McuFinder mode to 2 (CubeIDE integrated)
2025-02-28 11:46:33,415 [INFO] CADModel:165 - CPN selected for project level
2025-02-28 11:46:33,415 [INFO] CADModel:114 - Register for checkConnection events
2025-02-28 11:46:33,454 [INFO] IPUIPlugin:80 - create IPUIPlugin
2025-02-28 11:46:33,455 [INFO] PluginManager:220 - loadIPPluginJar : add adc
2025-02-28 11:46:33,521 [INFO] IPUIPlugin:80 - create IPUIPlugin
2025-02-28 11:46:33,521 [INFO] PluginManager:220 - loadIPPluginJar : add aes
2025-02-28 11:46:33,596 [INFO] IPUIPlugin:80 - create IPUIPlugin
2025-02-28 11:46:33,596 [INFO] PluginManager:220 - loadIPPluginJar : add can
2025-02-28 11:46:33,642 [INFO] IPUIPlugin:80 - create IPUIPlugin
2025-02-28 11:46:33,642 [INFO] PluginManager:220 - loadIPPluginJar : add comp
2025-02-28 11:46:33,706 [INFO] IPUIPlugin:80 - create IPUIPlugin
2025-02-28 11:46:33,706 [INFO] PluginManager:220 - loadIPPluginJar : add cryp
2025-02-28 11:46:33,764 [INFO] IPUIPlugin:80 - create IPUIPlugin
2025-02-28 11:46:33,764 [INFO] PluginManager:220 - loadIPPluginJar : add dfsdm
2025-02-28 11:46:33,790 [INFO] IPUIPlugin:80 - create IPUIPlugin
2025-02-28 11:46:33,791 [INFO] PluginManager:220 - loadIPPluginJar : add dma
2025-02-28 11:46:33,876 [INFO] IPUIPlugin:80 - create IPUIPlugin
2025-02-28 11:46:33,876 [INFO] PluginManager:220 - loadIPPluginJar : add dma3
2025-02-28 11:46:33,963 [INFO] IPUIPlugin:80 - create IPUIPlugin
2025-02-28 11:46:33,963 [INFO] PluginManager:220 - loadIPPluginJar : add extmemmanager
2025-02-28 11:46:34,007 [INFO] IPUIPlugin:80 - create IPUIPlugin
2025-02-28 11:46:34,007 [INFO] PluginManager:220 - loadIPPluginJar : add fatfs
2025-02-28 11:46:34,093 [INFO] IPUIPlugin:80 - create IPUIPlugin
2025-02-28 11:46:34,093 [INFO] PluginManager:220 - loadIPPluginJar : add fmc
2025-02-28 11:46:34,122 [INFO] IPUIPlugin:80 - create IPUIPlugin
2025-02-28 11:46:34,122 [INFO] PluginManager:220 - loadIPPluginJar : add freertos
2025-02-28 11:46:34,161 [INFO] IPUIPlugin:80 - create IPUIPlugin
2025-02-28 11:46:34,161 [INFO] PluginManager:220 - loadIPPluginJar : add genericplugin
2025-02-28 11:46:34,361 [INFO] IPUIPlugin:80 - create IPUIPlugin
2025-02-28 11:46:34,361 [INFO] PluginManager:220 - loadIPPluginJar : add gfxmmu
2025-02-28 11:46:34,622 [INFO] IPUIPlugin:80 - create IPUIPlugin
2025-02-28 11:46:34,623 [INFO] PluginManager:220 - loadIPPluginJar : add gic
2025-02-28 11:46:34,650 [INFO] IPUIPlugin:80 - create IPUIPlugin
2025-02-28 11:46:34,650 [INFO] PluginManager:220 - loadIPPluginJar : add gpio
2025-02-28 11:46:34,830 [INFO] IPUIPlugin:80 - create IPUIPlugin
2025-02-28 11:46:34,831 [INFO] PluginManager:220 - loadIPPluginJar : add gtzc
2025-02-28 11:46:34,894 [INFO] IPUIPlugin:80 - create IPUIPlugin
2025-02-28 11:46:34,894 [INFO] PluginManager:220 - loadIPPluginJar : add hash
2025-02-28 11:46:35,002 [INFO] IPUIPlugin:80 - create IPUIPlugin
2025-02-28 11:46:35,002 [INFO] PluginManager:220 - loadIPPluginJar : add i2c
2025-02-28 11:46:35,088 [INFO] IPUIPlugin:80 - create IPUIPlugin
2025-02-28 11:46:35,088 [INFO] PluginManager:220 - loadIPPluginJar : add i2s
2025-02-28 11:46:35,170 [INFO] IPUIPlugin:80 - create IPUIPlugin
2025-02-28 11:46:35,170 [INFO] PluginManager:220 - loadIPPluginJar : add i3c
2025-02-28 11:46:35,369 [INFO] IPUIPlugin:80 - create IPUIPlugin
2025-02-28 11:46:35,369 [INFO] PluginManager:220 - loadIPPluginJar : add ipddr
2025-02-28 11:46:35,547 [INFO] IPUIPlugin:80 - create IPUIPlugin
2025-02-28 11:46:35,547 [INFO] PluginManager:220 - loadIPPluginJar : add linkedlist
2025-02-28 11:46:35,567 [INFO] ThirdPartyUpdaterWithRetryManager:70 - Updater plugin not ready yet. [2/15]
2025-02-28 11:46:35,614 [INFO] IPUIPlugin:80 - create IPUIPlugin
2025-02-28 11:46:35,614 [INFO] PluginManager:220 - loadIPPluginJar : add lorawan
2025-02-28 11:46:35,687 [INFO] IPUIPlugin:80 - create IPUIPlugin
2025-02-28 11:46:35,687 [INFO] PluginManager:220 - loadIPPluginJar : add ltdc
2025-02-28 11:46:35,713 [INFO] IPUIPlugin:80 - create IPUIPlugin
2025-02-28 11:46:35,713 [INFO] PluginManager:220 - loadIPPluginJar : add mdma
2025-02-28 11:46:35,736 [INFO] IPUIPlugin:80 - create IPUIPlugin
2025-02-28 11:46:35,736 [INFO] PluginManager:220 - loadIPPluginJar : add nvic
2025-02-28 11:46:35,805 [INFO] IPUIPlugin:80 - create IPUIPlugin
2025-02-28 11:46:35,805 [INFO] PluginManager:220 - loadIPPluginJar : add opamp
2025-02-28 11:46:35,922 [INFO] IPUIPlugin:80 - create IPUIPlugin
2025-02-28 11:46:35,922 [INFO] PluginManager:220 - loadIPPluginJar : add openamp
2025-02-28 11:46:36,010 [INFO] IPUIPlugin:80 - create IPUIPlugin
2025-02-28 11:46:36,010 [INFO] PluginManager:220 - loadIPPluginJar : add pdm2pcm
2025-02-28 11:46:36,035 [INFO] IPUIPlugin:80 - create IPUIPlugin
2025-02-28 11:46:36,038 [INFO] PluginManager:220 - loadIPPluginJar : add plateformsettings
2025-02-28 11:46:36,081 [INFO] IPUIPlugin:80 - create IPUIPlugin
2025-02-28 11:46:36,082 [INFO] PluginManager:220 - loadIPPluginJar : add quadspi
2025-02-28 11:46:36,106 [INFO] IPUIPlugin:80 - create IPUIPlugin
2025-02-28 11:46:36,106 [INFO] PluginManager:220 - loadIPPluginJar : add resmgrutility
2025-02-28 11:46:36,195 [INFO] IPUIPlugin:80 - create IPUIPlugin
2025-02-28 11:46:36,196 [INFO] PluginManager:220 - loadIPPluginJar : add sai
2025-02-28 11:46:36,269 [INFO] IPUIPlugin:80 - create IPUIPlugin
2025-02-28 11:46:36,269 [INFO] PluginManager:220 - loadIPPluginJar : add spi
2025-02-28 11:46:36,402 [INFO] IPUIPlugin:80 - create IPUIPlugin
2025-02-28 11:46:36,402 [INFO] PluginManager:220 - loadIPPluginJar : add stm32_wpan
2025-02-28 11:46:36,449 [INFO] IPUIPlugin:80 - create IPUIPlugin
2025-02-28 11:46:36,449 [INFO] PluginManager:220 - loadIPPluginJar : add tim
2025-02-28 11:46:36,565 [INFO] IPUIPlugin:80 - create IPUIPlugin
2025-02-28 11:46:36,566 [INFO] PluginManager:220 - loadIPPluginJar : add touchsensing
2025-02-28 11:46:36,608 [INFO] IPUIPlugin:80 - create IPUIPlugin
2025-02-28 11:46:36,608 [INFO] PluginManager:220 - loadIPPluginJar : add tracer_emb
2025-02-28 11:46:36,652 [INFO] IPUIPlugin:80 - create IPUIPlugin
2025-02-28 11:46:36,653 [INFO] PluginManager:220 - loadIPPluginJar : add ts
2025-02-28 11:46:36,694 [INFO] IPUIPlugin:80 - create IPUIPlugin
2025-02-28 11:46:36,694 [INFO] PluginManager:220 - loadIPPluginJar : add tsc
2025-02-28 11:46:36,737 [INFO] IPUIPlugin:80 - create IPUIPlugin
2025-02-28 11:46:36,737 [INFO] PluginManager:220 - loadIPPluginJar : add ucpd
2025-02-28 11:46:36,821 [INFO] IPUIPlugin:80 - create IPUIPlugin
2025-02-28 11:46:36,821 [INFO] PluginManager:220 - loadIPPluginJar : add usart
2025-02-28 11:46:36,902 [INFO] IPUIPlugin:80 - create IPUIPlugin
2025-02-28 11:46:36,902 [INFO] PluginManager:220 - loadIPPluginJar : add usbx
2025-02-28 11:46:37,063 [INFO] CADModel:165 - CPN selected for project level
2025-02-28 11:46:37,063 [INFO] CADModel:114 - Register for checkConnection events
2025-02-28 11:46:37,063 [FATAL] Updater:308 - Updater called before beeing initialized
2025-02-28 11:46:37,064 [ERROR] CADModel:125 - Updater not yet initialized, retry later 
2025-02-28 11:46:37,280 [INFO] CADModel:165 - CPN selected for project level
2025-02-28 11:46:37,280 [INFO] CADModel:114 - Register for checkConnection events
2025-02-28 11:46:37,281 [FATAL] Updater:308 - Updater called before beeing initialized
2025-02-28 11:46:37,281 [ERROR] CADModel:125 - Updater not yet initialized, retry later 
2025-02-28 11:46:37,284 [FATAL] Updater:308 - Updater called before beeing initialized
2025-02-28 11:46:37,458 [FATAL] Updater:308 - Updater called before beeing initialized
2025-02-28 11:46:37,472 [INFO] DbMcusAds:53 - JSON generation date=Tue Dec 17 18:01:15 EET 2024 (1734451275222)
2025-02-28 11:46:37,472 [FATAL] Updater:308 - Updater called before beeing initialized
2025-02-28 11:46:37,599 [WARN] DetailPanel:346 - Failed to get advertising image, set to default
2025-02-28 11:46:37,723 [FATAL] Updater:308 - Updater called before beeing initialized
2025-02-28 11:46:37,725 [FATAL] Updater:308 - Updater called before beeing initialized
2025-02-28 11:46:37,726 [FATAL] Updater:308 - Updater called before beeing initialized
2025-02-28 11:46:37,726 [WARN] DetailPanel:346 - Failed to get advertising image, set to default
2025-02-28 11:46:37,727 [FATAL] Updater:308 - Updater called before beeing initialized
2025-02-28 11:46:37,823 [ERROR] Updater:1120 - MainUpdater not yet initialized. External WinMGr cannot be set.
2025-02-28 11:46:37,843 [INFO] Updater:1056 - Updater Version found : 6.11.1
2025-02-28 11:46:37,870 [INFO] ApplicationProperties:184 - Using Application install path: C:\ST\STM32CubeIDE_1.15.1\STM32CubeIDE\plugins\com.st.stm32cube.common.mx_6.11.1.202404110753
2025-02-28 11:46:38,568 [INFO] ThirdPartyUpdaterWithRetryManager:70 - Updater plugin not ready yet. [3/15]
2025-02-28 11:46:39,472 [ERROR] LogOutputStream:75 - [STDERR_REDIRECT] Feb 28, 2025 11:46:39 AM java.util.prefs.WindowsPreferences <init>
2025-02-28 11:46:39,474 [ERROR] LogOutputStream:75 - [STDERR_REDIRECT] WARNING: Could not open/create prefs root node Software\JavaSoft\Prefs at root 0xffffffff80000002. Windows RegCreateKeyEx(...) returned error code 5.
2025-02-28 11:46:39,475 [ERROR] LogOutputStream:75 - [STDERR_REDIRECT] 
2025-02-28 11:46:40,871 [ERROR] CheckConnectionManager:249 - Problem, Http access forbiden
2025-02-28 11:46:40,875 [INFO] MainUpdater:2873 - connection check result : 22
2025-02-28 11:46:40,876 [INFO] MainUpdater:290 - Updater Check For Update Now.
2025-02-28 11:46:40,889 [INFO] MicroXplorer:498 - Change Database Version : DB.6.0.111
2025-02-28 11:46:40,926 [INFO] McuFinderGlobals:63 - Set McuFinder mode to 2 (CubeIDE integrated)
2025-02-28 11:46:40,927 [INFO] UserAuth:179 - activating auth plugin
2025-02-28 11:46:40,952 [INFO] UserAuth:415 - Internet connection configuration mode: 2
2025-02-28 11:46:41,062 [INFO] UserAuth:415 - Internet connection configuration mode: 2
2025-02-28 11:46:41,373 [INFO] CheckServerUpdateThread:120 - End of CheckServer Thread
2025-02-28 11:46:41,949 [ERROR] CheckConnectionManager:249 - Problem, Http access forbiden
2025-02-28 11:46:41,951 [INFO] MainUpdater:2873 - connection check result : 22
2025-02-28 11:46:42,088 [WARN] PackLoader:240 - Cannot read IP mode file for STMicroelectronics.FP-SNS-MOTENVWB1.1.4.0
2025-02-28 11:46:42,340 [WARN] PackLoader:240 - Cannot read IP mode file for STMicroelectronics.FP-ATR-ASTRA1.2.0.1
2025-02-28 11:46:42,382 [WARN] PackLoader:240 - Cannot read IP mode file for STMicroelectronics.X-CUBE-SMBUS.2.1.0
2025-02-28 11:46:42,509 [WARN] PackLoader:240 - Cannot read IP mode file for STMicroelectronics.X-CUBE-WB05N.1.1.0
2025-02-28 11:46:42,542 [WARN] PackLoader:240 - Cannot read IP mode file for STMicroelectronics.X-CUBE-TOUCHGFX.4.23.2
2025-02-28 11:46:42,755 [WARN] PackLoader:240 - Cannot read IP mode file for STMicroelectronics.X-CUBE-AZRTOS-F7.1.1.0
2025-02-28 11:46:43,090 [WARN] PackLoader:240 - Cannot read IP mode file for STMicroelectronics.FP-SNS-FLIGHT1.5.0.2
2025-02-28 11:46:43,208 [WARN] PackLoader:240 - Cannot read IP mode file for STMicroelectronics.X-CUBE-DISPLAY.3.0.0
2025-02-28 11:46:43,340 [WARN] PackLoader:240 - Cannot read IP mode file for STMicroelectronics.X-CUBE-BLE1.7.0.0
2025-02-28 11:46:43,433 [WARN] PackLoader:240 - Cannot read IP mode file for STMicroelectronics.X-CUBE-NFC10.1.0.0
2025-02-28 11:46:43,474 [WARN] PackLoader:240 - Cannot read IP mode file for STMicroelectronics.X-CUBE-BLEMGR.4.0.0
2025-02-28 11:46:43,507 [WARN] PackLoader:240 - Cannot read IP mode file for emotas.I-CUBE-CANOPEN.1.3.0
2025-02-28 11:46:43,610 [WARN] PackLoader:240 - Cannot read IP mode file for STMicroelectronics.X-CUBE-BLEMGR.3.1.0
2025-02-28 11:46:43,724 [WARN] PackLoader:240 - Cannot read IP mode file for STMicroelectronics.X-CUBE-AI.10.0.0
2025-02-28 11:46:43,752 [WARN] PackLoader:240 - Cannot read IP mode file for STMicroelectronics.FP-SNS-SMARTAG2.1.2.0
2025-02-28 11:46:43,949 [WARN] PackLoader:240 - Cannot read IP mode file for STMicroelectronics.X-CUBE-MEMS1.11.1.0
2025-02-28 11:46:44,221 [INFO] LogOutputStream:77 - [STDOUT_REDIRECT] 1 : Invalid condition id : UX_CORESTACK_Condition cause : null
2025-02-28 11:46:44,223 [INFO] LogOutputStream:77 - [STDOUT_REDIRECT] 1 : Invalid condition id : UX_CORESTACK_Condition cause : null
2025-02-28 11:46:44,227 [INFO] LogOutputStream:77 - [STDOUT_REDIRECT] 1 : Invalid condition id : UX_CORESTACK_Condition cause : null
2025-02-28 11:46:44,230 [INFO] LogOutputStream:77 - [STDOUT_REDIRECT] 1 : Invalid condition id : UX_CORESTACK_Condition cause : null
2025-02-28 11:46:44,232 [INFO] LogOutputStream:77 - [STDOUT_REDIRECT] 1 : Invalid condition id : UX_CORESTACK_Condition cause : null
2025-02-28 11:46:44,236 [WARN] PackLoader:240 - Cannot read IP mode file for STMicroelectronics.X-CUBE-AZRTOS-WL.2.0.0
2025-02-28 11:46:44,242 [INFO] LogOutputStream:77 - [STDOUT_REDIRECT] 1 : Invalid condition id : UX_CORESTACK_Condition cause : null
2025-02-28 11:46:44,243 [INFO] LogOutputStream:77 - [STDOUT_REDIRECT] 1 : Invalid condition id : UX_CORESTACK_Condition cause : null
2025-02-28 11:46:44,245 [INFO] LogOutputStream:77 - [STDOUT_REDIRECT] 1 : Invalid condition id : UX_CORESTACK_Condition cause : null
2025-02-28 11:46:44,247 [INFO] LogOutputStream:77 - [STDOUT_REDIRECT] 1 : Invalid condition id : UX_CORESTACK_Condition cause : null
2025-02-28 11:46:44,249 [INFO] LogOutputStream:77 - [STDOUT_REDIRECT] 1 : Invalid condition id : UX_CORESTACK_Condition cause : null
2025-02-28 11:46:44,396 [WARN] PackLoader:240 - Cannot read IP mode file for STMicroelectronics.FP-SNS-MOTENV1.5.0.0
2025-02-28 11:46:44,489 [WARN] PackLoader:240 - Cannot read IP mode file for wolfSSL.I-CUBE-wolfMQTT.1.19.0
2025-02-28 11:46:44,518 [WARN] PackLoader:240 - Cannot read IP mode file for WES.I-CUBE-Cesium.1.3.0
2025-02-28 11:46:44,545 [WARN] PackLoader:240 - Cannot read IP mode file for STMicroelectronics.X-CUBE-BLE2.3.3.0
2025-02-28 11:46:44,631 [WARN] PackLoader:240 - Cannot read IP mode file for STMicroelectronics.X-CUBE-NFC9.1.0.0
2025-02-28 11:46:44,665 [WARN] PackLoader:240 - Cannot read IP mode file for STMicroelectronics.X-CUBE-TCPP.4.1.0
2025-02-28 11:46:44,786 [WARN] PackLoader:240 - Cannot read IP mode file for STMicroelectronics.X-CUBE-AZRTOS-G0.1.1.0
2025-02-28 11:46:45,007 [WARN] PackLoader:240 - Cannot read IP mode file for STMicroelectronics.X-CUBE-SAFEA1.1.2.2
2025-02-28 11:46:45,158 [WARN] PackLoader:240 - Cannot read IP mode file for STMicroelectronics.X-CUBE-NFC4.3.0.0
2025-02-28 11:46:45,276 [WARN] PackLoader:240 - Cannot read IP mode file for EmbeddedOffice.I-CUBE-FS-RTOS.1.0.1
2025-02-28 11:46:45,277 [ERROR] ConditionMgr:805 - Attr not supported : Dmpu
2025-02-28 11:46:45,277 [ERROR] ConditionMgr:805 - Attr not supported : Dmpu
2025-02-28 11:46:45,278 [ERROR] ConditionMgr:805 - Attr not supported : Dmpu
2025-02-28 11:46:45,278 [ERROR] ConditionMgr:805 - Attr not supported : Dmpu
2025-02-28 11:46:45,278 [ERROR] ConditionMgr:805 - Attr not supported : Dmpu
2025-02-28 11:46:45,278 [ERROR] ConditionMgr:805 - Attr not supported : Dmpu
2025-02-28 11:46:45,278 [ERROR] ConditionMgr:805 - Attr not supported : Dmpu
2025-02-28 11:46:45,278 [ERROR] ConditionMgr:805 - Attr not supported : Dmpu
2025-02-28 11:46:45,278 [ERROR] ConditionMgr:805 - Attr not supported : Dmpu
2025-02-28 11:46:45,279 [ERROR] ConditionMgr:805 - Attr not supported : Dmpu
2025-02-28 11:46:45,279 [ERROR] ConditionMgr:805 - Attr not supported : Dmpu
2025-02-28 11:46:45,279 [ERROR] ConditionMgr:805 - Attr not supported : Dmpu
2025-02-28 11:46:45,279 [ERROR] ConditionMgr:805 - Attr not supported : Dmpu
2025-02-28 11:46:45,279 [ERROR] ConditionMgr:805 - Attr not supported : Dmpu
2025-02-28 11:46:45,279 [ERROR] ConditionMgr:805 - Attr not supported : Dmpu
2025-02-28 11:46:45,279 [ERROR] ConditionMgr:805 - Attr not supported : Dmpu
2025-02-28 11:46:45,280 [ERROR] ConditionMgr:805 - Attr not supported : Dmpu
2025-02-28 11:46:45,280 [ERROR] ConditionMgr:805 - Attr not supported : Dmpu
2025-02-28 11:46:45,280 [ERROR] ConditionMgr:805 - Attr not supported : Dmpu
2025-02-28 11:46:45,280 [ERROR] ConditionMgr:805 - Attr not supported : Dmpu
2025-02-28 11:46:45,280 [ERROR] ConditionMgr:805 - Attr not supported : Dmpu
2025-02-28 11:46:45,280 [ERROR] ConditionMgr:805 - Attr not supported : Dmpu
2025-02-28 11:46:45,280 [ERROR] ConditionMgr:805 - Attr not supported : Dmpu
2025-02-28 11:46:45,281 [ERROR] ConditionMgr:805 - Attr not supported : Dmpu
2025-02-28 11:46:45,281 [ERROR] ConditionMgr:805 - Attr not supported : Dmpu
2025-02-28 11:46:45,281 [ERROR] ConditionMgr:805 - Attr not supported : Dmpu
2025-02-28 11:46:45,281 [ERROR] ConditionMgr:805 - Attr not supported : Dmpu
2025-02-28 11:46:45,281 [ERROR] ConditionMgr:805 - Attr not supported : Dmpu
2025-02-28 11:46:45,281 [ERROR] ConditionMgr:805 - Attr not supported : Dmpu
2025-02-28 11:46:45,281 [ERROR] ConditionMgr:805 - Attr not supported : Dmpu
2025-02-28 11:46:45,282 [ERROR] ConditionMgr:805 - Attr not supported : Dmpu
2025-02-28 11:46:45,282 [ERROR] ConditionMgr:805 - Attr not supported : Dmpu
2025-02-28 11:46:45,282 [ERROR] ConditionMgr:805 - Attr not supported : Dmpu
2025-02-28 11:46:45,282 [ERROR] ConditionMgr:805 - Attr not supported : Dmpu
2025-02-28 11:46:45,282 [ERROR] ConditionMgr:805 - Attr not supported : Dmpu
2025-02-28 11:46:45,282 [ERROR] ConditionMgr:805 - Attr not supported : Dmpu
2025-02-28 11:46:45,283 [ERROR] ConditionMgr:805 - Attr not supported : Dmpu
2025-02-28 11:46:45,283 [ERROR] ConditionMgr:805 - Attr not supported : Dmpu
2025-02-28 11:46:45,283 [ERROR] ConditionMgr:805 - Attr not supported : Dmpu
2025-02-28 11:46:45,283 [ERROR] ConditionMgr:805 - Attr not supported : Dmpu
2025-02-28 11:46:45,283 [ERROR] ConditionMgr:805 - Attr not supported : Dmpu
2025-02-28 11:46:45,284 [ERROR] ConditionMgr:805 - Attr not supported : Dmpu
2025-02-28 11:46:45,284 [ERROR] ConditionMgr:805 - Attr not supported : Dmpu
2025-02-28 11:46:45,284 [ERROR] ConditionMgr:805 - Attr not supported : Dmpu
2025-02-28 11:46:45,286 [ERROR] ConditionMgr:805 - Attr not supported : Dmpu
2025-02-28 11:46:45,287 [ERROR] ConditionMgr:805 - Attr not supported : Dmpu
2025-02-28 11:46:45,287 [ERROR] ConditionMgr:805 - Attr not supported : Dmpu
2025-02-28 11:46:45,287 [ERROR] ConditionMgr:805 - Attr not supported : Dmpu
2025-02-28 11:46:45,287 [ERROR] ConditionMgr:805 - Attr not supported : Dmpu
2025-02-28 11:46:45,287 [ERROR] ConditionMgr:805 - Attr not supported : Dmpu
2025-02-28 11:46:45,287 [ERROR] ConditionMgr:805 - Attr not supported : Dmpu
2025-02-28 11:46:45,288 [ERROR] ConditionMgr:805 - Attr not supported : Dmpu
2025-02-28 11:46:45,288 [ERROR] ConditionMgr:805 - Attr not supported : Dmpu
2025-02-28 11:46:45,288 [ERROR] ConditionMgr:805 - Attr not supported : Dmpu
2025-02-28 11:46:45,288 [ERROR] ConditionMgr:805 - Attr not supported : Dmpu
2025-02-28 11:46:45,288 [ERROR] ConditionMgr:805 - Attr not supported : Dmpu
2025-02-28 11:46:45,288 [ERROR] ConditionMgr:805 - Attr not supported : Dmpu
2025-02-28 11:46:45,288 [ERROR] ConditionMgr:805 - Attr not supported : Dmpu
2025-02-28 11:46:45,289 [ERROR] ConditionMgr:805 - Attr not supported : Dmpu
2025-02-28 11:46:45,292 [ERROR] ConditionMgr:805 - Attr not supported : Dmpu
2025-02-28 11:46:45,292 [ERROR] ConditionMgr:805 - Attr not supported : Dmpu
2025-02-28 11:46:45,292 [ERROR] ConditionMgr:805 - Attr not supported : Dmpu
2025-02-28 11:46:45,292 [ERROR] ConditionMgr:805 - Attr not supported : Dmpu
2025-02-28 11:46:45,292 [ERROR] ConditionMgr:805 - Attr not supported : Dmpu
2025-02-28 11:46:45,331 [ERROR] Engine:466 - C:\Users\nickp\.stm32cubemx\thirdparties\pdsc\STMicroelectronics.X-CUBE-TCPP.4.2.0.pdsc: PDSC version is not supported
2025-02-28 11:46:45,364 [WARN] PackLoader:240 - Cannot read IP mode file for RealThread.X-CUBE-RT-Thread_Nano.4.1.1
2025-02-28 11:46:45,400 [WARN] PackLoader:240 - Cannot read IP mode file for wolfSSL.I-CUBE-wolfSSL.5.7.0
2025-02-28 11:46:45,494 [WARN] PackLoader:240 - Cannot read IP mode file for STMicroelectronics.FP-ATR-SIGFOX1.3.2.0
2025-02-28 11:46:45,585 [WARN] ConditionMgr:438 - getConditionDescription Invalid condition id : Cortex-A Device cause : null
2025-02-28 11:46:45,614 [WARN] ConditionMgr:1039 - genDependencies : Invalid condition id : Cortex-A Device cause : null
2025-02-28 11:46:45,614 [WARN] ConditionMgr:1039 - genDependencies : Invalid condition id : Cortex-A Device cause : null
2025-02-28 11:46:45,615 [WARN] ConditionMgr:1039 - genDependencies : Invalid condition id : Cortex-A Device cause : null
2025-02-28 11:46:45,647 [WARN] PackLoader:240 - Cannot read IP mode file for STMicroelectronics.X-CUBE-EEPRMA1.5.1.0
2025-02-28 11:46:45,767 [WARN] PackLoader:240 - Cannot read IP mode file for ITTIA_DB.I-CUBE-ITTIADB.8.9.0
2025-02-28 11:46:45,948 [WARN] PackLoader:240 - Cannot read IP mode file for SEGGER.I-CUBE-embOS.1.3.1
2025-02-28 11:46:46,140 [WARN] PackLoader:240 - Cannot read IP mode file for STMicroelectronics.X-CUBE-ALGOBUILD.1.4.0
2025-02-28 11:46:46,147 [INFO] ApiDb:581 - Connected to CubeFinder SQLite database (C:\Users\nickp\.stmcufinder\plugins\mcufinder\mcu\cube-finder-db.db)
2025-02-28 11:46:46,237 [WARN] PackLoader:240 - Cannot read IP mode file for STMicroelectronics.X-CUBE-GNSS1.6.0.0
2025-02-28 11:46:46,364 [WARN] PackLoader:240 - Cannot read IP mode file for STMicroelectronics.X-CUBE-AZRTOS-F4.1.1.0
2025-02-28 11:46:46,396 [INFO] ApiDb:668 - CubeFinder database Data Model version=2.1
2025-02-28 11:46:46,397 [INFO] ApiDb:669 - CubeFinder database Configuration version=3.0.39
2025-02-28 11:46:46,398 [INFO] ApiDb:670 - CubeFinder database generation date=2024-12-10 (1733817889)
2025-02-28 11:46:46,398 [INFO] ApiDb:671 - CubeFinder database FW Pack versions=[FP-ATR-ASTRA1_V2.0.0, FP-SNS-FLIGHT1_V5.0.2, FP-SNS-MOTENV1_V5.0.0, FP-SNS-MOTENVWB1_V1.4.0, FP-SNS-SMARTAG2_V1.2.0, FP-SNS-STBOX1_V2.0.0, STM32Cube_FW_C0_V1.3.0, STM32Cube_FW_F4_V1.28.1, STM32Cube_FW_F7_V1.17.2, STM32Cube_FW_G0_V1.6.2, STM32Cube_FW_G4_V1.6.1, STM32Cube_FW_H5_V1.4.0, STM32Cube_FW_H7RS_V1.1.0, STM32Cube_FW_H7_V1.12.0, STM32Cube_FW_L0_V1.12.2, STM32Cube_FW_L4_V1.18.1, STM32Cube_FW_L5_V1.5.1, STM32Cube_FW_N6_V1.0.0, STM32Cube_FW_U0_V1.2.0, STM32Cube_FW_U3_V1.0.0, STM32Cube_FW_U5_V1.7.0, STM32Cube_FW_WB0_V1.1.0, STM32Cube_FW_WBA_V1.5.0, STM32Cube_FW_WB_V1.21.0, STM32Cube_FW_WL3_V1.0.0, STM32Cube_FW_WL_V1.3.0, X-CUBE-ALGOBUILD_V1.4.0, X-CUBE-ALS_V1.0.2, X-CUBE-AZRTOS-F4_V1.1.0, X-CUBE-AZRTOS-F7_V1.1.0, X-CUBE-AZRTOS-G0_V1.1.0, X-CUBE-AZRTOS-G4_V2.0.0, X-CUBE-AZRTOS-H7RS_V1.0.0, X-CUBE-AZRTOS-H7_V3.3.0, X-CUBE-AZRTOS-L4_V2.0.0, X-CUBE-AZRTOS-L5_V2.0.0, X-CUBE-AZRTOS-WB_V2.0.0, X-CUBE-AZRTOS-WL_V2.0.0, X-CUBE-BLE1_V7.0.0, X-CUBE-BLE2_V3.3.0, X-CUBE-BLEMGR_V3.1.0, X-CUBE-EEPRMA1_V5.1.0, X-CUBE-FREERTOS_V1.2.0, X-CUBE-GNSS1_V6.0.0, X-CUBE-MEMS1_V11.0.0, X-CUBE-NFC4_V3.0.0, X-CUBE-NFC7_V1.0.1, X-CUBE-SFXS2LP1_V4.0.0, X-CUBE-SUBG2_V5.0.0, X-CUBE-TOF1_V3.4.2]
2025-02-28 11:46:46,550 [WARN] PackLoader:240 - Cannot read IP mode file for STMicroelectronics.X-CUBE-ISPU.2.1.0
2025-02-28 11:46:46,584 [WARN] PackLoader:240 - Cannot read IP mode file for STMicroelectronics.X-CUBE-FREERTOS.1.2.0
2025-02-28 11:46:46,648 [INFO] DbBoardsSqlite:226 - include board P-NUCLEO-WB55-NUCLEO as a kit item of type 'Nucleo-64'
2025-02-28 11:46:46,649 [INFO] DbBoardsSqlite:226 - include board P-NUCLEO-WB55-USBDONGLE as a kit item of type 'Nucleo USB Dongle'
2025-02-28 11:46:46,651 [INFO] DbBoardsSqlite:226 - include board STEVAL-IDP005V1 as a kit item of type 'Evaluation Board'
2025-02-28 11:46:46,652 [INFO] DbBoardsSqlite:226 - include board STEVAL-IDP005V2 as a kit item of type 'Evaluation Board'
2025-02-28 11:46:46,714 [WARN] PackLoader:240 - Cannot read IP mode file for STMicroelectronics.X-CUBE-AZRTOS-L5.2.0.0
2025-02-28 11:46:46,897 [WARN] PackLoader:240 - Cannot read IP mode file for STMicroelectronics.X-CUBE-NFC6.3.1.0
2025-02-28 11:46:46,996 [WARN] PackLoader:240 - Cannot read IP mode file for STMicroelectronics.X-CUBE-DPower.1.2.0
2025-02-28 11:46:47,019 [WARN] PackLoader:240 - Cannot read IP mode file for STMicroelectronics.X-CUBE-AI.9.0.0
2025-02-28 11:46:47,129 [WARN] PackLoader:240 - Cannot read IP mode file for STMicroelectronics.X-CUBE-FREERTOS.1.3.0
2025-02-28 11:46:47,163 [WARN] PackLoader:240 - Cannot read IP mode file for STMicroelectronics.X-CUBE-NFC7.1.0.1
2025-02-28 11:46:47,292 [WARN] ConditionMgr:438 - getConditionDescription Invalid condition id : LAN8742 Phy interface Condition cause : null
2025-02-28 11:46:47,293 [WARN] PackLoader:240 - Cannot read IP mode file for STMicroelectronics.X-CUBE-AZRTOS-L4.2.0.0
2025-02-28 11:46:47,295 [WARN] ConditionMgr:1039 - genDependencies : Invalid condition id : LAN8742 Phy interface Condition cause : null
2025-02-28 11:46:47,296 [WARN] ConditionMgr:1039 - genDependencies : Invalid condition id : LAN8742 Phy interface Condition cause : null
2025-02-28 11:46:47,297 [WARN] ConditionMgr:1039 - genDependencies : Invalid condition id : LAN8742 Phy interface Condition cause : null
2025-02-28 11:46:47,307 [WARN] ConditionMgr:438 - getConditionDescription Invalid condition id : LAN8742 Phy interface Condition cause : null
2025-02-28 11:46:47,474 [WARN] PackLoader:240 - Cannot read IP mode file for STMicroelectronics.X-CUBE-SFXS2LP1.4.0.0
2025-02-28 11:46:47,556 [INFO] ApiDb:240 - Found 483 in-development CPN: [B-G473E-ZEST1S, B-WB1M-WPAN1, B-WL5M-SUBG1, NUCLEO-C031C6, NUCLEO-H503RB, NUCLEO-H533RE, NUCLEO-H563ZI, NUCLEO-H7S3L8, NUCLEO-U031R8, NUCLEO-U083RC, NUCLEO-U545RE-Q, NUCLEO-U5A5ZJ-Q, NUCLEO-WBA52CG, NUCLEO-WBA55CG, STEVAL-PROTEUS1, STEVAL-SMARTAG2, STEVAL-STWINBX1, STM320518-EVAL, STM32C0116-DK, STM32C011D6Y3TR, STM32C011D6Y6TR, STM32C011F4P3, STM32C011F4P6, STM32C011F4U3, STM32C011F4U6TR, STM32C011F6P3, STM32C011F6P6, STM32C011F6U3, STM32C011F6U6TR, STM32C011J4M3, STM32C011J4M6, STM32C011J6M3, STM32C011J6M6, STM32C0316-DK, STM32C031C4T3, STM32C031C4T6, STM32C031C4U3, STM32C031C4U6, STM32C031C6T3, STM32C031C6T6, STM32C031C6U3, STM32C031C6U6, STM32C031F4P3, STM32C031F4P6, STM32C031F6P3, STM32C031F6P6, STM32C031G4U3, STM32C031G4U6, STM32C031G6U3, STM32C031G6U6, STM32C031K4T3, STM32C031K4T6, STM32C031K4U3, STM32C031K4U6, STM32C031K6T3, STM32C031K6T6, STM32C031K6U3, STM32C031K6U6, STM32G071K8TXN, STM32G071K8UXN, STM32G081GBU6N, STM32G081KBT6N, STM32G081KBUXN, STM32G0B1CCT6N, STM32G0B1KCT6, STM32G0B1NEY6TR, STM32G0B1RCT6N, STM32G0C1CCT6, STM32G0C1CCT6N, STM32G0C1CCU6N, STM32G0C1CET6N, STM32G0C1CEU6N, STM32G0C1KCT6, STM32G0C1NEY6TR, STM32G0C1RCI6N, STM32G0C1RCT6N, STM32G0C1REI6N, STM32G0C1RET6N, STM32G0C1VCI6, STM32G0C1VEI6, STM32G471CCT6, STM32G471CCU6, STM32G471CET3, STM32G471CET6, STM32G471CEU3, STM32G471CEU6, STM32G471MCT6, STM32G471MET3, STM32G471MET6, STM32G471MEY6TR, STM32G471QCT6, STM32G471QET3, STM32G471RCT6, STM32G471RET3, STM32G471RET6, STM32G471VCH6, STM32G471VCI6, STM32G471VCT6, STM32G471VEH3, STM32G471VEH6, STM32G471VEI3, STM32G471VEI6, STM32G471VET3, STM32G471VET6, STM32G474CCT6, STM32H503CBT6, STM32H503CBU6, STM32H503EBY6TR, STM32H503KBU6, STM32H503RBT6, STM32H523CCT6, STM32H523CCU6, STM32H523CET6, STM32H523CEU6, STM32H523HEY6TR, STM32H523RCT6, STM32H523RET6, STM32H523VCI6, STM32H523VCT6, STM32H523VEI6, STM32H523VET6, STM32H523ZCJ6, STM32H523ZCT6, STM32H523ZEJ6, STM32H523ZET6, STM32H533CET6, STM32H533CEU6, STM32H533HEY6TR, STM32H533RET6, STM32H533VEI6, STM32H533VET6, STM32H533ZEJ6, STM32H533ZET6, STM32H562AGI6, STM32H562AII6, STM32H562IGK6, STM32H562IGT6, STM32H562IIK6, STM32H562IIT6, STM32H562RGT6, STM32H562RGV6, STM32H562RIT6, STM32H562RIV6, STM32H562VGT6, STM32H562VIT6, STM32H562ZGT6, STM32H562ZIT6, STM32H563AGI6, STM32H563AII3Q, STM32H563AII6, STM32H563IGK6, STM32H563IGT6, STM32H563IIK3Q, STM32H563IIK6, STM32H563IIT3Q, STM32H563IIT6, STM32H563MIY3QTR, STM32H563RGT6, STM32H563RGV6, STM32H563RIT6, STM32H563RIV6, STM32H563VGT6, STM32H563VIT3Q, STM32H563VIT6, STM32H563ZGT6, STM32H563ZIT3Q, STM32H563ZIT6, STM32H573AII3Q, STM32H573AII6, STM32H573I-DK, STM32H573IIK3Q, STM32H573IIK6, STM32H573IIT3Q, STM32H573IIT6, STM32H573MIY3QTR, STM32H573RIT6, STM32H573RIV6, STM32H573VIT3Q, STM32H573VIT6, STM32H573ZIT3Q, STM32H573ZIT6, STM32H7R3A8I6, STM32H7R3I8K6, STM32H7R3I8T6, STM32H7R3L8H6, STM32H7R3L8H6H, STM32H7R3R8V6, STM32H7R3V8H6, STM32H7R3V8T6, STM32H7R3V8Y6, STM32H7R3Z8J6, STM32H7R3Z8T6, STM32H7R7A8I6, STM32H7R7I8K6, STM32H7R7I8T6, STM32H7R7L8H6, STM32H7R7L8H6H, STM32H7R7Z8J6, STM32H7S3A8I6, STM32H7S3I8K6, STM32H7S3I8T6, STM32H7S3L8H6, STM32H7S3L8H6H, STM32H7S3R8V6, STM32H7S3V8H6, STM32H7S3V8T6, STM32H7S3V8Y6, STM32H7S3Z8J6, STM32H7S3Z8T6, STM32H7S78-DK, STM32H7S7A8I6, STM32H7S7I8K6, STM32H7S7I8T6, STM32H7S7L8H6, STM32H7S7L8H6H, STM32H7S7Z8J6, STM32L4R5QGI6STR, STM32MP131AAE3, STM32MP131AAF3, STM32MP131AAG3, STM32MP131CAE3, STM32MP131CAF3, STM32MP131CAG3, STM32MP131DAE7, STM32MP131DAF7, STM32MP131DAG7, STM32MP131FAE7, STM32MP131FAF7, STM32MP131FAG7, STM32MP133AAE3, STM32MP133AAF3, STM32MP133AAG3, STM32MP133CAE3, STM32MP133CAF3, STM32MP133CAG3, STM32MP133DAE7, STM32MP133DAF7, STM32MP133DAG7, STM32MP133FAE7, STM32MP133FAF7, STM32MP133FAG7, STM32MP135AAE3, STM32MP135AAF3, STM32MP135AAG3, STM32MP135CAE3, STM32MP135CAF3, STM32MP135CAG3, STM32MP135DAE7, STM32MP135DAF7, STM32MP135DAG7, STM32MP135F-DK, STM32MP135FAE7, STM32MP135FAF7, STM32MP135FAF7T, STM32MP135FAF7U, STM32MP135FAG7, STM32U031C6T6, STM32U031C6U6, STM32U031C8T6, STM32U031C8U6, STM32U031F4P6, STM32U031F6P6, STM32U031F8P6, STM32U031G6Y6TR, STM32U031G8Y6TR, STM32U031K4U6, STM32U031K6U6, STM32U031K8U6, STM32U031R6I6, STM32U031R6T6, STM32U031R8I6, STM32U031R8T6, STM32U073C8T6, STM32U073C8U6, STM32U073CBT6, STM32U073CBU6, STM32U073CCT6, STM32U073CCU6, STM32U073H8Y6TR, STM32U073HBY6TR, STM32U073HCY6TR, STM32U073K8U6, STM32U073KBU6, STM32U073KCU6, STM32U073M8I6, STM32U073M8T6, STM32U073MBI6, STM32U073MBT6, STM32U073MCI6, STM32U073MCT6, STM32U073R8I6, STM32U073R8T6, STM32U073RBI6, STM32U073RBT6, STM32U073RCI6, STM32U073RCT6, STM32U083C-DK, STM32U083CCT6, STM32U083CCU6, STM32U083HCY6TR, STM32U083KCU6, STM32U083MCI6, STM32U083MCT6, STM32U083RCI6, STM32U083RCT6, STM32U535CBT6, STM32U535CBT6Q, STM32U535CBU6, STM32U535CBU6Q, STM32U535CCT6, STM32U535CCT6Q, STM32U535CCU6, STM32U535CCU6Q, STM32U535CET6, STM32U535CET6Q, STM32U535CEU6, STM32U535CEU6Q, STM32U535JEY6QTR, STM32U535NCY6QTR, STM32U535NEY6QTR, STM32U535RBI6, STM32U535RBI6Q, STM32U535RBT6, STM32U535RBT6Q, STM32U535RCI6, STM32U535RCI6Q, STM32U535RCT6, STM32U535RCT6Q, STM32U535REI6, STM32U535REI6Q, STM32U535RET6, STM32U535RET6Q, STM32U535VCI6, STM32U535VCI6Q, STM32U535VCT6, STM32U535VCT6Q, STM32U535VEI6, STM32U535VEI6Q, STM32U535VET6, STM32U535VET6Q, STM32U545CET6, STM32U545CET6Q, STM32U545CEU6, STM32U545CEU6Q, STM32U545JEY6QTR, STM32U545NEY6QTR, STM32U545REI6, STM32U545REI6Q, STM32U545RET6, STM32U545RET6Q, STM32U545VEI6, STM32U545VEI6Q, STM32U545VET6, STM32U545VET6Q, STM32U595AIH6, STM32U595AIH6Q, STM32U595AJH6, STM32U595AJH6Q, STM32U595QII6, STM32U595QII6Q, STM32U595QJI6, STM32U595QJI6Q, STM32U595RIT6, STM32U595RIT6Q, STM32U595RJT6, STM32U595RJT6Q, STM32U595VIT6, STM32U595VIT6Q, STM32U595VJT6, STM32U595VJT6Q, STM32U595ZIT6, STM32U595ZIT6Q, STM32U595ZIY6QTR, STM32U595ZJT6, STM32U595ZJT6Q, STM32U595ZJY6QTR, STM32U599BJY6QTR, STM32U599NIH6Q, STM32U599NJH6Q, STM32U599VIT6Q, STM32U599VJT6, STM32U599VJT6Q, STM32U599ZIT6Q, STM32U599ZIY6QTR, STM32U599ZJT6Q, STM32U599ZJY6QTR, STM32U5A5AJH6, STM32U5A5AJH6Q, STM32U5A5QII3Q , STM32U5A5QJI6, STM32U5A5QJI6Q, STM32U5A5RJT6, STM32U5A5RJT6Q, STM32U5A5VJT6, STM32U5A5VJT6Q, STM32U5A5ZJT6, STM32U5A5ZJT6Q, STM32U5A5ZJY6QTR, STM32U5A9BJY6QTR, STM32U5A9J-DK, STM32U5A9NJH6Q, STM32U5A9VJT6Q, STM32U5A9ZJT6Q, STM32U5A9ZJY6QTR, STM32U5F7VIT6, STM32U5F7VIT6Q, STM32U5F7VJT6, STM32U5F7VJT6Q, STM32U5F9BJY6QTR, STM32U5F9NJH6Q, STM32U5F9VIT6Q, STM32U5F9VJT6Q, STM32U5F9ZIJ6QTR, STM32U5F9ZIT6Q, STM32U5F9ZJJ6QTR, STM32U5F9ZJT6Q, STM32U5G7VJT6, STM32U5G7VJT6Q, STM32U5G9BJY6QTR, STM32U5G9J-DK1, STM32U5G9J-DK2, STM32U5G9NJH6Q, STM32U5G9VJT6Q, STM32U5G9ZJJ6QTR, STM32U5G9ZJT6Q, STM32WB1MMCH6, STM32WBA50KEU6, STM32WBA50KEU6TR, STM32WBA50KGU6, STM32WBA50KGU6TR, STM32WBA52CEU6, STM32WBA52CEU6TR, STM32WBA52CEU7, STM32WBA52CEU7TR, STM32WBA52CGU6, STM32WBA52CGU6TR, STM32WBA52CGU6U, STM32WBA52CGU7, STM32WBA52CGU7TR, STM32WBA52KEU6, STM32WBA52KEU6TR, STM32WBA52KGU6, STM32WBA52KGU6TR, STM32WBA54CEU6, STM32WBA54CEU6TR, STM32WBA54CEU7, STM32WBA54CEU7TR, STM32WBA54CGU6, STM32WBA54CGU6TR, STM32WBA54CGU7, STM32WBA54CGU7TR, STM32WBA54KEU6, STM32WBA54KEU6TR, STM32WBA54KEU7, STM32WBA54KEU7TR, STM32WBA54KGU6, STM32WBA54KGU6TR, STM32WBA54KGU7, STM32WBA54KGU7TR, STM32WBA55CEU6, STM32WBA55CEU6TR, STM32WBA55CEU7, STM32WBA55CEU7TR, STM32WBA55CGU6, STM32WBA55CGU6TR, STM32WBA55CGU6U, STM32WBA55CGU7, STM32WBA55CGU7TR, STM32WBA55G-DK1, STM32WBA55HEF6, STM32WBA55HEF7, STM32WBA55HGF6, STM32WBA55HGF7, STM32WBA55UEI6, STM32WBA55UEI6TR, STM32WBA55UEI7, STM32WBA55UEI7TR, STM32WBA55UGI6, STM32WBA55UGI6TR, STM32WBA55UGI7, STM32WBA55UGI7TR, STM32WL5MOCH6, STM32WL5MOCH6TR]
2025-02-28 11:46:47,563 [INFO] ApiDb:668 - CubeFinder database Data Model version=2.1
2025-02-28 11:46:47,563 [INFO] ApiDb:669 - CubeFinder database Configuration version=3.0.39
2025-02-28 11:46:47,563 [INFO] ApiDb:670 - CubeFinder database generation date=2024-12-10 (1733817889)
2025-02-28 11:46:47,563 [INFO] ApiDb:671 - CubeFinder database FW Pack versions=[FP-ATR-ASTRA1_V2.0.0, FP-SNS-FLIGHT1_V5.0.2, FP-SNS-MOTENV1_V5.0.0, FP-SNS-MOTENVWB1_V1.4.0, FP-SNS-SMARTAG2_V1.2.0, FP-SNS-STBOX1_V2.0.0, STM32Cube_FW_C0_V1.3.0, STM32Cube_FW_F4_V1.28.1, STM32Cube_FW_F7_V1.17.2, STM32Cube_FW_G0_V1.6.2, STM32Cube_FW_G4_V1.6.1, STM32Cube_FW_H5_V1.4.0, STM32Cube_FW_H7RS_V1.1.0, STM32Cube_FW_H7_V1.12.0, STM32Cube_FW_L0_V1.12.2, STM32Cube_FW_L4_V1.18.1, STM32Cube_FW_L5_V1.5.1, STM32Cube_FW_N6_V1.0.0, STM32Cube_FW_U0_V1.2.0, STM32Cube_FW_U3_V1.0.0, STM32Cube_FW_U5_V1.7.0, STM32Cube_FW_WB0_V1.1.0, STM32Cube_FW_WBA_V1.5.0, STM32Cube_FW_WB_V1.21.0, STM32Cube_FW_WL3_V1.0.0, STM32Cube_FW_WL_V1.3.0, X-CUBE-ALGOBUILD_V1.4.0, X-CUBE-ALS_V1.0.2, X-CUBE-AZRTOS-F4_V1.1.0, X-CUBE-AZRTOS-F7_V1.1.0, X-CUBE-AZRTOS-G0_V1.1.0, X-CUBE-AZRTOS-G4_V2.0.0, X-CUBE-AZRTOS-H7RS_V1.0.0, X-CUBE-AZRTOS-H7_V3.3.0, X-CUBE-AZRTOS-L4_V2.0.0, X-CUBE-AZRTOS-L5_V2.0.0, X-CUBE-AZRTOS-WB_V2.0.0, X-CUBE-AZRTOS-WL_V2.0.0, X-CUBE-BLE1_V7.0.0, X-CUBE-BLE2_V3.3.0, X-CUBE-BLEMGR_V3.1.0, X-CUBE-EEPRMA1_V5.1.0, X-CUBE-FREERTOS_V1.2.0, X-CUBE-GNSS1_V6.0.0, X-CUBE-MEMS1_V11.0.0, X-CUBE-NFC4_V3.0.0, X-CUBE-NFC7_V1.0.1, X-CUBE-SFXS2LP1_V4.0.0, X-CUBE-SUBG2_V5.0.0, X-CUBE-TOF1_V3.4.2]
2025-02-28 11:46:47,590 [WARN] PackLoader:240 - Cannot read IP mode file for STMicroelectronics.X-CUBE-AZRTOS-H7.3.3.0
2025-02-28 11:46:47,649 [WARN] ConditionMgr:438 - getConditionDescription Invalid condition id : UX DEVICE CLASS RTOS Condition cause : null
2025-02-28 11:46:47,650 [WARN] ConditionMgr:438 - getConditionDescription Invalid condition id : UX DEVICE CLASS RTOS Condition cause : null
2025-02-28 11:46:47,653 [WARN] PackLoader:240 - Cannot read IP mode file for STMicroelectronics.X-CUBE-AZRTOS-WB.2.0.0
2025-02-28 11:46:47,654 [WARN] ConditionMgr:1039 - genDependencies : Invalid condition id : UX DEVICE CLASS RTOS Condition cause : null
2025-02-28 11:46:47,654 [WARN] ConditionMgr:1039 - genDependencies : Invalid condition id : UX DEVICE CLASS RTOS Condition cause : null
2025-02-28 11:46:47,655 [WARN] ConditionMgr:1039 - genDependencies : Invalid condition id : UX DEVICE CLASS RTOS Condition cause : null
2025-02-28 11:46:47,656 [WARN] ConditionMgr:1039 - genDependencies : Invalid condition id : UX DEVICE CLASS RTOS Condition cause : null
2025-02-28 11:46:47,656 [WARN] ConditionMgr:1039 - genDependencies : Invalid condition id : UX DEVICE CLASS RTOS Condition cause : null
2025-02-28 11:46:47,661 [WARN] ConditionMgr:438 - getConditionDescription Invalid condition id : UX DEVICE CLASS RTOS Condition cause : null
2025-02-28 11:46:47,661 [WARN] ConditionMgr:438 - getConditionDescription Invalid condition id : UX DEVICE CLASS RTOS Condition cause : null
2025-02-28 11:46:47,832 [WARN] PackLoader:240 - Cannot read IP mode file for STMicroelectronics.X-CUBE-GNSS1.7.0.1
2025-02-28 11:46:47,866 [WARN] PackLoader:240 - Cannot read IP mode file for STMicroelectronics.FP-SNS-STBOX1.2.0.0
2025-02-28 11:46:47,905 [WARN] PackLoader:240 - Cannot read IP mode file for STMicroelectronics.X-CUBE-SUBG2.5.0.0
2025-02-28 11:46:48,021 [WARN] PackLoader:240 - Cannot read IP mode file for Cesanta.I-CUBE-Mongoose.7.13.0
2025-02-28 11:46:48,123 [WARN] PackLoader:240 - Cannot read IP mode file for STMicroelectronics.X-CUBE-AZRTOS-G4.2.0.0
2025-02-28 11:46:48,254 [WARN] PackLoader:240 - Cannot read IP mode file for STMicroelectronics.X-CUBE-ISPU.2.0.0
2025-02-28 11:46:48,332 [ERROR] Engine:466 - C:\Users\nickp\.stm32cubemx\thirdparties\pdsc\STMicroelectronics.X-CUBE-IPS.3.1.0.pdsc: PDSC version is not supported
2025-02-28 11:46:48,357 [WARN] PackLoader:240 - Cannot read IP mode file for STMicroelectronics.X-CUBE-ALS.1.0.2
2025-02-28 11:46:48,472 [WARN] PackLoader:240 - Cannot read IP mode file for STMicroelectronics.X-CUBE-MEMS1.10.0.0
2025-02-28 11:46:48,807 [WARN] PackLoader:240 - Cannot read IP mode file for STMicroelectronics.X-CUBE-TOUCHGFX.4.24.0
2025-02-28 11:46:48,829 [WARN] PackLoader:240 - Cannot read IP mode file for STMicroelectronics.X-CUBE-TOUCHGFX.4.24.2
2025-02-28 11:46:48,856 [WARN] PackLoader:240 - Cannot read IP mode file for wolfSSL.I-CUBE-wolfTPM.3.4.0
2025-02-28 11:46:48,883 [WARN] PackLoader:240 - Cannot read IP mode file for portGmbH.I-Cube-SoM-uGOAL.1.1.0
2025-02-28 11:46:48,990 [WARN] PackLoader:240 - Cannot read IP mode file for STMicroelectronics.X-CUBE-AZRTOS-H7RS.1.0.0
2025-02-28 11:46:49,130 [WARN] PackLoader:240 - Cannot read IP mode file for STMicroelectronics.FP-ATR-ASTRA1.2.0.0
2025-02-28 11:46:49,204 [WARN] PackLoader:240 - Cannot read IP mode file for STMicroelectronics.X-CUBE-TOF1.3.4.2
2025-02-28 11:46:49,255 [WARN] PackLoader:240 - Cannot read IP mode file for STMicroelectronics.X-CUBE-TOF1.3.4.1
2025-02-28 11:46:49,406 [WARN] PackLoader:240 - Cannot read IP mode file for STMicroelectronics.X-CUBE-AZRTOS-H7.3.2.0
2025-02-28 11:46:49,568 [WARN] PackLoader:240 - Cannot read IP mode file for Infineon.AIROC-Wi-Fi-Bluetooth-STM32.1.6.0
2025-02-28 11:46:49,654 [WARN] PackLoader:240 - Cannot read IP mode file for wolfSSL.I-CUBE-wolfSSH.1.4.17
2025-02-28 11:46:49,655 [INFO] ThirdParty:978 - Integrity check success = true
2025-02-28 11:46:49,655 [INFO] IntegrityCheckThread:100 - exiting critical section [integrity check]
2025-02-28 11:46:49,655 [INFO] IntegrityCheckThread:103 - End integrity checks thread
2025-02-28 11:46:50,735 [INFO] ApiDb:240 - Found 483 in-development CPN: [B-G473E-ZEST1S, B-WB1M-WPAN1, B-WL5M-SUBG1, NUCLEO-C031C6, NUCLEO-H503RB, NUCLEO-H533RE, NUCLEO-H563ZI, NUCLEO-H7S3L8, NUCLEO-U031R8, NUCLEO-U083RC, NUCLEO-U545RE-Q, NUCLEO-U5A5ZJ-Q, NUCLEO-WBA52CG, NUCLEO-WBA55CG, STEVAL-PROTEUS1, STEVAL-SMARTAG2, STEVAL-STWINBX1, STM320518-EVAL, STM32C0116-DK, STM32C011D6Y3TR, STM32C011D6Y6TR, STM32C011F4P3, STM32C011F4P6, STM32C011F4U3, STM32C011F4U6TR, STM32C011F6P3, STM32C011F6P6, STM32C011F6U3, STM32C011F6U6TR, STM32C011J4M3, STM32C011J4M6, STM32C011J6M3, STM32C011J6M6, STM32C0316-DK, STM32C031C4T3, STM32C031C4T6, STM32C031C4U3, STM32C031C4U6, STM32C031C6T3, STM32C031C6T6, STM32C031C6U3, STM32C031C6U6, STM32C031F4P3, STM32C031F4P6, STM32C031F6P3, STM32C031F6P6, STM32C031G4U3, STM32C031G4U6, STM32C031G6U3, STM32C031G6U6, STM32C031K4T3, STM32C031K4T6, STM32C031K4U3, STM32C031K4U6, STM32C031K6T3, STM32C031K6T6, STM32C031K6U3, STM32C031K6U6, STM32G071K8TXN, STM32G071K8UXN, STM32G081GBU6N, STM32G081KBT6N, STM32G081KBUXN, STM32G0B1CCT6N, STM32G0B1KCT6, STM32G0B1NEY6TR, STM32G0B1RCT6N, STM32G0C1CCT6, STM32G0C1CCT6N, STM32G0C1CCU6N, STM32G0C1CET6N, STM32G0C1CEU6N, STM32G0C1KCT6, STM32G0C1NEY6TR, STM32G0C1RCI6N, STM32G0C1RCT6N, STM32G0C1REI6N, STM32G0C1RET6N, STM32G0C1VCI6, STM32G0C1VEI6, STM32G471CCT6, STM32G471CCU6, STM32G471CET3, STM32G471CET6, STM32G471CEU3, STM32G471CEU6, STM32G471MCT6, STM32G471MET3, STM32G471MET6, STM32G471MEY6TR, STM32G471QCT6, STM32G471QET3, STM32G471RCT6, STM32G471RET3, STM32G471RET6, STM32G471VCH6, STM32G471VCI6, STM32G471VCT6, STM32G471VEH3, STM32G471VEH6, STM32G471VEI3, STM32G471VEI6, STM32G471VET3, STM32G471VET6, STM32G474CCT6, STM32H503CBT6, STM32H503CBU6, STM32H503EBY6TR, STM32H503KBU6, STM32H503RBT6, STM32H523CCT6, STM32H523CCU6, STM32H523CET6, STM32H523CEU6, STM32H523HEY6TR, STM32H523RCT6, STM32H523RET6, STM32H523VCI6, STM32H523VCT6, STM32H523VEI6, STM32H523VET6, STM32H523ZCJ6, STM32H523ZCT6, STM32H523ZEJ6, STM32H523ZET6, STM32H533CET6, STM32H533CEU6, STM32H533HEY6TR, STM32H533RET6, STM32H533VEI6, STM32H533VET6, STM32H533ZEJ6, STM32H533ZET6, STM32H562AGI6, STM32H562AII6, STM32H562IGK6, STM32H562IGT6, STM32H562IIK6, STM32H562IIT6, STM32H562RGT6, STM32H562RGV6, STM32H562RIT6, STM32H562RIV6, STM32H562VGT6, STM32H562VIT6, STM32H562ZGT6, STM32H562ZIT6, STM32H563AGI6, STM32H563AII3Q, STM32H563AII6, STM32H563IGK6, STM32H563IGT6, STM32H563IIK3Q, STM32H563IIK6, STM32H563IIT3Q, STM32H563IIT6, STM32H563MIY3QTR, STM32H563RGT6, STM32H563RGV6, STM32H563RIT6, STM32H563RIV6, STM32H563VGT6, STM32H563VIT3Q, STM32H563VIT6, STM32H563ZGT6, STM32H563ZIT3Q, STM32H563ZIT6, STM32H573AII3Q, STM32H573AII6, STM32H573I-DK, STM32H573IIK3Q, STM32H573IIK6, STM32H573IIT3Q, STM32H573IIT6, STM32H573MIY3QTR, STM32H573RIT6, STM32H573RIV6, STM32H573VIT3Q, STM32H573VIT6, STM32H573ZIT3Q, STM32H573ZIT6, STM32H7R3A8I6, STM32H7R3I8K6, STM32H7R3I8T6, STM32H7R3L8H6, STM32H7R3L8H6H, STM32H7R3R8V6, STM32H7R3V8H6, STM32H7R3V8T6, STM32H7R3V8Y6, STM32H7R3Z8J6, STM32H7R3Z8T6, STM32H7R7A8I6, STM32H7R7I8K6, STM32H7R7I8T6, STM32H7R7L8H6, STM32H7R7L8H6H, STM32H7R7Z8J6, STM32H7S3A8I6, STM32H7S3I8K6, STM32H7S3I8T6, STM32H7S3L8H6, STM32H7S3L8H6H, STM32H7S3R8V6, STM32H7S3V8H6, STM32H7S3V8T6, STM32H7S3V8Y6, STM32H7S3Z8J6, STM32H7S3Z8T6, STM32H7S78-DK, STM32H7S7A8I6, STM32H7S7I8K6, STM32H7S7I8T6, STM32H7S7L8H6, STM32H7S7L8H6H, STM32H7S7Z8J6, STM32L4R5QGI6STR, STM32MP131AAE3, STM32MP131AAF3, STM32MP131AAG3, STM32MP131CAE3, STM32MP131CAF3, STM32MP131CAG3, STM32MP131DAE7, STM32MP131DAF7, STM32MP131DAG7, STM32MP131FAE7, STM32MP131FAF7, STM32MP131FAG7, STM32MP133AAE3, STM32MP133AAF3, STM32MP133AAG3, STM32MP133CAE3, STM32MP133CAF3, STM32MP133CAG3, STM32MP133DAE7, STM32MP133DAF7, STM32MP133DAG7, STM32MP133FAE7, STM32MP133FAF7, STM32MP133FAG7, STM32MP135AAE3, STM32MP135AAF3, STM32MP135AAG3, STM32MP135CAE3, STM32MP135CAF3, STM32MP135CAG3, STM32MP135DAE7, STM32MP135DAF7, STM32MP135DAG7, STM32MP135F-DK, STM32MP135FAE7, STM32MP135FAF7, STM32MP135FAF7T, STM32MP135FAF7U, STM32MP135FAG7, STM32U031C6T6, STM32U031C6U6, STM32U031C8T6, STM32U031C8U6, STM32U031F4P6, STM32U031F6P6, STM32U031F8P6, STM32U031G6Y6TR, STM32U031G8Y6TR, STM32U031K4U6, STM32U031K6U6, STM32U031K8U6, STM32U031R6I6, STM32U031R6T6, STM32U031R8I6, STM32U031R8T6, STM32U073C8T6, STM32U073C8U6, STM32U073CBT6, STM32U073CBU6, STM32U073CCT6, STM32U073CCU6, STM32U073H8Y6TR, STM32U073HBY6TR, STM32U073HCY6TR, STM32U073K8U6, STM32U073KBU6, STM32U073KCU6, STM32U073M8I6, STM32U073M8T6, STM32U073MBI6, STM32U073MBT6, STM32U073MCI6, STM32U073MCT6, STM32U073R8I6, STM32U073R8T6, STM32U073RBI6, STM32U073RBT6, STM32U073RCI6, STM32U073RCT6, STM32U083C-DK, STM32U083CCT6, STM32U083CCU6, STM32U083HCY6TR, STM32U083KCU6, STM32U083MCI6, STM32U083MCT6, STM32U083RCI6, STM32U083RCT6, STM32U535CBT6, STM32U535CBT6Q, STM32U535CBU6, STM32U535CBU6Q, STM32U535CCT6, STM32U535CCT6Q, STM32U535CCU6, STM32U535CCU6Q, STM32U535CET6, STM32U535CET6Q, STM32U535CEU6, STM32U535CEU6Q, STM32U535JEY6QTR, STM32U535NCY6QTR, STM32U535NEY6QTR, STM32U535RBI6, STM32U535RBI6Q, STM32U535RBT6, STM32U535RBT6Q, STM32U535RCI6, STM32U535RCI6Q, STM32U535RCT6, STM32U535RCT6Q, STM32U535REI6, STM32U535REI6Q, STM32U535RET6, STM32U535RET6Q, STM32U535VCI6, STM32U535VCI6Q, STM32U535VCT6, STM32U535VCT6Q, STM32U535VEI6, STM32U535VEI6Q, STM32U535VET6, STM32U535VET6Q, STM32U545CET6, STM32U545CET6Q, STM32U545CEU6, STM32U545CEU6Q, STM32U545JEY6QTR, STM32U545NEY6QTR, STM32U545REI6, STM32U545REI6Q, STM32U545RET6, STM32U545RET6Q, STM32U545VEI6, STM32U545VEI6Q, STM32U545VET6, STM32U545VET6Q, STM32U595AIH6, STM32U595AIH6Q, STM32U595AJH6, STM32U595AJH6Q, STM32U595QII6, STM32U595QII6Q, STM32U595QJI6, STM32U595QJI6Q, STM32U595RIT6, STM32U595RIT6Q, STM32U595RJT6, STM32U595RJT6Q, STM32U595VIT6, STM32U595VIT6Q, STM32U595VJT6, STM32U595VJT6Q, STM32U595ZIT6, STM32U595ZIT6Q, STM32U595ZIY6QTR, STM32U595ZJT6, STM32U595ZJT6Q, STM32U595ZJY6QTR, STM32U599BJY6QTR, STM32U599NIH6Q, STM32U599NJH6Q, STM32U599VIT6Q, STM32U599VJT6, STM32U599VJT6Q, STM32U599ZIT6Q, STM32U599ZIY6QTR, STM32U599ZJT6Q, STM32U599ZJY6QTR, STM32U5A5AJH6, STM32U5A5AJH6Q, STM32U5A5QII3Q , STM32U5A5QJI6, STM32U5A5QJI6Q, STM32U5A5RJT6, STM32U5A5RJT6Q, STM32U5A5VJT6, STM32U5A5VJT6Q, STM32U5A5ZJT6, STM32U5A5ZJT6Q, STM32U5A5ZJY6QTR, STM32U5A9BJY6QTR, STM32U5A9J-DK, STM32U5A9NJH6Q, STM32U5A9VJT6Q, STM32U5A9ZJT6Q, STM32U5A9ZJY6QTR, STM32U5F7VIT6, STM32U5F7VIT6Q, STM32U5F7VJT6, STM32U5F7VJT6Q, STM32U5F9BJY6QTR, STM32U5F9NJH6Q, STM32U5F9VIT6Q, STM32U5F9VJT6Q, STM32U5F9ZIJ6QTR, STM32U5F9ZIT6Q, STM32U5F9ZJJ6QTR, STM32U5F9ZJT6Q, STM32U5G7VJT6, STM32U5G7VJT6Q, STM32U5G9BJY6QTR, STM32U5G9J-DK1, STM32U5G9J-DK2, STM32U5G9NJH6Q, STM32U5G9VJT6Q, STM32U5G9ZJJ6QTR, STM32U5G9ZJT6Q, STM32WB1MMCH6, STM32WBA50KEU6, STM32WBA50KEU6TR, STM32WBA50KGU6, STM32WBA50KGU6TR, STM32WBA52CEU6, STM32WBA52CEU6TR, STM32WBA52CEU7, STM32WBA52CEU7TR, STM32WBA52CGU6, STM32WBA52CGU6TR, STM32WBA52CGU6U, STM32WBA52CGU7, STM32WBA52CGU7TR, STM32WBA52KEU6, STM32WBA52KEU6TR, STM32WBA52KGU6, STM32WBA52KGU6TR, STM32WBA54CEU6, STM32WBA54CEU6TR, STM32WBA54CEU7, STM32WBA54CEU7TR, STM32WBA54CGU6, STM32WBA54CGU6TR, STM32WBA54CGU7, STM32WBA54CGU7TR, STM32WBA54KEU6, STM32WBA54KEU6TR, STM32WBA54KEU7, STM32WBA54KEU7TR, STM32WBA54KGU6, STM32WBA54KGU6TR, STM32WBA54KGU7, STM32WBA54KGU7TR, STM32WBA55CEU6, STM32WBA55CEU6TR, STM32WBA55CEU7, STM32WBA55CEU7TR, STM32WBA55CGU6, STM32WBA55CGU6TR, STM32WBA55CGU6U, STM32WBA55CGU7, STM32WBA55CGU7TR, STM32WBA55G-DK1, STM32WBA55HEF6, STM32WBA55HEF7, STM32WBA55HGF6, STM32WBA55HGF7, STM32WBA55UEI6, STM32WBA55UEI6TR, STM32WBA55UEI7, STM32WBA55UEI7TR, STM32WBA55UGI6, STM32WBA55UGI6TR, STM32WBA55UGI7, STM32WBA55UGI7TR, STM32WL5MOCH6, STM32WL5MOCH6TR]
2025-02-28 11:46:50,745 [INFO] DbMcus:218 - Found 4404 MCUs, 4404 are supported
2025-02-28 11:46:50,747 [INFO] ApiDb:423 - Load user favorites file C:\Users\nickp/.stm32cubeide/favorites.mcus.txt: 0 item(s)
2025-02-28 11:46:50,748 [INFO] ApiDb:427 - User favorites MCUs=[]
2025-02-28 11:46:50,748 [INFO] DbMcus:224 - Set 0 / 0 favorites MCUs
2025-02-28 11:46:51,222 [INFO] BoardInfo:889 - No configuration file found for board NUCLEO-C071RB
2025-02-28 11:46:51,223 [INFO] DbBoards:161 - Board is not supported: NUCLEO-C071RB
2025-02-28 11:46:51,349 [INFO] BoardInfo:889 - No configuration file found for board NUCLEO-N657X0-Q
2025-02-28 11:46:51,350 [INFO] DbBoards:161 - Board is not supported: NUCLEO-N657X0-Q
2025-02-28 11:46:51,361 [INFO] BoardInfo:889 - No configuration file found for board NUCLEO-WB05KZ
2025-02-28 11:46:51,362 [INFO] DbBoards:161 - Board is not supported: NUCLEO-WB05KZ
2025-02-28 11:46:51,363 [INFO] BoardInfo:889 - No configuration file found for board NUCLEO-WB07CC
2025-02-28 11:46:51,364 [INFO] DbBoards:161 - Board is not supported: NUCLEO-WB07CC
2025-02-28 11:46:51,366 [INFO] BoardInfo:889 - No configuration file found for board NUCLEO-WB09KE
2025-02-28 11:46:51,366 [INFO] DbBoards:161 - Board is not supported: NUCLEO-WB09KE
2025-02-28 11:46:51,384 [INFO] BoardInfo:889 - No configuration file found for board P-NUCLEO-WB55
2025-02-28 11:46:51,385 [INFO] DbBoards:161 - Kit is not supported: P-NUCLEO-WB55
2025-02-28 11:46:51,392 [INFO] BoardInfo:889 - No configuration file found for board STEVAL-BFA001V1B
2025-02-28 11:46:51,393 [INFO] DbBoards:161 - Kit is not supported: STEVAL-BFA001V1B
2025-02-28 11:46:51,395 [INFO] BoardInfo:889 - No configuration file found for board STEVAL-BFA001V2B
2025-02-28 11:46:51,395 [INFO] DbBoards:161 - Kit is not supported: STEVAL-BFA001V2B
2025-02-28 11:46:51,627 [INFO] BoardInfo:889 - No configuration file found for board STM32MP257F-DK
2025-02-28 11:46:51,628 [INFO] DbBoards:161 - Board is not supported: STM32MP257F-DK
2025-02-28 11:46:51,631 [INFO] BoardInfo:889 - No configuration file found for board STM32MP257F-EV1
2025-02-28 11:46:51,631 [INFO] DbBoards:161 - Board is not supported: STM32MP257F-EV1
2025-02-28 11:46:51,633 [INFO] BoardInfo:889 - No configuration file found for board STM32N6570-DK
2025-02-28 11:46:51,634 [INFO] DbBoards:161 - Board is not supported: STM32N6570-DK
2025-02-28 11:46:51,650 [INFO] DbBoards:168 - Found 203 boards, 192 are supported
2025-02-28 11:46:51,650 [INFO] DbBoards:169 - Found 203 boards, 8 of them is supported for  Bsp
2025-02-28 11:46:51,654 [INFO] ApiDb:423 - Load user favorites file C:\Users\nickp/.stm32cubeide/favorites.boards.txt: 0 item(s)
2025-02-28 11:46:51,654 [INFO] ApiDb:427 - User favorites Boards=[]
2025-02-28 11:46:51,654 [INFO] DbBoards:198 - Set 0 / 0 favorites Boards
2025-02-28 11:46:51,655 [INFO] McuFinderGlobals:76 - Set McuFinderConnectedMode to false
2025-02-28 11:46:51,665 [INFO] MultiScanPanel:200 - Auto-refresh data requested => check proxy status ongoing
2025-02-28 11:46:51,666 [INFO] MultiScanPanel:204 - Proxy status is invalid
2025-02-28 11:46:51,669 [INFO] FinderPluginLoader:95 - Searching for filters in installed packs
2025-02-28 11:46:51,686 [INFO] FinderPluginLoader:108 - Found C:\Users\nickp\STM32Cube\Repository\Packs\STMicroelectronics\X-CUBE-AI\9.0.0\CubeMX\plugins\ip\ai.9.0.0.jar
2025-02-28 11:46:51,686 [INFO] FinderPluginLoader:118 - Loading ai.9.0.0
2025-02-28 11:46:51,834 [INFO] McuExtendedFiltersManager:95 - Add MCU extended filter: Artificial Intelligence
2025-02-28 11:46:53,180 [INFO] AInterface:112 - AInterface using toolDir: C:/Users/nickp/STM32Cube/Repository//Packs/STMicroelectronics/X-CUBE-AI/9.0.0/Utilities/windows
2025-02-28 11:46:53,984 [INFO] DetailPanel:341 - Set advertising image to C:/Users/nickp/STM32Cube/Repository/\en.prom-stm32n6-mcu-finder.png
2025-02-28 11:47:11,651 [INFO] MultiScanPanel:200 - Auto-refresh data requested => check proxy status ongoing
2025-02-28 11:47:11,651 [INFO] MultiScanPanel:204 - Proxy status is invalid
2025-02-28 11:47:11,852 [INFO] DetailPanel:341 - Set advertising image to C:/Users/nickp/STM32Cube/Repository/\en.prom-stm32n6-mcu-finder.png
2025-02-28 11:47:11,873 [INFO] DbBoards:642 - Loading board mini-images...
2025-02-28 11:47:13,135 [ERROR] DbBoards:659 - Image file not found for board NUCLEO-WB05KZ: C:\Users\nickp\.stmcufinder\plugins\mcufinder//mcu//boards_images/NUCLEO-WB05KZ.jpg
2025-02-28 11:47:14,797 [INFO] DbBoards:665 - Loaded 202 board mini-images
2025-02-28 11:49:34,719 [ERROR] CheckConnectionManager:249 - Problem, Http access forbiden
2025-02-28 11:49:34,722 [INFO] MainUpdater:2873 - connection check result : 22
2025-02-28 11:49:34,910 [ERROR] CheckConnectionManager:249 - Problem, Http access forbiden
2025-02-28 11:49:34,912 [INFO] MainUpdater:2873 - connection check result : 22
2025-02-28 11:49:37,381 [INFO] MicroXplorer:468 - Change Database Path : 
2025-02-28 11:49:37,381 [INFO] MicroXplorer:498 - Change Database Version : DB.6.0.111
2025-02-28 11:49:37,392 [WARN] ThirdParty:871 - waiting for thirdparty lock release [close project]
2025-02-28 11:49:37,392 [INFO] ThirdParty:873 - entering critical section [close project]
2025-02-28 11:49:37,393 [INFO] ThirdParty:883 - exiting critical section [close project]
2025-02-28 11:49:37,395 [INFO] PinOutPanel:1561 - setPackage(No Configuration,No Configuration)
2025-02-28 11:49:37,402 [INFO] UtilMem:75 - Begin LoadConfig() Used Memory: 441359656 Bytes (702545920)
2025-02-28 11:49:37,413 [INFO] OpenFileManager:312 - Change cursor
2025-02-28 11:49:37,503 [INFO] Mcu:2021 - Initializing MCU STM32U575ZITxQ STM32U575ZITxQ STM32U575ZIT6Q
2025-02-28 11:49:47,013 [INFO] Context:663 - Trying to add GPIOservice into a context  which must be forbidden
2025-02-28 11:49:47,013 [INFO] Context:663 - Trying to add GPIOservice into a context  which must be forbidden
2025-02-28 11:49:51,697 [WARN] ModelIntegratedComponent:63 - No mode defined for component null
2025-02-28 11:49:51,698 [WARN] ModelIntegratedComponent:63 - No mode defined for component null
2025-02-28 11:49:51,698 [WARN] ModelIntegratedComponent:63 - No mode defined for component null
2025-02-28 11:49:51,698 [WARN] ModelIntegratedComponent:63 - No mode defined for component null
2025-02-28 11:49:51,698 [WARN] ModelIntegratedComponent:63 - No mode defined for component null
2025-02-28 11:49:51,698 [WARN] ModelIntegratedComponent:63 - No mode defined for component null
2025-02-28 11:49:51,698 [WARN] ModelIntegratedComponent:63 - No mode defined for component null
2025-02-28 11:49:51,698 [WARN] ModelIntegratedComponent:63 - No mode defined for component null
2025-02-28 11:49:51,698 [WARN] ModelIntegratedComponent:63 - No mode defined for component null
2025-02-28 11:49:51,698 [WARN] ModelIntegratedComponent:63 - No mode defined for component null
2025-02-28 11:49:51,699 [WARN] ModelIntegratedComponent:63 - No mode defined for component null
2025-02-28 11:49:51,699 [WARN] ModelIntegratedComponent:63 - No mode defined for component null
2025-02-28 11:49:51,699 [WARN] ModelIntegratedComponent:63 - No mode defined for component null
2025-02-28 11:49:51,699 [WARN] ModelIntegratedComponent:63 - No mode defined for component null
2025-02-28 11:49:51,699 [WARN] ModelIntegratedComponent:63 - No mode defined for component null
2025-02-28 11:49:51,699 [WARN] ModelIntegratedComponent:63 - No mode defined for component null
2025-02-28 11:49:51,699 [WARN] ModelIntegratedComponent:63 - No mode defined for component null
2025-02-28 11:49:51,699 [WARN] ModelIntegratedComponent:63 - No mode defined for component null
2025-02-28 11:49:51,699 [WARN] ModelIntegratedComponent:63 - No mode defined for component null
2025-02-28 11:49:51,699 [WARN] ModelIntegratedComponent:63 - No mode defined for component null
2025-02-28 11:49:51,699 [WARN] ModelIntegratedComponent:63 - No mode defined for component null
2025-02-28 11:49:51,699 [WARN] ModelIntegratedComponent:63 - No mode defined for component null
2025-02-28 11:49:51,699 [WARN] ModelIntegratedComponent:63 - No mode defined for component null
2025-02-28 11:49:51,700 [WARN] ModelIntegratedComponent:63 - No mode defined for component null
2025-02-28 11:49:51,700 [WARN] ModelIntegratedComponent:63 - No mode defined for component null
2025-02-28 11:49:51,700 [WARN] ModelIntegratedComponent:63 - No mode defined for component null
2025-02-28 11:49:51,700 [WARN] ModelIntegratedComponent:63 - No mode defined for component null
2025-02-28 11:49:51,700 [WARN] ModelIntegratedComponent:63 - No mode defined for component null
2025-02-28 11:49:51,700 [WARN] ModelIntegratedComponent:63 - No mode defined for component null
2025-02-28 11:49:51,700 [WARN] ModelIntegratedComponent:63 - No mode defined for component null
2025-02-28 11:49:51,700 [WARN] ModelIntegratedComponent:63 - No mode defined for component null
2025-02-28 11:49:51,700 [WARN] ModelIntegratedComponent:63 - No mode defined for component null
2025-02-28 11:49:51,700 [WARN] ModelIntegratedComponent:63 - No mode defined for component null
2025-02-28 11:49:51,700 [WARN] ModelIntegratedComponent:63 - No mode defined for component null
2025-02-28 11:49:51,880 [INFO] RtosManager:555 - Registered RTOS mode: class=RTOS, group=ThreadX, mode=Core, owner=THREADX
2025-02-28 11:49:52,080 [INFO] ThirdPartyModel:298 - Start build external matchings
2025-02-28 11:49:53,353 [INFO] ThirdPartyModel:316 - End build external matchings
2025-02-28 11:49:53,397 [INFO] ImportTextPane:194 - (OptionalMessage_ERROR) IP (ADC1) : Parameter (NbrOfConversion) has invalid value (1)
2025-02-28 11:49:53,397 [INFO] ImportTextPane:194 - (OptionalMessage_ERROR) IP (ADC1) : Parameter (CommonPathInternal) has invalid value (null|null|null|null)
2025-02-28 11:49:53,403 [WARN] IP:2120 - SRAM5PowerDownInRunMode not found: check if there is a RefParameter without a condition.
2025-02-28 11:49:53,404 [WARN] IP:2120 - SRAM6PowerDownInRunMode not found: check if there is a RefParameter without a condition.
2025-02-28 11:49:53,404 [WARN] IP:2120 - RAM1Page4PowerDownInStopMode not found: check if there is a RefParameter without a condition.
2025-02-28 11:49:53,404 [WARN] IP:2120 - RAM1Page5PowerDownInStopMode not found: check if there is a RefParameter without a condition.
2025-02-28 11:49:53,405 [WARN] IP:2120 - RAM1Page6PowerDownInStopMode not found: check if there is a RefParameter without a condition.
2025-02-28 11:49:53,405 [WARN] IP:2120 - RAM1Page7PowerDownInStopMode not found: check if there is a RefParameter without a condition.
2025-02-28 11:49:53,405 [WARN] IP:2120 - RAM1Page8PowerDownInStopMode not found: check if there is a RefParameter without a condition.
2025-02-28 11:49:53,405 [WARN] IP:2120 - RAM1Page9PowerDownInStopMode not found: check if there is a RefParameter without a condition.
2025-02-28 11:49:53,405 [WARN] IP:2120 - RAM1Page10PowerDownInStopMode not found: check if there is a RefParameter without a condition.
2025-02-28 11:49:53,405 [WARN] IP:2120 - RAM1Page11PowerDownInStopMode not found: check if there is a RefParameter without a condition.
2025-02-28 11:49:53,406 [WARN] IP:2120 - RAM1Page12PowerDownInStopMode not found: check if there is a RefParameter without a condition.
2025-02-28 11:49:53,406 [WARN] IP:2120 - RAM3Page9PowerDownInStopMode not found: check if there is a RefParameter without a condition.
2025-02-28 11:49:53,406 [WARN] IP:2120 - RAM3Page10PowerDownInStopMode not found: check if there is a RefParameter without a condition.
2025-02-28 11:49:53,406 [WARN] IP:2120 - RAM3Page11PowerDownInStopMode not found: check if there is a RefParameter without a condition.
2025-02-28 11:49:53,406 [WARN] IP:2120 - RAM3Page12PowerDownInStopMode not found: check if there is a RefParameter without a condition.
2025-02-28 11:49:53,406 [WARN] IP:2120 - RAM3Page13PowerDownInStopMode not found: check if there is a RefParameter without a condition.
2025-02-28 11:49:53,406 [WARN] IP:2120 - RAM5Page1PowerDownInStopMode not found: check if there is a RefParameter without a condition.
2025-02-28 11:49:53,407 [WARN] IP:2120 - RAM5Page2PowerDownInStopMode not found: check if there is a RefParameter without a condition.
2025-02-28 11:49:53,407 [WARN] IP:2120 - RAM5Page3PowerDownInStopMode not found: check if there is a RefParameter without a condition.
2025-02-28 11:49:53,407 [WARN] IP:2120 - RAM5Page4PowerDownInStopMode not found: check if there is a RefParameter without a condition.
2025-02-28 11:49:53,407 [WARN] IP:2120 - RAM5Page5PowerDownInStopMode not found: check if there is a RefParameter without a condition.
2025-02-28 11:49:53,407 [WARN] IP:2120 - RAM5Page6PowerDownInStopMode not found: check if there is a RefParameter without a condition.
2025-02-28 11:49:53,407 [WARN] IP:2120 - RAM5Page7PowerDownInStopMode not found: check if there is a RefParameter without a condition.
2025-02-28 11:49:53,407 [WARN] IP:2120 - RAM5Page8PowerDownInStopMode not found: check if there is a RefParameter without a condition.
2025-02-28 11:49:53,407 [WARN] IP:2120 - RAM5Page9PowerDownInStopMode not found: check if there is a RefParameter without a condition.
2025-02-28 11:49:53,407 [WARN] IP:2120 - RAM5Page10PowerDownInStopMode not found: check if there is a RefParameter without a condition.
2025-02-28 11:49:53,407 [WARN] IP:2120 - RAM5Page11PowerDownInStopMode not found: check if there is a RefParameter without a condition.
2025-02-28 11:49:53,407 [WARN] IP:2120 - RAM5Page12PowerDownInStopMode not found: check if there is a RefParameter without a condition.
2025-02-28 11:49:53,407 [WARN] IP:2120 - RAM5Page13PowerDownInStopMode not found: check if there is a RefParameter without a condition.
2025-02-28 11:49:53,408 [WARN] IP:2120 - Dcache2PowerDownInStopMode not found: check if there is a RefParameter without a condition.
2025-02-28 11:49:53,408 [WARN] IP:2120 - GRAPHICPRAMPowerDownInStopMode not found: check if there is a RefParameter without a condition.
2025-02-28 11:49:53,408 [WARN] IP:2120 - DSIRAMPowerDownInStopMode not found: check if there is a RefParameter without a condition.
2025-02-28 11:49:53,413 [INFO] ImportTextPane:194 - (OptionalMessage_ERROR) IP (RCC) : Invalid parameter (FamilyName)
2025-02-28 11:49:53,415 [INFO] ImportTextPane:194 - (OptionalMessage_ERROR) IP (RCC) : Parameter (SAI1Freq_Value) has invalid value (258000000)
2025-02-28 11:49:53,415 [INFO] ImportTextPane:194 - (OptionalMessage_ERROR) IP (RCC) : Parameter (SAI2Freq_Value) has invalid value (258000000)
2025-02-28 11:49:54,334 [INFO] UtilMem:75 - End LoadConfig() Used Memory: 781443400 Bytes (1073741824)
2025-02-28 11:49:54,635 [WARN] ThirdParty:833 - waiting for thirdparty lock release [change project]
2025-02-28 11:49:54,636 [INFO] ThirdParty:835 - entering critical section [change project]
2025-02-28 11:49:54,636 [INFO] ThirdParty:1030 - CMSIS Pack Vendor :STMicroelectronics USBPD 4.1
2025-02-28 11:49:54,636 [INFO] ThirdParty:1030 - CMSIS Pack Vendor :STMicroelectronics X-CUBE-AZRTOS-H7 3.3.0
2025-02-28 11:49:54,636 [INFO] ThirdParty:1030 - CMSIS Pack Vendor :STMicroelectronics X-CUBE-NFC9 1.0.0
2025-02-28 11:49:54,637 [INFO] ThirdParty:1030 - CMSIS Pack Vendor :STMicroelectronics X-CUBE-GNSS1 6.0.0
2025-02-28 11:49:54,637 [INFO] ThirdParty:1030 - CMSIS Pack Vendor :STMicroelectronics USB_HOST 2.0.0
2025-02-28 11:49:54,637 [INFO] ThirdParty:1030 - CMSIS Pack Vendor :STMicroelectronics FP-SNS-MOTENVWB1 1.4.0
2025-02-28 11:49:54,637 [INFO] ThirdParty:1030 - CMSIS Pack Vendor :STMicroelectronics X-CUBE-AZRTOS-F4 1.1.0
2025-02-28 11:49:54,637 [INFO] ThirdParty:1030 - CMSIS Pack Vendor :STMicroelectronics LIBJPEG 8.0.0
2025-02-28 11:49:54,637 [INFO] ThirdParty:1030 - CMSIS Pack Vendor :STMicroelectronics FP-ATR-ASTRA1 2.0.1
2025-02-28 11:49:54,637 [INFO] ThirdParty:1030 - CMSIS Pack Vendor :STMicroelectronics X-CUBE-SMBUS 2.1.0
2025-02-28 11:49:54,638 [INFO] ThirdParty:1030 - CMSIS Pack Vendor :STMicroelectronics X-CUBE-WB05N 1.1.0
2025-02-28 11:49:54,638 [INFO] ThirdParty:1030 - CMSIS Pack Vendor :STMicroelectronics USB_DEVICE 3.0.0
2025-02-28 11:49:54,638 [INFO] ThirdParty:1030 - CMSIS Pack Vendor :STMicroelectronics X-CUBE-TCPP 4.1.0
2025-02-28 11:49:54,638 [INFO] ThirdParty:1030 - CMSIS Pack Vendor :STMicroelectronics X-CUBE-ISPU 2.1.0
2025-02-28 11:49:54,638 [INFO] ThirdParty:1030 - CMSIS Pack Vendor :STMicroelectronics X-CUBE-FREERTOS 1.2.0
2025-02-28 11:49:54,638 [INFO] ThirdParty:1030 - CMSIS Pack Vendor :STMicroelectronics X-CUBE-AZRTOS-WB 2.0.0
2025-02-28 11:49:54,638 [INFO] ThirdParty:1030 - CMSIS Pack Vendor :STMicroelectronics X-CUBE-GNSS1 7.0.1
2025-02-28 11:49:54,638 [INFO] ThirdParty:1030 - CMSIS Pack Vendor :STMicroelectronics X-CUBE-TOUCHGFX 4.23.2
2025-02-28 11:49:54,638 [INFO] ThirdParty:1030 - CMSIS Pack Vendor :STMicroelectronics X-CUBE-AZRTOS-F7 1.1.0
2025-02-28 11:49:54,638 [INFO] ThirdParty:1030 - CMSIS Pack Vendor :STMicroelectronics X-CUBE-AZRTOS-L5 2.0.0
2025-02-28 11:49:54,638 [INFO] ThirdParty:1030 - CMSIS Pack Vendor :STMicroelectronics USB_DEVICE 2.0.0
2025-02-28 11:49:54,638 [INFO] ThirdParty:1030 - CMSIS Pack Vendor :STMicroelectronics X-CUBE-NFC6 3.1.0
2025-02-28 11:49:54,638 [INFO] ThirdParty:1030 - CMSIS Pack Vendor :STMicroelectronics FP-SNS-STBOX1 2.0.0
2025-02-28 11:49:54,638 [INFO] ThirdParty:1030 - CMSIS Pack Vendor :STMicroelectronics FreeRTOS 0.0.1
2025-02-28 11:49:54,639 [INFO] ThirdParty:1030 - CMSIS Pack Vendor :STMicroelectronics X-CUBE-AZRTOS-G0 1.1.0
2025-02-28 11:49:54,639 [INFO] ThirdParty:1030 - CMSIS Pack Vendor :STMicroelectronics X-CUBE-SAFEA1 1.2.2
2025-02-28 11:49:54,639 [INFO] ThirdParty:1030 - CMSIS Pack Vendor :STMicroelectronics X-CUBE-NFC4 3.0.0
2025-02-28 11:49:54,639 [INFO] ThirdParty:1030 - CMSIS Pack Vendor :STMicroelectronics X-CUBE-DPower 1.2.0
2025-02-28 11:49:54,639 [INFO] ThirdParty:1030 - CMSIS Pack Vendor :STMicroelectronics X-CUBE-SUBG2 5.0.0
2025-02-28 11:49:54,639 [INFO] ThirdParty:1030 - CMSIS Pack Vendor :STMicroelectronics STM32_WPAN 1.0.0
2025-02-28 11:49:54,639 [INFO] ThirdParty:1030 - CMSIS Pack Vendor :EmbeddedOffice I-CUBE-FS-RTOS 1.0.1
2025-02-28 11:49:54,639 [INFO] ThirdParty:1030 - CMSIS Pack Vendor :STMicroelectronics lwIP 2.0.3
2025-02-28 11:49:54,639 [INFO] ThirdParty:1030 - CMSIS Pack Vendor :STMicroelectronics FP-SNS-FLIGHT1 5.0.2
2025-02-28 11:49:54,639 [INFO] ThirdParty:1030 - CMSIS Pack Vendor :Cesanta I-CUBE-Mongoose 7.13.0
2025-02-28 11:49:54,639 [INFO] ThirdParty:1030 - CMSIS Pack Vendor :STMicroelectronics USB_HOST 1.0.0
2025-02-28 11:49:54,640 [INFO] ThirdParty:1030 - CMSIS Pack Vendor :STMicroelectronics X-CUBE-AI 9.0.0
2025-02-28 11:49:54,640 [INFO] ThirdParty:1030 - CMSIS Pack Vendor :STMicroelectronics X-CUBE-AZRTOS-G4 2.0.0
2025-02-28 11:49:54,640 [INFO] ThirdParty:1030 - CMSIS Pack Vendor :STMicroelectronics PDM2PCM 3.1.0
2025-02-28 11:49:54,640 [INFO] ThirdParty:1030 - CMSIS Pack Vendor :STMicroelectronics PDM2PCM 3.3.0
2025-02-28 11:49:54,640 [INFO] ThirdParty:1030 - CMSIS Pack Vendor :STMicroelectronics X-CUBE-DISPLAY 3.0.0
2025-02-28 11:49:54,640 [INFO] ThirdParty:1030 - CMSIS Pack Vendor :RealThread X-CUBE-RT-Thread_Nano 4.1.1
2025-02-28 11:49:54,640 [INFO] ThirdParty:1030 - CMSIS Pack Vendor :wolfSSL I-CUBE-wolfSSL 5.7.0
2025-02-28 11:49:54,640 [INFO] ThirdParty:1030 - CMSIS Pack Vendor :STMicroelectronics X-CUBE-BLE1 7.0.0
2025-02-28 11:49:54,640 [INFO] ThirdParty:1030 - CMSIS Pack Vendor :STMicroelectronics FP-ATR-SIGFOX1 3.2.0
2025-02-28 11:49:54,640 [INFO] ThirdParty:1030 - CMSIS Pack Vendor :STMicroelectronics X-CUBE-NFC10 1.0.0
2025-02-28 11:49:54,640 [INFO] ThirdParty:1030 - CMSIS Pack Vendor :quantropi X-CUBE-qispace-sdk-base 1.9.3
2025-02-28 11:49:54,641 [INFO] ThirdParty:1030 - CMSIS Pack Vendor :STMicroelectronics X-CUBE-ISPU 2.0.0
2025-02-28 11:49:54,641 [INFO] ThirdParty:1030 - CMSIS Pack Vendor :STMicroelectronics X-CUBE-BLEMGR 4.0.0
2025-02-28 11:49:54,641 [INFO] ThirdParty:1030 - CMSIS Pack Vendor :STMicroelectronics X-CUBE-EEPRMA1 5.1.0
2025-02-28 11:49:54,641 [INFO] ThirdParty:1030 - CMSIS Pack Vendor :STMicroelectronics HAL Drivers 0.0.0
2025-02-28 11:49:54,641 [INFO] ThirdParty:1030 - CMSIS Pack Vendor :STMicroelectronics MBEDTLS 2.16.2
2025-02-28 11:49:54,641 [INFO] ThirdParty:1030 - CMSIS Pack Vendor :STMicroelectronics X-CUBE-ALS 1.0.2
2025-02-28 11:49:54,641 [INFO] ThirdParty:1030 - CMSIS Pack Vendor :emotas I-CUBE-CANOPEN 1.3.0
2025-02-28 11:49:54,641 [INFO] ThirdParty:1030 - CMSIS Pack Vendor :STMicroelectronics X-CUBE-FREERTOS 1.3.0
2025-02-28 11:49:54,641 [INFO] ThirdParty:1030 - CMSIS Pack Vendor :STMicroelectronics X-CUBE-MEMS1 10.0.0
2025-02-28 11:49:54,641 [INFO] ThirdParty:1030 - CMSIS Pack Vendor :STMicroelectronics X-CUBE-NFC7 1.0.1
2025-02-28 11:49:54,641 [INFO] ThirdParty:1030 - CMSIS Pack Vendor :STMicroelectronics MBEDTLS 2.14.1
2025-02-28 11:49:54,641 [INFO] ThirdParty:1030 - CMSIS Pack Vendor :STMicroelectronics X-CUBE-TOUCHGFX 4.24.0
2025-02-28 11:49:54,641 [INFO] ThirdParty:1030 - CMSIS Pack Vendor :ITTIA_DB I-CUBE-ITTIADB 8.9.0
2025-02-28 11:49:54,641 [INFO] ThirdParty:1030 - CMSIS Pack Vendor :STMicroelectronics X-CUBE-TOUCHGFX 4.24.2
2025-02-28 11:49:54,642 [INFO] ThirdParty:1030 - CMSIS Pack Vendor :wolfSSL I-CUBE-wolfTPM 3.4.0
2025-02-28 11:49:54,642 [INFO] ThirdParty:1030 - CMSIS Pack Vendor :portGmbH I-Cube-SoM-uGOAL 1.1.0
2025-02-28 11:49:54,642 [INFO] ThirdParty:1030 - CMSIS Pack Vendor :STMicroelectronics X-CUBE-BLEMGR 3.1.0
2025-02-28 11:49:54,642 [INFO] ThirdParty:1030 - CMSIS Pack Vendor :STMicroelectronics X-CUBE-AI 10.0.0
2025-02-28 11:49:54,642 [INFO] ThirdParty:1030 - CMSIS Pack Vendor :STMicroelectronics ThreadX 1.0.0
2025-02-28 11:49:54,642 [INFO] ThirdParty:1030 - CMSIS Pack Vendor :STMicroelectronics FP-SNS-SMARTAG2 1.2.0
2025-02-28 11:49:54,642 [INFO] ThirdParty:1030 - CMSIS Pack Vendor :STMicroelectronics X-CUBE-MEMS1 11.1.0
2025-02-28 11:49:54,642 [INFO] ThirdParty:1030 - CMSIS Pack Vendor :STMicroelectronics X-CUBE-AZRTOS-WL 2.0.0
2025-02-28 11:49:54,642 [INFO] ThirdParty:1030 - CMSIS Pack Vendor :SEGGER I-CUBE-embOS 1.3.1
2025-02-28 11:49:54,642 [INFO] ThirdParty:1030 - CMSIS Pack Vendor :STMicroelectronics X-CUBE-ALGOBUILD 1.4.0
2025-02-28 11:49:54,642 [INFO] ThirdParty:1030 - CMSIS Pack Vendor :STMicroelectronics FP-SNS-MOTENV1 5.0.0
2025-02-28 11:49:54,642 [INFO] ThirdParty:1030 - CMSIS Pack Vendor :STMicroelectronics USB_DEVICE 1.0.0
2025-02-28 11:49:54,643 [INFO] ThirdParty:1030 - CMSIS Pack Vendor :STMicroelectronics X-CUBE-AZRTOS-H7RS 1.0.0
2025-02-28 11:49:54,643 [INFO] ThirdParty:1030 - CMSIS Pack Vendor :wolfSSL I-CUBE-wolfMQTT 1.19.0
2025-02-28 11:49:54,643 [INFO] ThirdParty:1030 - CMSIS Pack Vendor :STMicroelectronics X-CUBE-AZRTOS-L4 2.0.0
2025-02-28 11:49:54,643 [INFO] ThirdParty:1030 - CMSIS Pack Vendor :STMicroelectronics ThreadX 0.0.2
2025-02-28 11:49:54,643 [INFO] ThirdParty:1030 - CMSIS Pack Vendor :WES I-CUBE-Cesium 1.3.0
2025-02-28 11:49:54,643 [INFO] ThirdParty:1030 - CMSIS Pack Vendor :STMicroelectronics FP-ATR-ASTRA1 2.0.0
2025-02-28 11:49:54,643 [INFO] ThirdParty:1030 - CMSIS Pack Vendor :STMicroelectronics lwIP 2.1.2
2025-02-28 11:49:54,643 [INFO] ThirdParty:1030 - CMSIS Pack Vendor :STMicroelectronics X-CUBE-SFXS2LP1 4.0.0
2025-02-28 11:49:54,643 [INFO] ThirdParty:1030 - CMSIS Pack Vendor :STMicroelectronics X-CUBE-BLE2 3.3.0
2025-02-28 11:49:54,643 [INFO] ThirdParty:1030 - CMSIS Pack Vendor :STMicroelectronics X-CUBE-TOF1 3.4.2
2025-02-28 11:49:54,643 [INFO] ThirdParty:1030 - CMSIS Pack Vendor :STMicroelectronics X-CUBE-TOF1 3.4.1
2025-02-28 11:49:54,643 [INFO] ThirdParty:1030 - CMSIS Pack Vendor :STMicroelectronics X-CUBE-AZRTOS-H7 3.2.0
2025-02-28 11:49:54,643 [INFO] ThirdParty:1030 - CMSIS Pack Vendor :Infineon AIROC-Wi-Fi-Bluetooth-STM32 1.6.0
2025-02-28 11:49:54,643 [INFO] ThirdParty:1030 - CMSIS Pack Vendor :STMicroelectronics PDM2PCM 3.2.0
2025-02-28 11:49:54,643 [INFO] ThirdParty:1030 - CMSIS Pack Vendor :wolfSSL I-CUBE-wolfSSH 1.4.17
2025-02-28 11:49:54,644 [INFO] ThirdParty:841 - exiting critical section [change project]
2025-02-28 11:49:55,829 [INFO] PinOutPanel:1561 - setPackage(No Configuration,No Configuration)
2025-02-28 11:49:55,831 [INFO] PinOutPanel:1561 - setPackage(STM32U575ZITxQ,LQFP144)
2025-02-28 11:49:56,227 [WARN] IP:2120 - rccPrivilegeSecure not found: check if there is a RefParameter without a condition.
2025-02-28 11:49:56,227 [WARN] IP:2120 - rccSecurity not found: check if there is a RefParameter without a condition.
2025-02-28 11:49:56,984 [WARN] IP:2120 - rccPrivilegeSecure not found: check if there is a RefParameter without a condition.
2025-02-28 11:49:56,985 [WARN] IP:2120 - rccSecurity not found: check if there is a RefParameter without a condition.
2025-02-28 11:49:57,744 [WARN] IP:2120 - rccPrivilegeSecure not found: check if there is a RefParameter without a condition.
2025-02-28 11:49:57,745 [WARN] IP:2120 - rccSecurity not found: check if there is a RefParameter without a condition.
2025-02-28 11:49:57,769 [INFO] UtilMem:75 - Before build in PCC Used Memory: 723064200 Bytes (1073741824)
2025-02-28 11:49:59,306 [INFO] UtilMem:75 - After build in PCC Used Memory: 918099272 Bytes (1073741824)
2025-02-28 11:49:59,469 [INFO] IPUIPlugin:80 - create IPUIPlugin
2025-02-28 11:49:59,469 [INFO] IPUIPlugin:80 - create IPUIPlugin
2025-02-28 11:49:59,469 [INFO] IPUIPlugin:80 - create IPUIPlugin
2025-02-28 11:49:59,469 [INFO] IPUIPlugin:80 - create IPUIPlugin
2025-02-28 11:49:59,469 [INFO] IPUIPlugin:80 - create IPUIPlugin
2025-02-28 11:49:59,470 [INFO] IPUIPlugin:80 - create IPUIPlugin
2025-02-28 11:49:59,484 [INFO] IPUIPlugin:80 - create IPUIPlugin
2025-02-28 11:49:59,485 [INFO] IPUIPlugin:80 - create IPUIPlugin
2025-02-28 11:49:59,485 [INFO] IPUIPlugin:80 - create IPUIPlugin
2025-02-28 11:49:59,486 [INFO] IPUIPlugin:80 - create IPUIPlugin
2025-02-28 11:49:59,486 [INFO] IPUIPlugin:80 - create IPUIPlugin
2025-02-28 11:49:59,486 [INFO] IPUIPlugin:80 - create IPUIPlugin
2025-02-28 11:49:59,487 [INFO] IPUIPlugin:80 - create IPUIPlugin
2025-02-28 11:49:59,487 [INFO] IPUIPlugin:80 - create IPUIPlugin
2025-02-28 11:49:59,488 [INFO] IPUIPlugin:80 - create IPUIPlugin
2025-02-28 11:49:59,488 [INFO] IPUIPlugin:80 - create IPUIPlugin
2025-02-28 11:49:59,488 [INFO] IPUIPlugin:80 - create IPUIPlugin
2025-02-28 11:49:59,489 [INFO] IPUIPlugin:80 - create IPUIPlugin
2025-02-28 11:49:59,489 [INFO] IPUIPlugin:80 - create IPUIPlugin
2025-02-28 11:49:59,489 [INFO] IPUIPlugin:80 - create IPUIPlugin
2025-02-28 11:49:59,490 [INFO] IPUIPlugin:80 - create IPUIPlugin
2025-02-28 11:49:59,490 [INFO] IPUIPlugin:80 - create IPUIPlugin
2025-02-28 11:49:59,490 [INFO] IPUIPlugin:80 - create IPUIPlugin
2025-02-28 11:49:59,491 [INFO] IPUIPlugin:80 - create IPUIPlugin
2025-02-28 11:49:59,491 [INFO] IPUIPlugin:80 - create IPUIPlugin
2025-02-28 11:49:59,491 [INFO] IPUIPlugin:80 - create IPUIPlugin
2025-02-28 11:49:59,491 [INFO] IPUIPlugin:80 - create IPUIPlugin
2025-02-28 11:49:59,492 [INFO] IPUIPlugin:80 - create IPUIPlugin
2025-02-28 11:49:59,493 [INFO] IPUIPlugin:80 - create IPUIPlugin
2025-02-28 11:49:59,493 [INFO] IPUIPlugin:80 - create IPUIPlugin
2025-02-28 11:49:59,493 [INFO] IPUIPlugin:80 - create IPUIPlugin
2025-02-28 11:49:59,494 [INFO] IPUIPlugin:80 - create IPUIPlugin
2025-02-28 11:49:59,494 [INFO] IPUIPlugin:80 - create IPUIPlugin
2025-02-28 11:49:59,494 [INFO] IPUIPlugin:80 - create IPUIPlugin
2025-02-28 11:49:59,495 [INFO] IPUIPlugin:80 - create IPUIPlugin
2025-02-28 11:49:59,495 [INFO] IPUIPlugin:80 - create IPUIPlugin
2025-02-28 11:49:59,496 [INFO] IPUIPlugin:80 - create IPUIPlugin
2025-02-28 11:49:59,496 [INFO] IPUIPlugin:80 - create IPUIPlugin
2025-02-28 11:49:59,496 [INFO] IPUIPlugin:80 - create IPUIPlugin
2025-02-28 11:49:59,496 [INFO] IPUIPlugin:80 - create IPUIPlugin
2025-02-28 11:49:59,497 [INFO] IPUIPlugin:80 - create IPUIPlugin
2025-02-28 11:49:59,497 [INFO] IPUIPlugin:80 - create IPUIPlugin
2025-02-28 11:49:59,498 [INFO] IPUIPlugin:80 - create IPUIPlugin
2025-02-28 11:49:59,498 [INFO] IPUIPlugin:80 - create IPUIPlugin
2025-02-28 11:49:59,499 [INFO] IPUIPlugin:80 - create IPUIPlugin
2025-02-28 11:49:59,499 [INFO] IPUIPlugin:80 - create IPUIPlugin
2025-02-28 11:49:59,500 [INFO] IPUIPlugin:80 - create IPUIPlugin
2025-02-28 11:49:59,500 [INFO] IPUIPlugin:80 - create IPUIPlugin
2025-02-28 11:49:59,500 [INFO] IPUIPlugin:80 - create IPUIPlugin
2025-02-28 11:49:59,501 [INFO] IPUIPlugin:80 - create IPUIPlugin
2025-02-28 11:49:59,501 [INFO] IPUIPlugin:80 - create IPUIPlugin
2025-02-28 11:49:59,502 [INFO] IPUIPlugin:80 - create IPUIPlugin
2025-02-28 11:49:59,502 [INFO] IPUIPlugin:80 - create IPUIPlugin
2025-02-28 11:49:59,503 [INFO] IPUIPlugin:80 - create IPUIPlugin
2025-02-28 11:49:59,503 [INFO] IPUIPlugin:80 - create IPUIPlugin
2025-02-28 11:49:59,504 [INFO] IPUIPlugin:80 - create IPUIPlugin
2025-02-28 11:49:59,504 [INFO] IPUIPlugin:80 - create IPUIPlugin
2025-02-28 11:49:59,504 [INFO] IPUIPlugin:80 - create IPUIPlugin
2025-02-28 11:49:59,505 [INFO] IPUIPlugin:80 - create IPUIPlugin
2025-02-28 11:49:59,506 [INFO] IPUIPlugin:80 - create IPUIPlugin
2025-02-28 11:49:59,506 [INFO] IPUIPlugin:80 - create IPUIPlugin
2025-02-28 11:49:59,506 [INFO] IPUIPlugin:80 - create IPUIPlugin
2025-02-28 11:49:59,507 [INFO] IPUIPlugin:80 - create IPUIPlugin
2025-02-28 11:49:59,507 [INFO] IPUIPlugin:80 - create IPUIPlugin
2025-02-28 11:49:59,508 [INFO] IPUIPlugin:80 - create IPUIPlugin
2025-02-28 11:49:59,509 [INFO] IPUIPlugin:80 - create IPUIPlugin
2025-02-28 11:49:59,510 [INFO] IPUIPlugin:80 - create IPUIPlugin
2025-02-28 11:49:59,511 [INFO] IPUIPlugin:80 - create IPUIPlugin
2025-02-28 11:49:59,512 [INFO] IPUIPlugin:80 - create IPUIPlugin
2025-02-28 11:49:59,513 [INFO] IPUIPlugin:80 - create IPUIPlugin
2025-02-28 11:49:59,513 [INFO] IPUIPlugin:80 - create IPUIPlugin
2025-02-28 11:49:59,514 [INFO] IPUIPlugin:80 - create IPUIPlugin
2025-02-28 11:49:59,514 [INFO] IPUIPlugin:80 - create IPUIPlugin
2025-02-28 11:49:59,515 [INFO] IPUIPlugin:80 - create IPUIPlugin
2025-02-28 11:49:59,516 [INFO] IPUIPlugin:80 - create IPUIPlugin
2025-02-28 11:49:59,516 [INFO] IPUIPlugin:80 - create IPUIPlugin
2025-02-28 11:49:59,517 [INFO] IPUIPlugin:80 - create IPUIPlugin
2025-02-28 11:49:59,517 [INFO] IPUIPlugin:80 - create IPUIPlugin
2025-02-28 11:49:59,518 [INFO] IPUIPlugin:80 - create IPUIPlugin
2025-02-28 11:49:59,518 [INFO] IPUIPlugin:80 - create IPUIPlugin
2025-02-28 11:49:59,519 [INFO] IPUIPlugin:80 - create IPUIPlugin
2025-02-28 11:49:59,519 [INFO] IPUIPlugin:80 - create IPUIPlugin
2025-02-28 11:49:59,520 [INFO] IPUIPlugin:80 - create IPUIPlugin
2025-02-28 11:49:59,520 [INFO] IPUIPlugin:80 - create IPUIPlugin
2025-02-28 11:49:59,521 [INFO] IPUIPlugin:80 - create IPUIPlugin
2025-02-28 11:49:59,521 [INFO] IPUIPlugin:80 - create IPUIPlugin
2025-02-28 11:49:59,522 [INFO] IPUIPlugin:80 - create IPUIPlugin
2025-02-28 11:49:59,522 [INFO] IPUIPlugin:80 - create IPUIPlugin
2025-02-28 11:49:59,523 [INFO] IPUIPlugin:80 - create IPUIPlugin
2025-02-28 11:49:59,524 [INFO] IPUIPlugin:80 - create IPUIPlugin
2025-02-28 11:49:59,524 [INFO] IPUIPlugin:80 - create IPUIPlugin
2025-02-28 11:49:59,525 [INFO] IPUIPlugin:80 - create IPUIPlugin
2025-02-28 11:49:59,525 [INFO] IPUIPlugin:80 - create IPUIPlugin
2025-02-28 11:49:59,526 [INFO] IPUIPlugin:80 - create IPUIPlugin
2025-02-28 11:49:59,527 [INFO] IPUIPlugin:80 - create IPUIPlugin
2025-02-28 11:49:59,527 [INFO] IPUIPlugin:80 - create IPUIPlugin
2025-02-28 11:49:59,528 [INFO] IPUIPlugin:80 - create IPUIPlugin
2025-02-28 11:49:59,529 [INFO] IPUIPlugin:80 - create IPUIPlugin
2025-02-28 11:49:59,530 [INFO] IPUIPlugin:80 - create IPUIPlugin
2025-02-28 11:49:59,531 [INFO] IPUIPlugin:80 - create IPUIPlugin
2025-02-28 11:49:59,531 [INFO] IPUIPlugin:80 - create IPUIPlugin
2025-02-28 11:49:59,532 [INFO] IPUIPlugin:80 - create IPUIPlugin
2025-02-28 11:49:59,533 [INFO] IPUIPlugin:80 - create IPUIPlugin
2025-02-28 11:49:59,557 [INFO] IPUIPlugin:80 - create IPUIPlugin
2025-02-28 11:50:00,020 [INFO] CADModel:165 - CPN selected for project levelSTM32U575ZIT6Q
2025-02-28 11:50:00,020 [INFO] CADModel:114 - Register for checkConnection events
2025-02-28 11:50:00,091 [INFO] OpenFileManager:343 - Restore cursor
2025-02-28 11:50:00,397 [WARN] IP:2120 - SRAM5PowerDownInRunMode not found: check if there is a RefParameter without a condition.
2025-02-28 11:50:00,397 [WARN] IP:2120 - SRAM6PowerDownInRunMode not found: check if there is a RefParameter without a condition.
2025-02-28 11:50:00,397 [WARN] IP:2120 - RAM1Page4PowerDownInStopMode not found: check if there is a RefParameter without a condition.
2025-02-28 11:50:00,397 [WARN] IP:2120 - RAM1Page5PowerDownInStopMode not found: check if there is a RefParameter without a condition.
2025-02-28 11:50:00,397 [WARN] IP:2120 - RAM1Page6PowerDownInStopMode not found: check if there is a RefParameter without a condition.
2025-02-28 11:50:00,397 [WARN] IP:2120 - RAM1Page7PowerDownInStopMode not found: check if there is a RefParameter without a condition.
2025-02-28 11:50:00,398 [WARN] IP:2120 - RAM1Page8PowerDownInStopMode not found: check if there is a RefParameter without a condition.
2025-02-28 11:50:00,398 [WARN] IP:2120 - RAM1Page9PowerDownInStopMode not found: check if there is a RefParameter without a condition.
2025-02-28 11:50:00,398 [WARN] IP:2120 - RAM1Page10PowerDownInStopMode not found: check if there is a RefParameter without a condition.
2025-02-28 11:50:00,398 [WARN] IP:2120 - RAM1Page11PowerDownInStopMode not found: check if there is a RefParameter without a condition.
2025-02-28 11:50:00,398 [WARN] IP:2120 - RAM1Page12PowerDownInStopMode not found: check if there is a RefParameter without a condition.
2025-02-28 11:50:00,399 [WARN] IP:2120 - RAM3Page9PowerDownInStopMode not found: check if there is a RefParameter without a condition.
2025-02-28 11:50:00,399 [WARN] IP:2120 - RAM3Page10PowerDownInStopMode not found: check if there is a RefParameter without a condition.
2025-02-28 11:50:00,399 [WARN] IP:2120 - RAM3Page11PowerDownInStopMode not found: check if there is a RefParameter without a condition.
2025-02-28 11:50:00,399 [WARN] IP:2120 - RAM3Page12PowerDownInStopMode not found: check if there is a RefParameter without a condition.
2025-02-28 11:50:00,399 [WARN] IP:2120 - RAM3Page13PowerDownInStopMode not found: check if there is a RefParameter without a condition.
2025-02-28 11:50:00,399 [WARN] IP:2120 - RAM5Page1PowerDownInStopMode not found: check if there is a RefParameter without a condition.
2025-02-28 11:50:00,399 [WARN] IP:2120 - RAM5Page2PowerDownInStopMode not found: check if there is a RefParameter without a condition.
2025-02-28 11:50:00,399 [WARN] IP:2120 - RAM5Page3PowerDownInStopMode not found: check if there is a RefParameter without a condition.
2025-02-28 11:50:00,400 [WARN] IP:2120 - RAM5Page4PowerDownInStopMode not found: check if there is a RefParameter without a condition.
2025-02-28 11:50:00,400 [WARN] IP:2120 - RAM5Page5PowerDownInStopMode not found: check if there is a RefParameter without a condition.
2025-02-28 11:50:00,400 [WARN] IP:2120 - RAM5Page6PowerDownInStopMode not found: check if there is a RefParameter without a condition.
2025-02-28 11:50:00,400 [WARN] IP:2120 - RAM5Page7PowerDownInStopMode not found: check if there is a RefParameter without a condition.
2025-02-28 11:50:00,400 [WARN] IP:2120 - RAM5Page8PowerDownInStopMode not found: check if there is a RefParameter without a condition.
2025-02-28 11:50:00,400 [WARN] IP:2120 - RAM5Page9PowerDownInStopMode not found: check if there is a RefParameter without a condition.
2025-02-28 11:50:00,400 [WARN] IP:2120 - RAM5Page10PowerDownInStopMode not found: check if there is a RefParameter without a condition.
2025-02-28 11:50:00,400 [WARN] IP:2120 - RAM5Page11PowerDownInStopMode not found: check if there is a RefParameter without a condition.
2025-02-28 11:50:00,400 [WARN] IP:2120 - RAM5Page12PowerDownInStopMode not found: check if there is a RefParameter without a condition.
2025-02-28 11:50:00,400 [WARN] IP:2120 - RAM5Page13PowerDownInStopMode not found: check if there is a RefParameter without a condition.
2025-02-28 11:50:00,400 [WARN] IP:2120 - Dcache2PowerDownInStopMode not found: check if there is a RefParameter without a condition.
2025-02-28 11:50:00,401 [WARN] IP:2120 - GRAPHICPRAMPowerDownInStopMode not found: check if there is a RefParameter without a condition.
2025-02-28 11:50:00,401 [WARN] IP:2120 - DSIRAMPowerDownInStopMode not found: check if there is a RefParameter without a condition.
2025-02-28 11:50:00,477 [WARN] IP:2120 - rccPrivilegeSecure not found: check if there is a RefParameter without a condition.
2025-02-28 11:50:00,477 [WARN] IP:2120 - rccSecurity not found: check if there is a RefParameter without a condition.
2025-02-28 11:50:00,567 [WARN] IP:2120 - rccPrivilegeSecure not found: check if there is a RefParameter without a condition.
2025-02-28 11:50:00,567 [WARN] IP:2120 - rccSecurity not found: check if there is a RefParameter without a condition.
2025-02-28 11:50:02,580 [INFO] UtilMem:75 - End SaveConfig() Used Memory: 859934608 Bytes (1073741824)
2025-02-28 11:50:02,838 [WARN] Context:736 - Trying to set MEMORYMAP twice on same context CortexM33
2025-02-28 11:50:02,867 [INFO] UtilMem:75 - End SaveConfig() Used Memory: 906051808 Bytes (1073741824)
2025-02-28 11:50:03,878 [INFO] BlockDiagram:2759 - set Specific Code input for plugin: PWR
2025-02-28 11:50:03,878 [INFO] BlockDiagram:2759 - set Specific Code input for plugin: RCC
2025-02-28 11:50:03,878 [INFO] BlockDiagram:2759 - set Specific Code input for plugin: USART
2025-02-28 11:50:03,878 [INFO] BlockDiagram:2759 - set Specific Code input for plugin: MEMORYMAP
2025-02-28 11:50:03,879 [INFO] BlockDiagram:2759 - set Specific Code input for plugin: UCPD
2025-02-28 11:50:03,879 [INFO] BlockDiagram:2759 - set Specific Code input for plugin: SYS
2025-02-28 11:50:03,879 [INFO] BlockDiagram:2759 - set Specific Code input for plugin: ADC
2025-02-28 11:50:03,879 [INFO] BlockDiagram:2759 - set Specific Code input for plugin: LPBAM
2025-02-28 11:50:03,879 [INFO] BlockDiagram:2759 - set Specific Code input for plugin: USB_OTG_FS
2025-02-28 11:50:03,879 [INFO] BlockDiagram:2759 - set Specific Code input for plugin: NVIC
2025-02-28 11:50:03,879 [INFO] BlockDiagram:2759 - set Specific Code input for plugin: ICACHE
2025-02-28 11:50:03,879 [INFO] BlockDiagram:2759 - set Specific Code input for plugin: DEBUG
2025-02-28 11:50:03,881 [INFO] BlockDiagram:2759 - set Specific Code input for plugin: GPIO
2025-02-28 11:50:03,881 [INFO] BlockDiagram:2759 - set Specific Code input for plugin: LPBAMQUEUE
2025-02-28 11:50:03,890 [INFO] CodeGenerator:807 - code generatio: config db path: C:\ST\STM32CubeIDE_1.15.1\STM32CubeIDE\plugins\com.st.stm32cube.common.mx_6.11.1.202404110753\\db\
2025-02-28 11:50:03,948 [WARN] IP:2120 - SRAM5PowerDownInRunMode not found: check if there is a RefParameter without a condition.
2025-02-28 11:50:03,948 [WARN] IP:2120 - SRAM6PowerDownInRunMode not found: check if there is a RefParameter without a condition.
2025-02-28 11:50:03,949 [WARN] IP:2120 - RAM1Page4PowerDownInStopMode not found: check if there is a RefParameter without a condition.
2025-02-28 11:50:03,949 [WARN] IP:2120 - RAM1Page5PowerDownInStopMode not found: check if there is a RefParameter without a condition.
2025-02-28 11:50:03,949 [WARN] IP:2120 - RAM1Page6PowerDownInStopMode not found: check if there is a RefParameter without a condition.
2025-02-28 11:50:03,949 [WARN] IP:2120 - RAM1Page7PowerDownInStopMode not found: check if there is a RefParameter without a condition.
2025-02-28 11:50:03,949 [WARN] IP:2120 - RAM1Page8PowerDownInStopMode not found: check if there is a RefParameter without a condition.
2025-02-28 11:50:03,949 [WARN] IP:2120 - RAM1Page9PowerDownInStopMode not found: check if there is a RefParameter without a condition.
2025-02-28 11:50:03,949 [WARN] IP:2120 - RAM1Page10PowerDownInStopMode not found: check if there is a RefParameter without a condition.
2025-02-28 11:50:03,949 [WARN] IP:2120 - RAM1Page11PowerDownInStopMode not found: check if there is a RefParameter without a condition.
2025-02-28 11:50:03,949 [WARN] IP:2120 - RAM1Page12PowerDownInStopMode not found: check if there is a RefParameter without a condition.
2025-02-28 11:50:03,950 [WARN] IP:2120 - RAM3Page9PowerDownInStopMode not found: check if there is a RefParameter without a condition.
2025-02-28 11:50:03,950 [WARN] IP:2120 - RAM3Page10PowerDownInStopMode not found: check if there is a RefParameter without a condition.
2025-02-28 11:50:03,950 [WARN] IP:2120 - RAM3Page11PowerDownInStopMode not found: check if there is a RefParameter without a condition.
2025-02-28 11:50:03,950 [WARN] IP:2120 - RAM3Page12PowerDownInStopMode not found: check if there is a RefParameter without a condition.
2025-02-28 11:50:03,950 [WARN] IP:2120 - RAM3Page13PowerDownInStopMode not found: check if there is a RefParameter without a condition.
2025-02-28 11:50:03,951 [WARN] IP:2120 - RAM5Page1PowerDownInStopMode not found: check if there is a RefParameter without a condition.
2025-02-28 11:50:03,951 [WARN] IP:2120 - RAM5Page2PowerDownInStopMode not found: check if there is a RefParameter without a condition.
2025-02-28 11:50:03,951 [WARN] IP:2120 - RAM5Page3PowerDownInStopMode not found: check if there is a RefParameter without a condition.
2025-02-28 11:50:03,951 [WARN] IP:2120 - RAM5Page4PowerDownInStopMode not found: check if there is a RefParameter without a condition.
2025-02-28 11:50:03,951 [WARN] IP:2120 - RAM5Page5PowerDownInStopMode not found: check if there is a RefParameter without a condition.
2025-02-28 11:50:03,951 [WARN] IP:2120 - RAM5Page6PowerDownInStopMode not found: check if there is a RefParameter without a condition.
2025-02-28 11:50:03,951 [WARN] IP:2120 - RAM5Page7PowerDownInStopMode not found: check if there is a RefParameter without a condition.
2025-02-28 11:50:03,951 [WARN] IP:2120 - RAM5Page8PowerDownInStopMode not found: check if there is a RefParameter without a condition.
2025-02-28 11:50:03,951 [WARN] IP:2120 - RAM5Page9PowerDownInStopMode not found: check if there is a RefParameter without a condition.
2025-02-28 11:50:03,951 [WARN] IP:2120 - RAM5Page10PowerDownInStopMode not found: check if there is a RefParameter without a condition.
2025-02-28 11:50:03,952 [WARN] IP:2120 - RAM5Page11PowerDownInStopMode not found: check if there is a RefParameter without a condition.
2025-02-28 11:50:03,952 [WARN] IP:2120 - RAM5Page12PowerDownInStopMode not found: check if there is a RefParameter without a condition.
2025-02-28 11:50:03,952 [WARN] IP:2120 - RAM5Page13PowerDownInStopMode not found: check if there is a RefParameter without a condition.
2025-02-28 11:50:03,952 [WARN] IP:2120 - Dcache2PowerDownInStopMode not found: check if there is a RefParameter without a condition.
2025-02-28 11:50:03,952 [WARN] IP:2120 - GRAPHICPRAMPowerDownInStopMode not found: check if there is a RefParameter without a condition.
2025-02-28 11:50:03,952 [WARN] IP:2120 - DSIRAMPowerDownInStopMode not found: check if there is a RefParameter without a condition.
2025-02-28 11:50:04,047 [WARN] IP:2120 - rccPrivilegeSecure not found: check if there is a RefParameter without a condition.
2025-02-28 11:50:04,048 [WARN] IP:2120 - rccSecurity not found: check if there is a RefParameter without a condition.
2025-02-28 11:50:04,367 [INFO] CodeEngine:255 - oldGeneratedFile, C:\workshop_bootloader\BootApp1App2\BootloaderApp\MXTmpFiles\license.tmp_save
2025-02-28 11:50:04,942 [INFO] CodeEngine:279 - Generated code: C:\workshop_bootloader\BootApp1App2\BootloaderApp\MXTmpFiles\license.tmp
2025-02-28 11:50:05,255 [INFO] CodeEngine:255 - oldGeneratedFile, C:\workshop_bootloader\BootApp1App2\BootloaderApp\MXTmpFiles\gpio.tmp_save
2025-02-28 11:50:05,566 [INFO] CodeEngine:279 - Generated code: C:\workshop_bootloader\BootApp1App2\BootloaderApp\MXTmpFiles\gpio.tmp
2025-02-28 11:50:06,196 [WARN] IPConfigManager:98 - WARNING: Missing Config File for DEBUG ip!!
2025-02-28 11:50:06,480 [WARN] IPConfigManager:98 - WARNING: Missing Config File for MEMORYMAP ip!!
2025-02-28 11:50:06,481 [WARN] IP:2120 - DefaultDataRegion not found: check if there is a RefParameter without a condition.
2025-02-28 11:50:07,299 [WARN] IPConfigManager:4238 - WARNING: Missing Config File for LINKEDLIST ip!!
2025-02-28 11:50:07,670 [WARN] IPConfigManager:2982 - Warning: the RefConfig PWREx_EnableUSBVoltageDetector is not available in your config.xml file
2025-02-28 11:50:07,742 [INFO] CodeEngine:255 - oldGeneratedFile, C:\workshop_bootloader\BootApp1App2\BootloaderApp\MXTmpFiles\cortex.tmp_save
2025-02-28 11:50:07,970 [INFO] CodeEngine:279 - Generated code: C:\workshop_bootloader\BootApp1App2\BootloaderApp\MXTmpFiles\cortex.tmp
2025-02-28 11:50:08,056 [INFO] CodeEngine:255 - oldGeneratedFile, C:\workshop_bootloader\BootApp1App2\BootloaderApp\Core\Src\stm32u5xx_it.c_save
2025-02-28 11:50:08,316 [INFO] CodeEngine:279 - Generated code: C:\workshop_bootloader\BootApp1App2\BootloaderApp\Core\Src\stm32u5xx_it.c
2025-02-28 11:50:08,343 [INFO] CodeEngine:255 - oldGeneratedFile, C:\workshop_bootloader\BootApp1App2\BootloaderApp\Core\Inc\stm32u5xx_it.h_save
2025-02-28 11:50:08,511 [INFO] CodeEngine:279 - Generated code: C:\workshop_bootloader\BootApp1App2\BootloaderApp\Core\Inc\stm32u5xx_it.h
2025-02-28 11:50:08,712 [INFO] CodeEngine:255 - oldGeneratedFile, C:\workshop_bootloader\BootApp1App2\BootloaderApp\Core\Src\stm32u5xx_hal_msp.c_save
2025-02-28 11:50:09,040 [INFO] CodeEngine:279 - Generated code: C:\workshop_bootloader\BootApp1App2\BootloaderApp\Core\Src\stm32u5xx_hal_msp.c
2025-02-28 11:50:09,090 [INFO] CodeEngine:255 - oldGeneratedFile, C:\workshop_bootloader\BootApp1App2\BootloaderApp\MXTmpFiles\system.tmp_save
2025-02-28 11:50:09,241 [INFO] CodeEngine:279 - Generated code: C:\workshop_bootloader\BootApp1App2\BootloaderApp\MXTmpFiles\system.tmp
2025-02-28 11:50:09,269 [INFO] CodeEngine:255 - oldGeneratedFile, C:\workshop_bootloader\BootApp1App2\BootloaderApp\Core\Inc\stm32_assert.h_save
2025-02-28 11:50:09,414 [INFO] CodeEngine:279 - Generated code: C:\workshop_bootloader\BootApp1App2\BootloaderApp\Core\Inc\stm32_assert.h
2025-02-28 11:50:09,459 [INFO] CodeEngine:311 - oldGeneratedFile, C:\workshop_bootloader\BootApp1App2\BootloaderApp\Core\Inc\stm32u5xx_hal_conf.h_save
2025-02-28 11:50:09,659 [INFO] CodeEngine:335 - Generated code: C:\workshop_bootloader\BootApp1App2\BootloaderApp\Core\Inc\stm32u5xx_hal_conf.h
2025-02-28 11:50:09,756 [WARN] IPConfigManager:3513 - IP not found : USB_OTG
2025-02-28 11:50:09,761 [WARN] CodeGenerator:3951 - IP not found : null
2025-02-28 11:50:09,806 [INFO] CodeEngine:255 - oldGeneratedFile, C:\workshop_bootloader\BootApp1App2\BootloaderApp\Core\Inc\main.h_save
2025-02-28 11:50:10,018 [INFO] CodeEngine:279 - Generated code: C:\workshop_bootloader\BootApp1App2\BootloaderApp\Core\Inc\main.h
2025-02-28 11:50:10,040 [INFO] CodeEngine:255 - oldGeneratedFile, C:\workshop_bootloader\BootApp1App2\BootloaderApp\Core\Src\main.c_save
2025-02-28 11:50:10,341 [INFO] CodeEngine:279 - Generated code: C:\workshop_bootloader\BootApp1App2\BootloaderApp\Core\Src\main.c
2025-02-28 11:50:11,250 [INFO] ProjectBuilder:3163 - Time for Copy HAL[1] : 477mS.
2025-02-28 11:50:11,264 [INFO] ProjectBuilder:4736 - Project Generator version: 4.3.0-B58
2025-02-28 11:50:11,402 [INFO] ConfigFileManager:1503 - The Die is : DIE482
2025-02-28 11:50:11,432 [INFO] ApiDbMcu:508 - Load IP Config File for FileX
2025-02-28 11:50:11,453 [INFO] ApiDbMcu:508 - Load IP Config File for LevelX
2025-02-28 11:50:11,484 [INFO] ApiDbMcu:508 - Load IP Config File for NetXDuo
2025-02-28 11:50:11,503 [INFO] ApiDbMcu:508 - Load IP Config File for ThreadX
2025-02-28 11:50:11,534 [INFO] ApiDbMcu:508 - Load IP Config File for TOUCHSENSING
2025-02-28 11:50:11,557 [INFO] ApiDbMcu:508 - Load IP Config File for USBPD
2025-02-28 11:50:11,589 [INFO] ApiDbMcu:508 - Load IP Config File for USBX
2025-02-28 11:50:12,660 [INFO] LogOutputStream:77 - [STDOUT_REDIRECT] 
2025-02-28 11:50:18,285 [INFO] ProjectBuilder:5002 - Time for Generating toolchain IDE Files: 7020mS.
2025-02-28 11:50:18,287 [INFO] ProjectBuilder:3034 - Time for Copy CMSIS : 1mS.
2025-02-28 11:50:18,293 [INFO] ProjectBuilder:3034 - Time for Copy CMSIS : 1mS.
2025-02-28 11:50:19,446 [INFO] McuFinderGlobals:76 - Set McuFinderConnectedMode to true
2025-02-28 11:50:19,453 [INFO] ApiDb:448 - Save user favorites file C:\Users\nickp/.stm32cubeide/favorites.mcus.txt: 0 item(s)
2025-02-28 11:50:19,453 [INFO] ApiDb:452 - User favorites MCUs=[]
2025-02-28 11:50:19,456 [INFO] ApiDb:448 - Save user favorites file C:\Users\nickp/.stm32cubeide/favorites.boards.txt: 0 item(s)
2025-02-28 11:50:19,456 [INFO] ApiDb:452 - User favorites Boards=[]
2025-02-28 11:53:01,788 [WARN] IP:2120 - SRAM5PowerDownInRunMode not found: check if there is a RefParameter without a condition.
2025-02-28 11:53:01,788 [WARN] IP:2120 - SRAM6PowerDownInRunMode not found: check if there is a RefParameter without a condition.
2025-02-28 11:53:01,789 [WARN] IP:2120 - RAM1Page4PowerDownInStopMode not found: check if there is a RefParameter without a condition.
2025-02-28 11:53:01,789 [WARN] IP:2120 - RAM1Page5PowerDownInStopMode not found: check if there is a RefParameter without a condition.
2025-02-28 11:53:01,789 [WARN] IP:2120 - RAM1Page6PowerDownInStopMode not found: check if there is a RefParameter without a condition.
2025-02-28 11:53:01,789 [WARN] IP:2120 - RAM1Page7PowerDownInStopMode not found: check if there is a RefParameter without a condition.
2025-02-28 11:53:01,789 [WARN] IP:2120 - RAM1Page8PowerDownInStopMode not found: check if there is a RefParameter without a condition.
2025-02-28 11:53:01,789 [WARN] IP:2120 - RAM1Page9PowerDownInStopMode not found: check if there is a RefParameter without a condition.
2025-02-28 11:53:01,789 [WARN] IP:2120 - RAM1Page10PowerDownInStopMode not found: check if there is a RefParameter without a condition.
2025-02-28 11:53:01,789 [WARN] IP:2120 - RAM1Page11PowerDownInStopMode not found: check if there is a RefParameter without a condition.
2025-02-28 11:53:01,789 [WARN] IP:2120 - RAM1Page12PowerDownInStopMode not found: check if there is a RefParameter without a condition.
2025-02-28 11:53:01,790 [WARN] IP:2120 - RAM3Page9PowerDownInStopMode not found: check if there is a RefParameter without a condition.
2025-02-28 11:53:01,790 [WARN] IP:2120 - RAM3Page10PowerDownInStopMode not found: check if there is a RefParameter without a condition.
2025-02-28 11:53:01,790 [WARN] IP:2120 - RAM3Page11PowerDownInStopMode not found: check if there is a RefParameter without a condition.
2025-02-28 11:53:01,790 [WARN] IP:2120 - RAM3Page12PowerDownInStopMode not found: check if there is a RefParameter without a condition.
2025-02-28 11:53:01,790 [WARN] IP:2120 - RAM3Page13PowerDownInStopMode not found: check if there is a RefParameter without a condition.
2025-02-28 11:53:01,790 [WARN] IP:2120 - RAM5Page1PowerDownInStopMode not found: check if there is a RefParameter without a condition.
2025-02-28 11:53:01,790 [WARN] IP:2120 - RAM5Page2PowerDownInStopMode not found: check if there is a RefParameter without a condition.
2025-02-28 11:53:01,790 [WARN] IP:2120 - RAM5Page3PowerDownInStopMode not found: check if there is a RefParameter without a condition.
2025-02-28 11:53:01,790 [WARN] IP:2120 - RAM5Page4PowerDownInStopMode not found: check if there is a RefParameter without a condition.
2025-02-28 11:53:01,790 [WARN] IP:2120 - RAM5Page5PowerDownInStopMode not found: check if there is a RefParameter without a condition.
2025-02-28 11:53:01,790 [WARN] IP:2120 - RAM5Page6PowerDownInStopMode not found: check if there is a RefParameter without a condition.
2025-02-28 11:53:01,790 [WARN] IP:2120 - RAM5Page7PowerDownInStopMode not found: check if there is a RefParameter without a condition.
2025-02-28 11:53:01,790 [WARN] IP:2120 - RAM5Page8PowerDownInStopMode not found: check if there is a RefParameter without a condition.
2025-02-28 11:53:01,790 [WARN] IP:2120 - RAM5Page9PowerDownInStopMode not found: check if there is a RefParameter without a condition.
2025-02-28 11:53:01,790 [WARN] IP:2120 - RAM5Page10PowerDownInStopMode not found: check if there is a RefParameter without a condition.
2025-02-28 11:53:01,791 [WARN] IP:2120 - RAM5Page11PowerDownInStopMode not found: check if there is a RefParameter without a condition.
2025-02-28 11:53:01,791 [WARN] IP:2120 - RAM5Page12PowerDownInStopMode not found: check if there is a RefParameter without a condition.
2025-02-28 11:53:01,791 [WARN] IP:2120 - RAM5Page13PowerDownInStopMode not found: check if there is a RefParameter without a condition.
2025-02-28 11:53:01,791 [WARN] IP:2120 - Dcache2PowerDownInStopMode not found: check if there is a RefParameter without a condition.
2025-02-28 11:53:01,791 [WARN] IP:2120 - GRAPHICPRAMPowerDownInStopMode not found: check if there is a RefParameter without a condition.
2025-02-28 11:53:01,791 [WARN] IP:2120 - DSIRAMPowerDownInStopMode not found: check if there is a RefParameter without a condition.
2025-02-28 11:53:01,975 [INFO] I2cTimingTraitement:330 - 0x30909DEC
2025-02-28 11:53:02,312 [WARN] IP:2120 - rccPrivilegeSecure not found: check if there is a RefParameter without a condition.
2025-02-28 11:53:02,312 [WARN] IP:2120 - rccSecurity not found: check if there is a RefParameter without a condition.
2025-02-28 11:53:02,439 [WARN] IP:2120 - rccPrivilegeSecure not found: check if there is a RefParameter without a condition.
2025-02-28 11:53:02,439 [WARN] IP:2120 - rccSecurity not found: check if there is a RefParameter without a condition.
2025-02-28 11:53:20,266 [INFO] I2cTimingTraitement:330 - 0x30909DEC
2025-02-28 11:53:20,541 [WARN] IP:2120 - SRAM5PowerDownInRunMode not found: check if there is a RefParameter without a condition.
2025-02-28 11:53:20,541 [WARN] IP:2120 - SRAM6PowerDownInRunMode not found: check if there is a RefParameter without a condition.
2025-02-28 11:53:20,541 [WARN] IP:2120 - RAM1Page4PowerDownInStopMode not found: check if there is a RefParameter without a condition.
2025-02-28 11:53:20,541 [WARN] IP:2120 - RAM1Page5PowerDownInStopMode not found: check if there is a RefParameter without a condition.
2025-02-28 11:53:20,542 [WARN] IP:2120 - RAM1Page6PowerDownInStopMode not found: check if there is a RefParameter without a condition.
2025-02-28 11:53:20,542 [WARN] IP:2120 - RAM1Page7PowerDownInStopMode not found: check if there is a RefParameter without a condition.
2025-02-28 11:53:20,542 [WARN] IP:2120 - RAM1Page8PowerDownInStopMode not found: check if there is a RefParameter without a condition.
2025-02-28 11:53:20,542 [WARN] IP:2120 - RAM1Page9PowerDownInStopMode not found: check if there is a RefParameter without a condition.
2025-02-28 11:53:20,542 [WARN] IP:2120 - RAM1Page10PowerDownInStopMode not found: check if there is a RefParameter without a condition.
2025-02-28 11:53:20,542 [WARN] IP:2120 - RAM1Page11PowerDownInStopMode not found: check if there is a RefParameter without a condition.
2025-02-28 11:53:20,542 [WARN] IP:2120 - RAM1Page12PowerDownInStopMode not found: check if there is a RefParameter without a condition.
2025-02-28 11:53:20,542 [WARN] IP:2120 - RAM3Page9PowerDownInStopMode not found: check if there is a RefParameter without a condition.
2025-02-28 11:53:20,542 [WARN] IP:2120 - RAM3Page10PowerDownInStopMode not found: check if there is a RefParameter without a condition.
2025-02-28 11:53:20,542 [WARN] IP:2120 - RAM3Page11PowerDownInStopMode not found: check if there is a RefParameter without a condition.
2025-02-28 11:53:20,542 [WARN] IP:2120 - RAM3Page12PowerDownInStopMode not found: check if there is a RefParameter without a condition.
2025-02-28 11:53:20,542 [WARN] IP:2120 - RAM3Page13PowerDownInStopMode not found: check if there is a RefParameter without a condition.
2025-02-28 11:53:20,543 [WARN] IP:2120 - RAM5Page1PowerDownInStopMode not found: check if there is a RefParameter without a condition.
2025-02-28 11:53:20,543 [WARN] IP:2120 - RAM5Page2PowerDownInStopMode not found: check if there is a RefParameter without a condition.
2025-02-28 11:53:20,543 [WARN] IP:2120 - RAM5Page3PowerDownInStopMode not found: check if there is a RefParameter without a condition.
2025-02-28 11:53:20,543 [WARN] IP:2120 - RAM5Page4PowerDownInStopMode not found: check if there is a RefParameter without a condition.
2025-02-28 11:53:20,543 [WARN] IP:2120 - RAM5Page5PowerDownInStopMode not found: check if there is a RefParameter without a condition.
2025-02-28 11:53:20,543 [WARN] IP:2120 - RAM5Page6PowerDownInStopMode not found: check if there is a RefParameter without a condition.
2025-02-28 11:53:20,543 [WARN] IP:2120 - RAM5Page7PowerDownInStopMode not found: check if there is a RefParameter without a condition.
2025-02-28 11:53:20,543 [WARN] IP:2120 - RAM5Page8PowerDownInStopMode not found: check if there is a RefParameter without a condition.
2025-02-28 11:53:20,543 [WARN] IP:2120 - RAM5Page9PowerDownInStopMode not found: check if there is a RefParameter without a condition.
2025-02-28 11:53:20,543 [WARN] IP:2120 - RAM5Page10PowerDownInStopMode not found: check if there is a RefParameter without a condition.
2025-02-28 11:53:20,543 [WARN] IP:2120 - RAM5Page11PowerDownInStopMode not found: check if there is a RefParameter without a condition.
2025-02-28 11:53:20,543 [WARN] IP:2120 - RAM5Page12PowerDownInStopMode not found: check if there is a RefParameter without a condition.
2025-02-28 11:53:20,543 [WARN] IP:2120 - RAM5Page13PowerDownInStopMode not found: check if there is a RefParameter without a condition.
2025-02-28 11:53:20,544 [WARN] IP:2120 - Dcache2PowerDownInStopMode not found: check if there is a RefParameter without a condition.
2025-02-28 11:53:20,544 [WARN] IP:2120 - GRAPHICPRAMPowerDownInStopMode not found: check if there is a RefParameter without a condition.
2025-02-28 11:53:20,544 [WARN] IP:2120 - DSIRAMPowerDownInStopMode not found: check if there is a RefParameter without a condition.
2025-02-28 11:53:20,627 [WARN] IP:2120 - rccPrivilegeSecure not found: check if there is a RefParameter without a condition.
2025-02-28 11:53:20,628 [WARN] IP:2120 - rccSecurity not found: check if there is a RefParameter without a condition.
2025-02-28 11:53:20,710 [WARN] IP:2120 - rccPrivilegeSecure not found: check if there is a RefParameter without a condition.
2025-02-28 11:53:20,711 [WARN] IP:2120 - rccSecurity not found: check if there is a RefParameter without a condition.
2025-02-28 11:53:20,962 [INFO] I2cTimingTraitement:330 - 0x30909DEC
2025-02-28 11:53:39,955 [INFO] I2cTimingTraitement:330 - 0x30909DEC
2025-02-28 11:53:40,208 [WARN] IP:2120 - SRAM5PowerDownInRunMode not found: check if there is a RefParameter without a condition.
2025-02-28 11:53:40,208 [WARN] IP:2120 - SRAM6PowerDownInRunMode not found: check if there is a RefParameter without a condition.
2025-02-28 11:53:40,208 [WARN] IP:2120 - RAM1Page4PowerDownInStopMode not found: check if there is a RefParameter without a condition.
2025-02-28 11:53:40,208 [WARN] IP:2120 - RAM1Page5PowerDownInStopMode not found: check if there is a RefParameter without a condition.
2025-02-28 11:53:40,208 [WARN] IP:2120 - RAM1Page6PowerDownInStopMode not found: check if there is a RefParameter without a condition.
2025-02-28 11:53:40,208 [WARN] IP:2120 - RAM1Page7PowerDownInStopMode not found: check if there is a RefParameter without a condition.
2025-02-28 11:53:40,208 [WARN] IP:2120 - RAM1Page8PowerDownInStopMode not found: check if there is a RefParameter without a condition.
2025-02-28 11:53:40,208 [WARN] IP:2120 - RAM1Page9PowerDownInStopMode not found: check if there is a RefParameter without a condition.
2025-02-28 11:53:40,208 [WARN] IP:2120 - RAM1Page10PowerDownInStopMode not found: check if there is a RefParameter without a condition.
2025-02-28 11:53:40,208 [WARN] IP:2120 - RAM1Page11PowerDownInStopMode not found: check if there is a RefParameter without a condition.
2025-02-28 11:53:40,208 [WARN] IP:2120 - RAM1Page12PowerDownInStopMode not found: check if there is a RefParameter without a condition.
2025-02-28 11:53:40,209 [WARN] IP:2120 - RAM3Page9PowerDownInStopMode not found: check if there is a RefParameter without a condition.
2025-02-28 11:53:40,209 [WARN] IP:2120 - RAM3Page10PowerDownInStopMode not found: check if there is a RefParameter without a condition.
2025-02-28 11:53:40,209 [WARN] IP:2120 - RAM3Page11PowerDownInStopMode not found: check if there is a RefParameter without a condition.
2025-02-28 11:53:40,209 [WARN] IP:2120 - RAM3Page12PowerDownInStopMode not found: check if there is a RefParameter without a condition.
2025-02-28 11:53:40,209 [WARN] IP:2120 - RAM3Page13PowerDownInStopMode not found: check if there is a RefParameter without a condition.
2025-02-28 11:53:40,209 [WARN] IP:2120 - RAM5Page1PowerDownInStopMode not found: check if there is a RefParameter without a condition.
2025-02-28 11:53:40,209 [WARN] IP:2120 - RAM5Page2PowerDownInStopMode not found: check if there is a RefParameter without a condition.
2025-02-28 11:53:40,209 [WARN] IP:2120 - RAM5Page3PowerDownInStopMode not found: check if there is a RefParameter without a condition.
2025-02-28 11:53:40,209 [WARN] IP:2120 - RAM5Page4PowerDownInStopMode not found: check if there is a RefParameter without a condition.
2025-02-28 11:53:40,209 [WARN] IP:2120 - RAM5Page5PowerDownInStopMode not found: check if there is a RefParameter without a condition.
2025-02-28 11:53:40,209 [WARN] IP:2120 - RAM5Page6PowerDownInStopMode not found: check if there is a RefParameter without a condition.
2025-02-28 11:53:40,209 [WARN] IP:2120 - RAM5Page7PowerDownInStopMode not found: check if there is a RefParameter without a condition.
2025-02-28 11:53:40,209 [WARN] IP:2120 - RAM5Page8PowerDownInStopMode not found: check if there is a RefParameter without a condition.
2025-02-28 11:53:40,209 [WARN] IP:2120 - RAM5Page9PowerDownInStopMode not found: check if there is a RefParameter without a condition.
2025-02-28 11:53:40,209 [WARN] IP:2120 - RAM5Page10PowerDownInStopMode not found: check if there is a RefParameter without a condition.
2025-02-28 11:53:40,209 [WARN] IP:2120 - RAM5Page11PowerDownInStopMode not found: check if there is a RefParameter without a condition.
2025-02-28 11:53:40,210 [WARN] IP:2120 - RAM5Page12PowerDownInStopMode not found: check if there is a RefParameter without a condition.
2025-02-28 11:53:40,210 [WARN] IP:2120 - RAM5Page13PowerDownInStopMode not found: check if there is a RefParameter without a condition.
2025-02-28 11:53:40,210 [WARN] IP:2120 - Dcache2PowerDownInStopMode not found: check if there is a RefParameter without a condition.
2025-02-28 11:53:40,210 [WARN] IP:2120 - GRAPHICPRAMPowerDownInStopMode not found: check if there is a RefParameter without a condition.
2025-02-28 11:53:40,210 [WARN] IP:2120 - DSIRAMPowerDownInStopMode not found: check if there is a RefParameter without a condition.
2025-02-28 11:53:40,274 [WARN] IP:2120 - rccPrivilegeSecure not found: check if there is a RefParameter without a condition.
2025-02-28 11:53:40,274 [WARN] IP:2120 - rccSecurity not found: check if there is a RefParameter without a condition.
2025-02-28 11:53:40,348 [WARN] IP:2120 - rccPrivilegeSecure not found: check if there is a RefParameter without a condition.
2025-02-28 11:53:40,348 [WARN] IP:2120 - rccSecurity not found: check if there is a RefParameter without a condition.
2025-02-28 11:53:40,596 [INFO] I2cTimingTraitement:330 - 0x30909DEC
2025-02-28 11:53:45,526 [INFO] UtilMem:75 - End SaveConfig() Used Memory: 886478264 Bytes (1073741824)
2025-02-28 11:53:49,836 [INFO] UtilMem:75 - End SaveConfig() Used Memory: 945720760 Bytes (1073741824)
2025-02-28 11:53:52,561 [INFO] UtilMem:75 - End SaveConfig() Used Memory: 621669912 Bytes (1073741824)
2025-02-28 11:53:53,248 [INFO] BlockDiagram:2759 - set Specific Code input for plugin: PWR
2025-02-28 11:53:53,248 [INFO] BlockDiagram:2759 - set Specific Code input for plugin: RCC
2025-02-28 11:53:53,248 [INFO] BlockDiagram:2759 - set Specific Code input for plugin: I2C
2025-02-28 11:53:53,248 [INFO] BlockDiagram:2759 - set Specific Code input for plugin: USART
2025-02-28 11:53:53,248 [INFO] BlockDiagram:2759 - set Specific Code input for plugin: MEMORYMAP
2025-02-28 11:53:53,248 [INFO] BlockDiagram:2759 - set Specific Code input for plugin: UCPD
2025-02-28 11:53:53,248 [INFO] BlockDiagram:2759 - set Specific Code input for plugin: SYS
2025-02-28 11:53:53,248 [INFO] BlockDiagram:2759 - set Specific Code input for plugin: ADC
2025-02-28 11:53:53,248 [INFO] BlockDiagram:2759 - set Specific Code input for plugin: LPBAM
2025-02-28 11:53:53,248 [INFO] BlockDiagram:2759 - set Specific Code input for plugin: USB_OTG_FS
2025-02-28 11:53:53,248 [INFO] BlockDiagram:2759 - set Specific Code input for plugin: NVIC
2025-02-28 11:53:53,249 [INFO] BlockDiagram:2759 - set Specific Code input for plugin: ICACHE
2025-02-28 11:53:53,249 [INFO] BlockDiagram:2759 - set Specific Code input for plugin: DEBUG
2025-02-28 11:53:53,249 [INFO] BlockDiagram:2759 - set Specific Code input for plugin: GPIO
2025-02-28 11:53:53,249 [INFO] BlockDiagram:2759 - set Specific Code input for plugin: LPBAMQUEUE
2025-02-28 11:53:53,250 [INFO] CodeGenerator:807 - code generatio: config db path: C:\ST\STM32CubeIDE_1.15.1\STM32CubeIDE\plugins\com.st.stm32cube.common.mx_6.11.1.202404110753\\db\
2025-02-28 11:53:53,288 [WARN] IP:2120 - SRAM5PowerDownInRunMode not found: check if there is a RefParameter without a condition.
2025-02-28 11:53:53,288 [WARN] IP:2120 - SRAM6PowerDownInRunMode not found: check if there is a RefParameter without a condition.
2025-02-28 11:53:53,288 [WARN] IP:2120 - RAM1Page4PowerDownInStopMode not found: check if there is a RefParameter without a condition.
2025-02-28 11:53:53,288 [WARN] IP:2120 - RAM1Page5PowerDownInStopMode not found: check if there is a RefParameter without a condition.
2025-02-28 11:53:53,288 [WARN] IP:2120 - RAM1Page6PowerDownInStopMode not found: check if there is a RefParameter without a condition.
2025-02-28 11:53:53,288 [WARN] IP:2120 - RAM1Page7PowerDownInStopMode not found: check if there is a RefParameter without a condition.
2025-02-28 11:53:53,288 [WARN] IP:2120 - RAM1Page8PowerDownInStopMode not found: check if there is a RefParameter without a condition.
2025-02-28 11:53:53,288 [WARN] IP:2120 - RAM1Page9PowerDownInStopMode not found: check if there is a RefParameter without a condition.
2025-02-28 11:53:53,288 [WARN] IP:2120 - RAM1Page10PowerDownInStopMode not found: check if there is a RefParameter without a condition.
2025-02-28 11:53:53,289 [WARN] IP:2120 - RAM1Page11PowerDownInStopMode not found: check if there is a RefParameter without a condition.
2025-02-28 11:53:53,289 [WARN] IP:2120 - RAM1Page12PowerDownInStopMode not found: check if there is a RefParameter without a condition.
2025-02-28 11:53:53,289 [WARN] IP:2120 - RAM3Page9PowerDownInStopMode not found: check if there is a RefParameter without a condition.
2025-02-28 11:53:53,289 [WARN] IP:2120 - RAM3Page10PowerDownInStopMode not found: check if there is a RefParameter without a condition.
2025-02-28 11:53:53,289 [WARN] IP:2120 - RAM3Page11PowerDownInStopMode not found: check if there is a RefParameter without a condition.
2025-02-28 11:53:53,289 [WARN] IP:2120 - RAM3Page12PowerDownInStopMode not found: check if there is a RefParameter without a condition.
2025-02-28 11:53:53,289 [WARN] IP:2120 - RAM3Page13PowerDownInStopMode not found: check if there is a RefParameter without a condition.
2025-02-28 11:53:53,289 [WARN] IP:2120 - RAM5Page1PowerDownInStopMode not found: check if there is a RefParameter without a condition.
2025-02-28 11:53:53,289 [WARN] IP:2120 - RAM5Page2PowerDownInStopMode not found: check if there is a RefParameter without a condition.
2025-02-28 11:53:53,289 [WARN] IP:2120 - RAM5Page3PowerDownInStopMode not found: check if there is a RefParameter without a condition.
2025-02-28 11:53:53,289 [WARN] IP:2120 - RAM5Page4PowerDownInStopMode not found: check if there is a RefParameter without a condition.
2025-02-28 11:53:53,289 [WARN] IP:2120 - RAM5Page5PowerDownInStopMode not found: check if there is a RefParameter without a condition.
2025-02-28 11:53:53,289 [WARN] IP:2120 - RAM5Page6PowerDownInStopMode not found: check if there is a RefParameter without a condition.
2025-02-28 11:53:53,289 [WARN] IP:2120 - RAM5Page7PowerDownInStopMode not found: check if there is a RefParameter without a condition.
2025-02-28 11:53:53,290 [WARN] IP:2120 - RAM5Page8PowerDownInStopMode not found: check if there is a RefParameter without a condition.
2025-02-28 11:53:53,290 [WARN] IP:2120 - RAM5Page9PowerDownInStopMode not found: check if there is a RefParameter without a condition.
2025-02-28 11:53:53,290 [WARN] IP:2120 - RAM5Page10PowerDownInStopMode not found: check if there is a RefParameter without a condition.
2025-02-28 11:53:53,290 [WARN] IP:2120 - RAM5Page11PowerDownInStopMode not found: check if there is a RefParameter without a condition.
2025-02-28 11:53:53,290 [WARN] IP:2120 - RAM5Page12PowerDownInStopMode not found: check if there is a RefParameter without a condition.
2025-02-28 11:53:53,290 [WARN] IP:2120 - RAM5Page13PowerDownInStopMode not found: check if there is a RefParameter without a condition.
2025-02-28 11:53:53,290 [WARN] IP:2120 - Dcache2PowerDownInStopMode not found: check if there is a RefParameter without a condition.
2025-02-28 11:53:53,290 [WARN] IP:2120 - GRAPHICPRAMPowerDownInStopMode not found: check if there is a RefParameter without a condition.
2025-02-28 11:53:53,290 [WARN] IP:2120 - DSIRAMPowerDownInStopMode not found: check if there is a RefParameter without a condition.
2025-02-28 11:53:53,359 [WARN] IP:2120 - rccPrivilegeSecure not found: check if there is a RefParameter without a condition.
2025-02-28 11:53:53,359 [WARN] IP:2120 - rccSecurity not found: check if there is a RefParameter without a condition.
2025-02-28 11:53:53,475 [INFO] CodeEngine:255 - oldGeneratedFile, C:\workshop_bootloader\BootApp1App2\BootloaderApp\MXTmpFiles\license.tmp_save
2025-02-28 11:53:53,607 [INFO] CodeEngine:279 - Generated code: C:\workshop_bootloader\BootApp1App2\BootloaderApp\MXTmpFiles\license.tmp
2025-02-28 11:53:53,710 [INFO] CodeEngine:255 - oldGeneratedFile, C:\workshop_bootloader\BootApp1App2\BootloaderApp\MXTmpFiles\gpio.tmp_save
2025-02-28 11:53:53,875 [INFO] CodeEngine:279 - Generated code: C:\workshop_bootloader\BootApp1App2\BootloaderApp\MXTmpFiles\gpio.tmp
2025-02-28 11:53:54,095 [WARN] IPConfigManager:98 - WARNING: Missing Config File for DEBUG ip!!
2025-02-28 11:53:54,495 [WARN] IPConfigManager:98 - WARNING: Missing Config File for MEMORYMAP ip!!
2025-02-28 11:53:54,495 [WARN] IP:2120 - DefaultDataRegion not found: check if there is a RefParameter without a condition.
2025-02-28 11:53:54,897 [WARN] IPConfigManager:4238 - WARNING: Missing Config File for LINKEDLIST ip!!
2025-02-28 11:53:55,111 [WARN] IPConfigManager:2982 - Warning: the RefConfig PWREx_EnableUSBVoltageDetector is not available in your config.xml file
2025-02-28 11:53:55,153 [INFO] CodeEngine:255 - oldGeneratedFile, C:\workshop_bootloader\BootApp1App2\BootloaderApp\MXTmpFiles\cortex.tmp_save
2025-02-28 11:53:55,283 [INFO] CodeEngine:279 - Generated code: C:\workshop_bootloader\BootApp1App2\BootloaderApp\MXTmpFiles\cortex.tmp
2025-02-28 11:53:55,348 [INFO] CodeEngine:255 - oldGeneratedFile, C:\workshop_bootloader\BootApp1App2\BootloaderApp\Core\Src\stm32u5xx_it.c_save
2025-02-28 11:53:55,478 [INFO] CodeEngine:279 - Generated code: C:\workshop_bootloader\BootApp1App2\BootloaderApp\Core\Src\stm32u5xx_it.c
2025-02-28 11:53:55,487 [INFO] CodeEngine:255 - oldGeneratedFile, C:\workshop_bootloader\BootApp1App2\BootloaderApp\Core\Inc\stm32u5xx_it.h_save
2025-02-28 11:53:55,572 [INFO] CodeEngine:279 - Generated code: C:\workshop_bootloader\BootApp1App2\BootloaderApp\Core\Inc\stm32u5xx_it.h
2025-02-28 11:53:55,697 [INFO] CodeEngine:255 - oldGeneratedFile, C:\workshop_bootloader\BootApp1App2\BootloaderApp\Core\Src\stm32u5xx_hal_msp.c_save
2025-02-28 11:53:55,937 [INFO] CodeEngine:279 - Generated code: C:\workshop_bootloader\BootApp1App2\BootloaderApp\Core\Src\stm32u5xx_hal_msp.c
2025-02-28 11:53:55,958 [INFO] CodeEngine:255 - oldGeneratedFile, C:\workshop_bootloader\BootApp1App2\BootloaderApp\MXTmpFiles\system.tmp_save
2025-02-28 11:53:56,039 [INFO] CodeEngine:279 - Generated code: C:\workshop_bootloader\BootApp1App2\BootloaderApp\MXTmpFiles\system.tmp
2025-02-28 11:53:56,047 [INFO] CodeEngine:255 - oldGeneratedFile, C:\workshop_bootloader\BootApp1App2\BootloaderApp\Core\Inc\stm32_assert.h_save
2025-02-28 11:53:56,139 [INFO] CodeEngine:279 - Generated code: C:\workshop_bootloader\BootApp1App2\BootloaderApp\Core\Inc\stm32_assert.h
2025-02-28 11:53:56,170 [INFO] CodeEngine:311 - oldGeneratedFile, C:\workshop_bootloader\BootApp1App2\BootloaderApp\Core\Inc\stm32u5xx_hal_conf.h_save
2025-02-28 11:53:56,314 [INFO] CodeEngine:335 - Generated code: C:\workshop_bootloader\BootApp1App2\BootloaderApp\Core\Inc\stm32u5xx_hal_conf.h
2025-02-28 11:53:56,383 [WARN] IPConfigManager:3513 - IP not found : USB_OTG
2025-02-28 11:53:56,384 [WARN] CodeGenerator:3951 - IP not found : null
2025-02-28 11:53:56,417 [INFO] CodeEngine:255 - oldGeneratedFile, C:\workshop_bootloader\BootApp1App2\BootloaderApp\Core\Inc\main.h_save
2025-02-28 11:53:56,556 [INFO] CodeEngine:279 - Generated code: C:\workshop_bootloader\BootApp1App2\BootloaderApp\Core\Inc\main.h
2025-02-28 11:53:56,580 [INFO] CodeEngine:255 - oldGeneratedFile, C:\workshop_bootloader\BootApp1App2\BootloaderApp\Core\Src\main.c_save
2025-02-28 11:53:56,797 [INFO] CodeEngine:279 - Generated code: C:\workshop_bootloader\BootApp1App2\BootloaderApp\Core\Src\main.c
2025-02-28 11:53:57,524 [INFO] ProjectBuilder:3163 - Time for Copy HAL[1] : 460mS.
2025-02-28 11:53:57,532 [INFO] ProjectBuilder:4736 - Project Generator version: 4.3.0-B58
2025-02-28 11:53:57,634 [INFO] ConfigFileManager:1503 - The Die is : DIE482
2025-02-28 11:53:59,537 [INFO] ProjectBuilder:5002 - Time for Generating toolchain IDE Files: 2006mS.
2025-02-28 11:53:59,538 [INFO] ProjectBuilder:3034 - Time for Copy CMSIS : 0mS.
2025-02-28 11:53:59,543 [INFO] ProjectBuilder:3034 - Time for Copy CMSIS : 0mS.
2025-02-28 11:54:45,206 [INFO] NvicIntPanel:101 - NVIC parent = com.st.microxplorer.plugins.ip.nvic.MultiNvicIntPanel[,0,0,497x274,layout=javax.swing.BoxLayout,alignmentX=0.0,alignmentY=0.0,border=,flags=9,maximumSize=,minimumSize=,preferredSize=]
2025-02-28 11:54:46,953 [INFO] I2cTimingTraitement:330 - 0x30909DEC
2025-02-28 11:54:47,029 [INFO] NvicIntPanel:101 - NVIC parent = com.st.microxplorer.plugins.ip.nvic.MultiNvicIntPanel[,0,0,0x0,invalid,layout=javax.swing.BoxLayout,alignmentX=0.0,alignmentY=0.0,border=,flags=9,maximumSize=,minimumSize=,preferredSize=]
2025-02-28 11:54:47,871 [INFO] NvicIntPanel:101 - NVIC parent = com.st.microxplorer.plugins.ip.nvic.MultiNvicIntPanel[,0,0,0x0,invalid,layout=javax.swing.BoxLayout,alignmentX=0.0,alignmentY=0.0,border=,flags=9,maximumSize=,minimumSize=,preferredSize=]
2025-02-28 11:55:18,481 [INFO] NvicIntPanel:101 - NVIC parent = com.st.microxplorer.plugins.ip.nvic.MultiNvicIntPanel[,0,0,0x0,invalid,layout=javax.swing.BoxLayout,alignmentX=0.0,alignmentY=0.0,border=,flags=9,maximumSize=,minimumSize=,preferredSize=]
2025-02-28 11:55:18,547 [INFO] I2cTimingTraitement:330 - 0x30909DEC
2025-02-28 11:55:19,331 [INFO] UtilMem:75 - End SaveConfig() Used Memory: 383162104 Bytes (1073741824)
2025-02-28 11:55:21,058 [INFO] UtilMem:75 - End SaveConfig() Used Memory: 427728632 Bytes (1073741824)
2025-02-28 11:55:23,850 [INFO] UtilMem:75 - End SaveConfig() Used Memory: 556177144 Bytes (1073741824)
2025-02-28 11:55:24,347 [INFO] BlockDiagram:2759 - set Specific Code input for plugin: PWR
2025-02-28 11:55:24,347 [INFO] BlockDiagram:2759 - set Specific Code input for plugin: RCC
2025-02-28 11:55:24,347 [INFO] BlockDiagram:2759 - set Specific Code input for plugin: I2C
2025-02-28 11:55:24,347 [INFO] BlockDiagram:2759 - set Specific Code input for plugin: USART
2025-02-28 11:55:24,347 [INFO] BlockDiagram:2759 - set Specific Code input for plugin: MEMORYMAP
2025-02-28 11:55:24,347 [INFO] BlockDiagram:2759 - set Specific Code input for plugin: UCPD
2025-02-28 11:55:24,347 [INFO] BlockDiagram:2759 - set Specific Code input for plugin: SYS
2025-02-28 11:55:24,348 [INFO] BlockDiagram:2759 - set Specific Code input for plugin: ADC
2025-02-28 11:55:24,348 [INFO] BlockDiagram:2759 - set Specific Code input for plugin: LPBAM
2025-02-28 11:55:24,348 [INFO] BlockDiagram:2759 - set Specific Code input for plugin: USB_OTG_FS
2025-02-28 11:55:24,348 [INFO] BlockDiagram:2759 - set Specific Code input for plugin: NVIC
2025-02-28 11:55:24,348 [INFO] BlockDiagram:2759 - set Specific Code input for plugin: ICACHE
2025-02-28 11:55:24,348 [INFO] BlockDiagram:2759 - set Specific Code input for plugin: DEBUG
2025-02-28 11:55:24,349 [INFO] BlockDiagram:2759 - set Specific Code input for plugin: GPIO
2025-02-28 11:55:24,349 [INFO] BlockDiagram:2759 - set Specific Code input for plugin: LPBAMQUEUE
2025-02-28 11:55:24,350 [INFO] CodeGenerator:807 - code generatio: config db path: C:\ST\STM32CubeIDE_1.15.1\STM32CubeIDE\plugins\com.st.stm32cube.common.mx_6.11.1.202404110753\\db\
2025-02-28 11:55:24,376 [WARN] IP:2120 - SRAM5PowerDownInRunMode not found: check if there is a RefParameter without a condition.
2025-02-28 11:55:24,376 [WARN] IP:2120 - SRAM6PowerDownInRunMode not found: check if there is a RefParameter without a condition.
2025-02-28 11:55:24,376 [WARN] IP:2120 - RAM1Page4PowerDownInStopMode not found: check if there is a RefParameter without a condition.
2025-02-28 11:55:24,376 [WARN] IP:2120 - RAM1Page5PowerDownInStopMode not found: check if there is a RefParameter without a condition.
2025-02-28 11:55:24,376 [WARN] IP:2120 - RAM1Page6PowerDownInStopMode not found: check if there is a RefParameter without a condition.
2025-02-28 11:55:24,376 [WARN] IP:2120 - RAM1Page7PowerDownInStopMode not found: check if there is a RefParameter without a condition.
2025-02-28 11:55:24,376 [WARN] IP:2120 - RAM1Page8PowerDownInStopMode not found: check if there is a RefParameter without a condition.
2025-02-28 11:55:24,376 [WARN] IP:2120 - RAM1Page9PowerDownInStopMode not found: check if there is a RefParameter without a condition.
2025-02-28 11:55:24,376 [WARN] IP:2120 - RAM1Page10PowerDownInStopMode not found: check if there is a RefParameter without a condition.
2025-02-28 11:55:24,376 [WARN] IP:2120 - RAM1Page11PowerDownInStopMode not found: check if there is a RefParameter without a condition.
2025-02-28 11:55:24,376 [WARN] IP:2120 - RAM1Page12PowerDownInStopMode not found: check if there is a RefParameter without a condition.
2025-02-28 11:55:24,376 [WARN] IP:2120 - RAM3Page9PowerDownInStopMode not found: check if there is a RefParameter without a condition.
2025-02-28 11:55:24,376 [WARN] IP:2120 - RAM3Page10PowerDownInStopMode not found: check if there is a RefParameter without a condition.
2025-02-28 11:55:24,376 [WARN] IP:2120 - RAM3Page11PowerDownInStopMode not found: check if there is a RefParameter without a condition.
2025-02-28 11:55:24,377 [WARN] IP:2120 - RAM3Page12PowerDownInStopMode not found: check if there is a RefParameter without a condition.
2025-02-28 11:55:24,377 [WARN] IP:2120 - RAM3Page13PowerDownInStopMode not found: check if there is a RefParameter without a condition.
2025-02-28 11:55:24,377 [WARN] IP:2120 - RAM5Page1PowerDownInStopMode not found: check if there is a RefParameter without a condition.
2025-02-28 11:55:24,377 [WARN] IP:2120 - RAM5Page2PowerDownInStopMode not found: check if there is a RefParameter without a condition.
2025-02-28 11:55:24,377 [WARN] IP:2120 - RAM5Page3PowerDownInStopMode not found: check if there is a RefParameter without a condition.
2025-02-28 11:55:24,377 [WARN] IP:2120 - RAM5Page4PowerDownInStopMode not found: check if there is a RefParameter without a condition.
2025-02-28 11:55:24,377 [WARN] IP:2120 - RAM5Page5PowerDownInStopMode not found: check if there is a RefParameter without a condition.
2025-02-28 11:55:24,377 [WARN] IP:2120 - RAM5Page6PowerDownInStopMode not found: check if there is a RefParameter without a condition.
2025-02-28 11:55:24,377 [WARN] IP:2120 - RAM5Page7PowerDownInStopMode not found: check if there is a RefParameter without a condition.
2025-02-28 11:55:24,377 [WARN] IP:2120 - RAM5Page8PowerDownInStopMode not found: check if there is a RefParameter without a condition.
2025-02-28 11:55:24,377 [WARN] IP:2120 - RAM5Page9PowerDownInStopMode not found: check if there is a RefParameter without a condition.
2025-02-28 11:55:24,377 [WARN] IP:2120 - RAM5Page10PowerDownInStopMode not found: check if there is a RefParameter without a condition.
2025-02-28 11:55:24,377 [WARN] IP:2120 - RAM5Page11PowerDownInStopMode not found: check if there is a RefParameter without a condition.
2025-02-28 11:55:24,377 [WARN] IP:2120 - RAM5Page12PowerDownInStopMode not found: check if there is a RefParameter without a condition.
2025-02-28 11:55:24,377 [WARN] IP:2120 - RAM5Page13PowerDownInStopMode not found: check if there is a RefParameter without a condition.
2025-02-28 11:55:24,377 [WARN] IP:2120 - Dcache2PowerDownInStopMode not found: check if there is a RefParameter without a condition.
2025-02-28 11:55:24,377 [WARN] IP:2120 - GRAPHICPRAMPowerDownInStopMode not found: check if there is a RefParameter without a condition.
2025-02-28 11:55:24,377 [WARN] IP:2120 - DSIRAMPowerDownInStopMode not found: check if there is a RefParameter without a condition.
2025-02-28 11:55:24,437 [WARN] IP:2120 - rccPrivilegeSecure not found: check if there is a RefParameter without a condition.
2025-02-28 11:55:24,437 [WARN] IP:2120 - rccSecurity not found: check if there is a RefParameter without a condition.
2025-02-28 11:55:24,556 [INFO] CodeEngine:255 - oldGeneratedFile, C:\workshop_bootloader\BootApp1App2\BootloaderApp\MXTmpFiles\license.tmp_save
2025-02-28 11:55:24,670 [INFO] CodeEngine:279 - Generated code: C:\workshop_bootloader\BootApp1App2\BootloaderApp\MXTmpFiles\license.tmp
2025-02-28 11:55:24,751 [INFO] CodeEngine:255 - oldGeneratedFile, C:\workshop_bootloader\BootApp1App2\BootloaderApp\MXTmpFiles\gpio.tmp_save
2025-02-28 11:55:24,864 [INFO] CodeEngine:279 - Generated code: C:\workshop_bootloader\BootApp1App2\BootloaderApp\MXTmpFiles\gpio.tmp
2025-02-28 11:55:25,027 [WARN] IPConfigManager:98 - WARNING: Missing Config File for DEBUG ip!!
2025-02-28 11:55:25,285 [WARN] IPConfigManager:98 - WARNING: Missing Config File for MEMORYMAP ip!!
2025-02-28 11:55:25,285 [WARN] IP:2120 - DefaultDataRegion not found: check if there is a RefParameter without a condition.
2025-02-28 11:55:25,691 [WARN] IPConfigManager:4238 - WARNING: Missing Config File for LINKEDLIST ip!!
2025-02-28 11:55:25,900 [WARN] IPConfigManager:2982 - Warning: the RefConfig PWREx_EnableUSBVoltageDetector is not available in your config.xml file
2025-02-28 11:55:25,938 [INFO] CodeEngine:255 - oldGeneratedFile, C:\workshop_bootloader\BootApp1App2\BootloaderApp\MXTmpFiles\cortex.tmp_save
2025-02-28 11:55:26,056 [INFO] CodeEngine:279 - Generated code: C:\workshop_bootloader\BootApp1App2\BootloaderApp\MXTmpFiles\cortex.tmp
2025-02-28 11:55:26,121 [INFO] CodeEngine:255 - oldGeneratedFile, C:\workshop_bootloader\BootApp1App2\BootloaderApp\Core\Src\stm32u5xx_it.c_save
2025-02-28 11:55:26,294 [INFO] CodeEngine:279 - Generated code: C:\workshop_bootloader\BootApp1App2\BootloaderApp\Core\Src\stm32u5xx_it.c
2025-02-28 11:55:26,305 [INFO] CodeEngine:255 - oldGeneratedFile, C:\workshop_bootloader\BootApp1App2\BootloaderApp\Core\Inc\stm32u5xx_it.h_save
2025-02-28 11:55:26,413 [INFO] CodeEngine:279 - Generated code: C:\workshop_bootloader\BootApp1App2\BootloaderApp\Core\Inc\stm32u5xx_it.h
2025-02-28 11:55:26,536 [INFO] CodeEngine:255 - oldGeneratedFile, C:\workshop_bootloader\BootApp1App2\BootloaderApp\Core\Src\stm32u5xx_hal_msp.c_save
2025-02-28 11:55:26,740 [INFO] CodeEngine:279 - Generated code: C:\workshop_bootloader\BootApp1App2\BootloaderApp\Core\Src\stm32u5xx_hal_msp.c
2025-02-28 11:55:26,760 [INFO] CodeEngine:255 - oldGeneratedFile, C:\workshop_bootloader\BootApp1App2\BootloaderApp\MXTmpFiles\system.tmp_save
2025-02-28 11:55:26,844 [INFO] CodeEngine:279 - Generated code: C:\workshop_bootloader\BootApp1App2\BootloaderApp\MXTmpFiles\system.tmp
2025-02-28 11:55:26,852 [INFO] CodeEngine:255 - oldGeneratedFile, C:\workshop_bootloader\BootApp1App2\BootloaderApp\Core\Inc\stm32_assert.h_save
2025-02-28 11:55:26,937 [INFO] CodeEngine:279 - Generated code: C:\workshop_bootloader\BootApp1App2\BootloaderApp\Core\Inc\stm32_assert.h
2025-02-28 11:55:26,968 [INFO] CodeEngine:311 - oldGeneratedFile, C:\workshop_bootloader\BootApp1App2\BootloaderApp\Core\Inc\stm32u5xx_hal_conf.h_save
2025-02-28 11:55:27,109 [INFO] CodeEngine:335 - Generated code: C:\workshop_bootloader\BootApp1App2\BootloaderApp\Core\Inc\stm32u5xx_hal_conf.h
2025-02-28 11:55:27,166 [WARN] IPConfigManager:3513 - IP not found : USB_OTG
2025-02-28 11:55:27,167 [WARN] CodeGenerator:3951 - IP not found : null
2025-02-28 11:55:27,197 [INFO] CodeEngine:255 - oldGeneratedFile, C:\workshop_bootloader\BootApp1App2\BootloaderApp\Core\Inc\main.h_save
2025-02-28 11:55:27,313 [INFO] CodeEngine:279 - Generated code: C:\workshop_bootloader\BootApp1App2\BootloaderApp\Core\Inc\main.h
2025-02-28 11:55:27,343 [INFO] CodeEngine:255 - oldGeneratedFile, C:\workshop_bootloader\BootApp1App2\BootloaderApp\Core\Src\main.c_save
2025-02-28 11:55:27,556 [INFO] CodeEngine:279 - Generated code: C:\workshop_bootloader\BootApp1App2\BootloaderApp\Core\Src\main.c
2025-02-28 11:55:28,184 [INFO] ProjectBuilder:3163 - Time for Copy HAL[1] : 373mS.
2025-02-28 11:55:28,191 [INFO] ProjectBuilder:4736 - Project Generator version: 4.3.0-B58
2025-02-28 11:55:28,282 [INFO] ConfigFileManager:1503 - The Die is : DIE482
2025-02-28 11:55:29,599 [INFO] ProjectBuilder:5002 - Time for Generating toolchain IDE Files: 1408mS.
2025-02-28 11:55:29,600 [INFO] ProjectBuilder:3034 - Time for Copy CMSIS : 1mS.
2025-02-28 11:55:29,606 [INFO] ProjectBuilder:3034 - Time for Copy CMSIS : 0mS.
2025-02-28 11:57:14,871 [INFO] UtilMem:75 - End SaveConfig() Used Memory: 778612176 Bytes (1073741824)
2025-02-28 11:57:16,328 [INFO] UtilMem:75 - End SaveConfig() Used Memory: 466980208 Bytes (1073741824)
2025-02-28 11:57:18,925 [INFO] UtilMem:75 - End SaveConfig() Used Memory: 593857904 Bytes (1073741824)
2025-02-28 11:57:19,443 [INFO] BlockDiagram:2759 - set Specific Code input for plugin: PWR
2025-02-28 11:57:19,443 [INFO] BlockDiagram:2759 - set Specific Code input for plugin: RCC
2025-02-28 11:57:19,443 [INFO] BlockDiagram:2759 - set Specific Code input for plugin: I2C
2025-02-28 11:57:19,444 [INFO] BlockDiagram:2759 - set Specific Code input for plugin: USART
2025-02-28 11:57:19,444 [INFO] BlockDiagram:2759 - set Specific Code input for plugin: MEMORYMAP
2025-02-28 11:57:19,444 [INFO] BlockDiagram:2759 - set Specific Code input for plugin: UCPD
2025-02-28 11:57:19,444 [INFO] BlockDiagram:2759 - set Specific Code input for plugin: SYS
2025-02-28 11:57:19,444 [INFO] BlockDiagram:2759 - set Specific Code input for plugin: ADC
2025-02-28 11:57:19,444 [INFO] BlockDiagram:2759 - set Specific Code input for plugin: LPBAM
2025-02-28 11:57:19,444 [INFO] BlockDiagram:2759 - set Specific Code input for plugin: USB_OTG_FS
2025-02-28 11:57:19,445 [INFO] BlockDiagram:2759 - set Specific Code input for plugin: NVIC
2025-02-28 11:57:19,445 [INFO] BlockDiagram:2759 - set Specific Code input for plugin: ICACHE
2025-02-28 11:57:19,445 [INFO] BlockDiagram:2759 - set Specific Code input for plugin: DEBUG
2025-02-28 11:57:19,446 [INFO] BlockDiagram:2759 - set Specific Code input for plugin: GPIO
2025-02-28 11:57:19,446 [INFO] BlockDiagram:2759 - set Specific Code input for plugin: LPBAMQUEUE
2025-02-28 11:57:19,448 [INFO] CodeGenerator:807 - code generatio: config db path: C:\ST\STM32CubeIDE_1.15.1\STM32CubeIDE\plugins\com.st.stm32cube.common.mx_6.11.1.202404110753\\db\
2025-02-28 11:57:19,478 [WARN] IP:2120 - SRAM5PowerDownInRunMode not found: check if there is a RefParameter without a condition.
2025-02-28 11:57:19,478 [WARN] IP:2120 - SRAM6PowerDownInRunMode not found: check if there is a RefParameter without a condition.
2025-02-28 11:57:19,478 [WARN] IP:2120 - RAM1Page4PowerDownInStopMode not found: check if there is a RefParameter without a condition.
2025-02-28 11:57:19,478 [WARN] IP:2120 - RAM1Page5PowerDownInStopMode not found: check if there is a RefParameter without a condition.
2025-02-28 11:57:19,478 [WARN] IP:2120 - RAM1Page6PowerDownInStopMode not found: check if there is a RefParameter without a condition.
2025-02-28 11:57:19,478 [WARN] IP:2120 - RAM1Page7PowerDownInStopMode not found: check if there is a RefParameter without a condition.
2025-02-28 11:57:19,478 [WARN] IP:2120 - RAM1Page8PowerDownInStopMode not found: check if there is a RefParameter without a condition.
2025-02-28 11:57:19,478 [WARN] IP:2120 - RAM1Page9PowerDownInStopMode not found: check if there is a RefParameter without a condition.
2025-02-28 11:57:19,478 [WARN] IP:2120 - RAM1Page10PowerDownInStopMode not found: check if there is a RefParameter without a condition.
2025-02-28 11:57:19,479 [WARN] IP:2120 - RAM1Page11PowerDownInStopMode not found: check if there is a RefParameter without a condition.
2025-02-28 11:57:19,479 [WARN] IP:2120 - RAM1Page12PowerDownInStopMode not found: check if there is a RefParameter without a condition.
2025-02-28 11:57:19,479 [WARN] IP:2120 - RAM3Page9PowerDownInStopMode not found: check if there is a RefParameter without a condition.
2025-02-28 11:57:19,479 [WARN] IP:2120 - RAM3Page10PowerDownInStopMode not found: check if there is a RefParameter without a condition.
2025-02-28 11:57:19,479 [WARN] IP:2120 - RAM3Page11PowerDownInStopMode not found: check if there is a RefParameter without a condition.
2025-02-28 11:57:19,479 [WARN] IP:2120 - RAM3Page12PowerDownInStopMode not found: check if there is a RefParameter without a condition.
2025-02-28 11:57:19,479 [WARN] IP:2120 - RAM3Page13PowerDownInStopMode not found: check if there is a RefParameter without a condition.
2025-02-28 11:57:19,479 [WARN] IP:2120 - RAM5Page1PowerDownInStopMode not found: check if there is a RefParameter without a condition.
2025-02-28 11:57:19,479 [WARN] IP:2120 - RAM5Page2PowerDownInStopMode not found: check if there is a RefParameter without a condition.
2025-02-28 11:57:19,479 [WARN] IP:2120 - RAM5Page3PowerDownInStopMode not found: check if there is a RefParameter without a condition.
2025-02-28 11:57:19,479 [WARN] IP:2120 - RAM5Page4PowerDownInStopMode not found: check if there is a RefParameter without a condition.
2025-02-28 11:57:19,479 [WARN] IP:2120 - RAM5Page5PowerDownInStopMode not found: check if there is a RefParameter without a condition.
2025-02-28 11:57:19,479 [WARN] IP:2120 - RAM5Page6PowerDownInStopMode not found: check if there is a RefParameter without a condition.
2025-02-28 11:57:19,479 [WARN] IP:2120 - RAM5Page7PowerDownInStopMode not found: check if there is a RefParameter without a condition.
2025-02-28 11:57:19,479 [WARN] IP:2120 - RAM5Page8PowerDownInStopMode not found: check if there is a RefParameter without a condition.
2025-02-28 11:57:19,479 [WARN] IP:2120 - RAM5Page9PowerDownInStopMode not found: check if there is a RefParameter without a condition.
2025-02-28 11:57:19,480 [WARN] IP:2120 - RAM5Page10PowerDownInStopMode not found: check if there is a RefParameter without a condition.
2025-02-28 11:57:19,480 [WARN] IP:2120 - RAM5Page11PowerDownInStopMode not found: check if there is a RefParameter without a condition.
2025-02-28 11:57:19,480 [WARN] IP:2120 - RAM5Page12PowerDownInStopMode not found: check if there is a RefParameter without a condition.
2025-02-28 11:57:19,480 [WARN] IP:2120 - RAM5Page13PowerDownInStopMode not found: check if there is a RefParameter without a condition.
2025-02-28 11:57:19,480 [WARN] IP:2120 - Dcache2PowerDownInStopMode not found: check if there is a RefParameter without a condition.
2025-02-28 11:57:19,480 [WARN] IP:2120 - GRAPHICPRAMPowerDownInStopMode not found: check if there is a RefParameter without a condition.
2025-02-28 11:57:19,480 [WARN] IP:2120 - DSIRAMPowerDownInStopMode not found: check if there is a RefParameter without a condition.
2025-02-28 11:57:19,543 [WARN] IP:2120 - rccPrivilegeSecure not found: check if there is a RefParameter without a condition.
2025-02-28 11:57:19,543 [WARN] IP:2120 - rccSecurity not found: check if there is a RefParameter without a condition.
2025-02-28 11:57:19,660 [INFO] CodeEngine:255 - oldGeneratedFile, C:\workshop_bootloader\BootApp1App2\BootloaderApp\MXTmpFiles\license.tmp_save
2025-02-28 11:57:19,774 [INFO] CodeEngine:279 - Generated code: C:\workshop_bootloader\BootApp1App2\BootloaderApp\MXTmpFiles\license.tmp
2025-02-28 11:57:19,872 [INFO] CodeEngine:255 - oldGeneratedFile, C:\workshop_bootloader\BootApp1App2\BootloaderApp\Core\Src\gpio.c_save
2025-02-28 11:57:20,016 [INFO] CodeEngine:279 - Generated code: C:\workshop_bootloader\BootApp1App2\BootloaderApp\Core\Src\gpio.c
2025-02-28 11:57:20,033 [INFO] CodeEngine:255 - oldGeneratedFile, C:\workshop_bootloader\BootApp1App2\BootloaderApp\Core\Inc\gpio.h_save
2025-02-28 11:57:20,156 [INFO] CodeEngine:279 - Generated code: C:\workshop_bootloader\BootApp1App2\BootloaderApp\Core\Inc\gpio.h
2025-02-28 11:57:20,354 [WARN] IPConfigManager:98 - WARNING: Missing Config File for DEBUG ip!!
2025-02-28 11:57:20,603 [WARN] IPConfigManager:98 - WARNING: Missing Config File for MEMORYMAP ip!!
2025-02-28 11:57:20,603 [WARN] IP:2120 - DefaultDataRegion not found: check if there is a RefParameter without a condition.
2025-02-28 11:57:20,957 [WARN] IPConfigManager:4238 - WARNING: Missing Config File for LINKEDLIST ip!!
2025-02-28 11:57:21,154 [WARN] IPConfigManager:2982 - Warning: the RefConfig PWREx_EnableUSBVoltageDetector is not available in your config.xml file
2025-02-28 11:57:21,222 [INFO] CodeEngine:255 - oldGeneratedFile, C:\workshop_bootloader\BootApp1App2\BootloaderApp\Core\Src\adc.c_save
2025-02-28 11:57:21,409 [INFO] CodeEngine:279 - Generated code: C:\workshop_bootloader\BootApp1App2\BootloaderApp\Core\Src\adc.c
2025-02-28 11:57:21,433 [INFO] CodeEngine:255 - oldGeneratedFile, C:\workshop_bootloader\BootApp1App2\BootloaderApp\Core\Inc\adc.h_save
2025-02-28 11:57:21,585 [INFO] CodeEngine:279 - Generated code: C:\workshop_bootloader\BootApp1App2\BootloaderApp\Core\Inc\adc.h
2025-02-28 11:57:21,602 [INFO] CodeEngine:255 - oldGeneratedFile, C:\workshop_bootloader\BootApp1App2\BootloaderApp\MXTmpFiles\cortex.tmp_save
2025-02-28 11:57:21,719 [INFO] CodeEngine:279 - Generated code: C:\workshop_bootloader\BootApp1App2\BootloaderApp\MXTmpFiles\cortex.tmp
2025-02-28 11:57:21,736 [INFO] CodeEngine:255 - oldGeneratedFile, C:\workshop_bootloader\BootApp1App2\BootloaderApp\Core\Src\i2c.c_save
2025-02-28 11:57:21,939 [INFO] CodeEngine:279 - Generated code: C:\workshop_bootloader\BootApp1App2\BootloaderApp\Core\Src\i2c.c
2025-02-28 11:57:21,946 [INFO] CodeEngine:255 - oldGeneratedFile, C:\workshop_bootloader\BootApp1App2\BootloaderApp\Core\Inc\i2c.h_save
2025-02-28 11:57:22,070 [INFO] CodeEngine:279 - Generated code: C:\workshop_bootloader\BootApp1App2\BootloaderApp\Core\Inc\i2c.h
2025-02-28 11:57:22,088 [INFO] CodeEngine:255 - oldGeneratedFile, C:\workshop_bootloader\BootApp1App2\BootloaderApp\Core\Src\icache.c_save
2025-02-28 11:57:22,269 [INFO] CodeEngine:279 - Generated code: C:\workshop_bootloader\BootApp1App2\BootloaderApp\Core\Src\icache.c
2025-02-28 11:57:22,275 [INFO] CodeEngine:255 - oldGeneratedFile, C:\workshop_bootloader\BootApp1App2\BootloaderApp\Core\Inc\icache.h_save
2025-02-28 11:57:22,392 [INFO] CodeEngine:279 - Generated code: C:\workshop_bootloader\BootApp1App2\BootloaderApp\Core\Inc\icache.h
2025-02-28 11:57:22,408 [INFO] CodeEngine:255 - oldGeneratedFile, C:\workshop_bootloader\BootApp1App2\BootloaderApp\Core\Src\memorymap.c_save
2025-02-28 11:57:22,558 [INFO] CodeEngine:279 - Generated code: C:\workshop_bootloader\BootApp1App2\BootloaderApp\Core\Src\memorymap.c
2025-02-28 11:57:22,564 [INFO] CodeEngine:255 - oldGeneratedFile, C:\workshop_bootloader\BootApp1App2\BootloaderApp\Core\Inc\memorymap.h_save
2025-02-28 11:57:22,693 [INFO] CodeEngine:279 - Generated code: C:\workshop_bootloader\BootApp1App2\BootloaderApp\Core\Inc\memorymap.h
2025-02-28 11:57:22,710 [INFO] CodeEngine:255 - oldGeneratedFile, C:\workshop_bootloader\BootApp1App2\BootloaderApp\Core\Src\ucpd.c_save
2025-02-28 11:57:22,873 [INFO] CodeEngine:279 - Generated code: C:\workshop_bootloader\BootApp1App2\BootloaderApp\Core\Src\ucpd.c
2025-02-28 11:57:22,880 [INFO] CodeEngine:255 - oldGeneratedFile, C:\workshop_bootloader\BootApp1App2\BootloaderApp\Core\Inc\ucpd.h_save
2025-02-28 11:57:22,993 [INFO] CodeEngine:279 - Generated code: C:\workshop_bootloader\BootApp1App2\BootloaderApp\Core\Inc\ucpd.h
2025-02-28 11:57:23,008 [INFO] CodeEngine:255 - oldGeneratedFile, C:\workshop_bootloader\BootApp1App2\BootloaderApp\Core\Src\usart.c_save
2025-02-28 11:57:23,163 [INFO] CodeEngine:279 - Generated code: C:\workshop_bootloader\BootApp1App2\BootloaderApp\Core\Src\usart.c
2025-02-28 11:57:23,170 [INFO] CodeEngine:255 - oldGeneratedFile, C:\workshop_bootloader\BootApp1App2\BootloaderApp\Core\Inc\usart.h_save
2025-02-28 11:57:23,287 [INFO] CodeEngine:279 - Generated code: C:\workshop_bootloader\BootApp1App2\BootloaderApp\Core\Inc\usart.h
2025-02-28 11:57:23,302 [INFO] CodeEngine:255 - oldGeneratedFile, C:\workshop_bootloader\BootApp1App2\BootloaderApp\Core\Src\usb_otg.c_save
2025-02-28 11:57:23,463 [INFO] CodeEngine:279 - Generated code: C:\workshop_bootloader\BootApp1App2\BootloaderApp\Core\Src\usb_otg.c
2025-02-28 11:57:23,469 [INFO] CodeEngine:255 - oldGeneratedFile, C:\workshop_bootloader\BootApp1App2\BootloaderApp\Core\Inc\usb_otg.h_save
2025-02-28 11:57:23,596 [INFO] CodeEngine:279 - Generated code: C:\workshop_bootloader\BootApp1App2\BootloaderApp\Core\Inc\usb_otg.h
2025-02-28 11:57:23,655 [INFO] CodeEngine:255 - oldGeneratedFile, C:\workshop_bootloader\BootApp1App2\BootloaderApp\Core\Src\stm32u5xx_it.c_save
2025-02-28 11:57:23,754 [INFO] CodeEngine:279 - Generated code: C:\workshop_bootloader\BootApp1App2\BootloaderApp\Core\Src\stm32u5xx_it.c
2025-02-28 11:57:23,762 [INFO] CodeEngine:255 - oldGeneratedFile, C:\workshop_bootloader\BootApp1App2\BootloaderApp\Core\Inc\stm32u5xx_it.h_save
2025-02-28 11:57:23,845 [INFO] CodeEngine:279 - Generated code: C:\workshop_bootloader\BootApp1App2\BootloaderApp\Core\Inc\stm32u5xx_it.h
2025-02-28 11:57:23,972 [INFO] CodeEngine:255 - oldGeneratedFile, C:\workshop_bootloader\BootApp1App2\BootloaderApp\Core\Src\stm32u5xx_hal_msp.c_save
2025-02-28 11:57:24,131 [INFO] CodeEngine:279 - Generated code: C:\workshop_bootloader\BootApp1App2\BootloaderApp\Core\Src\stm32u5xx_hal_msp.c
2025-02-28 11:57:24,139 [INFO] CodeEngine:255 - oldGeneratedFile, C:\workshop_bootloader\BootApp1App2\BootloaderApp\MXTmpFiles\system.tmp_save
2025-02-28 11:57:24,222 [INFO] CodeEngine:279 - Generated code: C:\workshop_bootloader\BootApp1App2\BootloaderApp\MXTmpFiles\system.tmp
2025-02-28 11:57:24,231 [INFO] CodeEngine:255 - oldGeneratedFile, C:\workshop_bootloader\BootApp1App2\BootloaderApp\Core\Inc\stm32_assert.h_save
2025-02-28 11:57:24,318 [INFO] CodeEngine:279 - Generated code: C:\workshop_bootloader\BootApp1App2\BootloaderApp\Core\Inc\stm32_assert.h
2025-02-28 11:57:24,354 [INFO] CodeEngine:311 - oldGeneratedFile, C:\workshop_bootloader\BootApp1App2\BootloaderApp\Core\Inc\stm32u5xx_hal_conf.h_save
2025-02-28 11:57:24,486 [INFO] CodeEngine:335 - Generated code: C:\workshop_bootloader\BootApp1App2\BootloaderApp\Core\Inc\stm32u5xx_hal_conf.h
2025-02-28 11:57:24,565 [INFO] CodeEngine:255 - oldGeneratedFile, C:\workshop_bootloader\BootApp1App2\BootloaderApp\Core\Inc\main.h_save
2025-02-28 11:57:24,703 [INFO] CodeEngine:279 - Generated code: C:\workshop_bootloader\BootApp1App2\BootloaderApp\Core\Inc\main.h
2025-02-28 11:57:24,726 [INFO] CodeEngine:255 - oldGeneratedFile, C:\workshop_bootloader\BootApp1App2\BootloaderApp\Core\Src\main.c_save
2025-02-28 11:57:24,895 [INFO] CodeEngine:279 - Generated code: C:\workshop_bootloader\BootApp1App2\BootloaderApp\Core\Src\main.c
2025-02-28 11:57:25,485 [INFO] ProjectBuilder:3163 - Time for Copy HAL[1] : 383mS.
2025-02-28 11:57:25,492 [INFO] ProjectBuilder:4736 - Project Generator version: 4.3.0-B58
2025-02-28 11:57:25,625 [INFO] ConfigFileManager:1503 - The Die is : DIE482
2025-02-28 11:57:26,838 [INFO] ProjectBuilder:5002 - Time for Generating toolchain IDE Files: 1346mS.
2025-02-28 11:57:26,839 [INFO] ProjectBuilder:3034 - Time for Copy CMSIS : 0mS.
2025-02-28 11:57:26,847 [INFO] ProjectBuilder:3034 - Time for Copy CMSIS : 0mS.
2025-02-28 12:00:13,157 [INFO] UserAuth:415 - Internet connection configuration mode: 2
2025-02-28 12:00:13,201 [INFO] JxBrowserEngine:152 - Initiate JxBrowser Engine with user profile folder
2025-02-28 12:00:22,439 [INFO] WebApp:161 - Instantiating new browser for Auth
2025-02-28 12:00:23,571 [INFO] WebApp:779 - Register for checkConnection events
2025-02-28 12:00:23,571 [INFO] WebApp:414 - Apply proxy settings
2025-02-28 12:00:23,571 [INFO] WebApp:499 - Chromium requires no authentication
2025-02-28 12:00:23,581 [INFO] WebApp:442 - Direct internet connection detected
2025-02-28 12:00:23,810 [INFO] WebApp:192 - Starting web application
2025-02-28 12:00:23,811 [INFO] WebApp:544 - Web application path used C:\ST\STM32CubeIDE_1.15.1\STM32CubeIDE\plugins\com.st.stm32cube.common.mx_6.11.1.202404110753\db\plugins\mcufinder\reactClient1\index.html
2025-02-28 12:00:24,145 [INFO] UserAuth:415 - Internet connection configuration mode: 2
2025-02-28 12:00:24,149 [INFO] UserAuth:415 - Internet connection configuration mode: 2
2025-02-28 12:00:24,153 [INFO] UserAuth:415 - Internet connection configuration mode: 2
2025-02-28 12:00:24,156 [INFO] UserAuth:415 - Internet connection configuration mode: 2
2025-02-28 12:00:24,159 [INFO] UserAuth:415 - Internet connection configuration mode: 2
2025-02-28 12:00:24,162 [INFO] UserAuth:415 - Internet connection configuration mode: 2
2025-02-28 12:00:24,166 [INFO] UserAuth:415 - Internet connection configuration mode: 2
2025-02-28 12:00:24,170 [INFO] UserAuth:415 - Internet connection configuration mode: 2
2025-02-28 12:00:24,173 [INFO] UserAuth:415 - Internet connection configuration mode: 2
2025-02-28 12:00:24,178 [INFO] UserAuth:415 - Internet connection configuration mode: 2
2025-02-28 12:00:24,182 [INFO] UserAuth:415 - Internet connection configuration mode: 2
2025-02-28 12:00:24,186 [INFO] UserAuth:415 - Internet connection configuration mode: 2
2025-02-28 12:00:24,190 [INFO] UserAuth:415 - Internet connection configuration mode: 2
2025-02-28 12:00:24,193 [INFO] UserAuth:415 - Internet connection configuration mode: 2
2025-02-28 12:00:24,197 [INFO] UserAuth:415 - Internet connection configuration mode: 2
2025-02-28 12:00:24,201 [INFO] UserAuth:415 - Internet connection configuration mode: 2
2025-02-28 12:00:24,429 [INFO] UserAuth:415 - Internet connection configuration mode: 2
2025-02-28 12:00:24,446 [INFO] UserAuth:415 - Internet connection configuration mode: 2
2025-02-28 12:00:24,474 [INFO] UserAuth:415 - Internet connection configuration mode: 2
2025-02-28 12:00:24,485 [INFO] UserAuth:415 - Internet connection configuration mode: 2
2025-02-28 12:00:24,495 [INFO] UserAuth:415 - Internet connection configuration mode: 2
2025-02-28 12:00:24,502 [INFO] UserAuth:415 - Internet connection configuration mode: 2
2025-02-28 12:00:24,515 [INFO] UserAuth:415 - Internet connection configuration mode: 2
2025-02-28 12:00:24,521 [INFO] UserAuth:415 - Internet connection configuration mode: 2
2025-02-28 12:00:24,531 [INFO] UserAuth:415 - Internet connection configuration mode: 2
2025-02-28 12:00:24,543 [INFO] UserAuth:415 - Internet connection configuration mode: 2
2025-02-28 12:00:25,936 [INFO] UserAuth:415 - Internet connection configuration mode: 2
2025-02-28 12:00:25,951 [INFO] UserAuth:415 - Internet connection configuration mode: 2
2025-02-28 12:00:25,978 [INFO] UserAuth:415 - Internet connection configuration mode: 2
2025-02-28 12:00:25,987 [INFO] UserAuth:415 - Internet connection configuration mode: 2
2025-02-28 12:00:25,996 [INFO] UserAuth:415 - Internet connection configuration mode: 2
2025-02-28 12:00:26,002 [INFO] UserAuth:415 - Internet connection configuration mode: 2
2025-02-28 12:00:26,016 [INFO] UserAuth:415 - Internet connection configuration mode: 2
2025-02-28 12:00:26,023 [INFO] UserAuth:415 - Internet connection configuration mode: 2
2025-02-28 12:00:26,030 [INFO] UserAuth:415 - Internet connection configuration mode: 2
2025-02-28 12:00:26,041 [INFO] UserAuth:415 - Internet connection configuration mode: 2
2025-02-28 12:00:26,092 [INFO] UserAuth:415 - Internet connection configuration mode: 2
2025-02-28 12:00:26,108 [INFO] UserAuth:415 - Internet connection configuration mode: 2
2025-02-28 12:00:26,130 [INFO] UserAuth:415 - Internet connection configuration mode: 2
2025-02-28 12:00:26,140 [INFO] UserAuth:415 - Internet connection configuration mode: 2
2025-02-28 12:00:26,146 [INFO] UserAuth:415 - Internet connection configuration mode: 2
2025-02-28 12:00:26,152 [INFO] UserAuth:415 - Internet connection configuration mode: 2
2025-02-28 12:00:26,165 [INFO] UserAuth:415 - Internet connection configuration mode: 2
2025-02-28 12:00:26,172 [INFO] UserAuth:415 - Internet connection configuration mode: 2
2025-02-28 12:00:26,178 [INFO] UserAuth:415 - Internet connection configuration mode: 2
2025-02-28 12:00:26,188 [INFO] UserAuth:415 - Internet connection configuration mode: 2
2025-02-28 12:00:26,577 [INFO] UserAuth:415 - Internet connection configuration mode: 2
2025-02-28 12:00:26,596 [INFO] UserAuth:415 - Internet connection configuration mode: 2
2025-02-28 12:00:26,637 [INFO] UserAuth:415 - Internet connection configuration mode: 2
2025-02-28 12:00:26,650 [INFO] UserAuth:415 - Internet connection configuration mode: 2
2025-02-28 12:00:26,661 [INFO] UserAuth:415 - Internet connection configuration mode: 2
2025-02-28 12:00:26,673 [INFO] UserAuth:415 - Internet connection configuration mode: 2
2025-02-28 12:00:26,691 [INFO] UserAuth:415 - Internet connection configuration mode: 2
2025-02-28 12:00:26,701 [INFO] UserAuth:415 - Internet connection configuration mode: 2
2025-02-28 12:00:26,709 [INFO] UserAuth:415 - Internet connection configuration mode: 2
2025-02-28 12:00:26,722 [INFO] UserAuth:415 - Internet connection configuration mode: 2
2025-02-28 12:00:26,770 [INFO] UserAuth:415 - Internet connection configuration mode: 2
2025-02-28 12:00:26,859 [INFO] UserAuth:415 - Internet connection configuration mode: 2
2025-02-28 12:00:26,894 [INFO] UserAuth:415 - Internet connection configuration mode: 2
2025-02-28 12:00:26,904 [INFO] UserAuth:415 - Internet connection configuration mode: 2
2025-02-28 12:00:27,097 [INFO] UserAuth:415 - Internet connection configuration mode: 2
2025-02-28 12:00:27,118 [INFO] UserAuth:415 - Internet connection configuration mode: 2
2025-02-28 12:00:27,142 [INFO] UserAuth:415 - Internet connection configuration mode: 2
2025-02-28 12:00:27,153 [INFO] UserAuth:415 - Internet connection configuration mode: 2
2025-02-28 12:00:27,160 [INFO] UserAuth:415 - Internet connection configuration mode: 2
2025-02-28 12:00:27,167 [INFO] UserAuth:415 - Internet connection configuration mode: 2
2025-02-28 12:00:27,184 [INFO] UserAuth:415 - Internet connection configuration mode: 2
2025-02-28 12:00:27,190 [INFO] UserAuth:415 - Internet connection configuration mode: 2
2025-02-28 12:00:27,195 [INFO] UserAuth:415 - Internet connection configuration mode: 2
2025-02-28 12:00:27,207 [INFO] UserAuth:415 - Internet connection configuration mode: 2
2025-02-28 12:00:27,266 [INFO] UserAuth:415 - Internet connection configuration mode: 2
2025-02-28 12:00:27,285 [INFO] UserAuth:415 - Internet connection configuration mode: 2
2025-02-28 12:00:27,312 [INFO] UserAuth:415 - Internet connection configuration mode: 2
2025-02-28 12:00:27,323 [INFO] UserAuth:415 - Internet connection configuration mode: 2
2025-02-28 12:00:27,330 [INFO] UserAuth:415 - Internet connection configuration mode: 2
2025-02-28 12:00:27,336 [INFO] UserAuth:415 - Internet connection configuration mode: 2
2025-02-28 12:00:27,353 [INFO] UserAuth:415 - Internet connection configuration mode: 2
2025-02-28 12:00:27,364 [INFO] UserAuth:415 - Internet connection configuration mode: 2
2025-02-28 12:00:27,373 [INFO] UserAuth:415 - Internet connection configuration mode: 2
2025-02-28 12:00:27,385 [INFO] UserAuth:415 - Internet connection configuration mode: 2
2025-02-28 12:00:27,411 [INFO] UserAuth:415 - Internet connection configuration mode: 2
2025-02-28 12:00:27,544 [INFO] UserAuth:415 - Internet connection configuration mode: 2
2025-02-28 12:00:27,552 [INFO] UserAuth:415 - Internet connection configuration mode: 2
2025-02-28 12:00:27,565 [INFO] UserAuth:415 - Internet connection configuration mode: 2
2025-02-28 12:00:27,571 [INFO] UserAuth:415 - Internet connection configuration mode: 2
2025-02-28 12:00:27,578 [INFO] UserAuth:415 - Internet connection configuration mode: 2
2025-02-28 12:00:27,584 [INFO] UserAuth:415 - Internet connection configuration mode: 2
2025-02-28 12:00:27,592 [INFO] UserAuth:415 - Internet connection configuration mode: 2
2025-02-28 12:00:27,597 [INFO] UserAuth:415 - Internet connection configuration mode: 2
2025-02-28 12:00:27,603 [INFO] UserAuth:415 - Internet connection configuration mode: 2
2025-02-28 12:00:27,609 [INFO] UserAuth:415 - Internet connection configuration mode: 2
2025-02-28 12:00:28,448 [INFO] UserAuth:415 - Internet connection configuration mode: 2
2025-02-28 12:00:28,472 [INFO] UserAuth:415 - Internet connection configuration mode: 2
2025-02-28 12:00:28,714 [INFO] UserAuth:415 - Internet connection configuration mode: 2
2025-02-28 12:00:28,834 [INFO] UserAuth:415 - Internet connection configuration mode: 2
2025-02-28 12:00:28,846 [INFO] UserAuth:415 - Internet connection configuration mode: 2
2025-02-28 12:00:29,082 [INFO] UserAuth:415 - Internet connection configuration mode: 2
2025-02-28 12:00:29,093 [INFO] UserAuth:415 - Internet connection configuration mode: 2
2025-02-28 12:00:29,321 [INFO] UserAuth:415 - Internet connection configuration mode: 2
2025-02-28 12:00:31,119 [INFO] UserAuth:415 - Internet connection configuration mode: 2
2025-02-28 12:00:31,151 [INFO] UserAuth:415 - Internet connection configuration mode: 2
2025-02-28 12:00:31,159 [INFO] UserAuth:415 - Internet connection configuration mode: 2
2025-02-28 12:00:31,197 [INFO] UserAuth:415 - Internet connection configuration mode: 2
2025-02-28 12:00:31,204 [INFO] UserAuth:415 - Internet connection configuration mode: 2
2025-02-28 12:00:31,303 [INFO] UserAuth:415 - Internet connection configuration mode: 2
2025-02-28 12:00:31,310 [INFO] UserAuth:415 - Internet connection configuration mode: 2
2025-02-28 12:00:31,335 [INFO] UserAuth:415 - Internet connection configuration mode: 2
2025-02-28 12:00:31,420 [INFO] UserAuth:415 - Internet connection configuration mode: 2
2025-02-28 12:00:31,468 [INFO] UserAuth:415 - Internet connection configuration mode: 2
2025-02-28 12:00:31,473 [INFO] UserAuth:415 - Internet connection configuration mode: 2
2025-02-28 12:00:31,657 [INFO] UserAuth:415 - Internet connection configuration mode: 2
2025-02-28 12:00:31,672 [INFO] UserAuth:415 - Internet connection configuration mode: 2
2025-02-28 12:00:31,693 [INFO] UserAuth:415 - Internet connection configuration mode: 2
2025-02-28 12:00:31,702 [INFO] UserAuth:415 - Internet connection configuration mode: 2
2025-02-28 12:00:31,710 [INFO] UserAuth:415 - Internet connection configuration mode: 2
2025-02-28 12:00:31,717 [INFO] UserAuth:415 - Internet connection configuration mode: 2
2025-02-28 12:00:31,732 [INFO] UserAuth:415 - Internet connection configuration mode: 2
2025-02-28 12:00:31,739 [INFO] UserAuth:415 - Internet connection configuration mode: 2
2025-02-28 12:00:31,748 [INFO] UserAuth:415 - Internet connection configuration mode: 2
2025-02-28 12:00:31,757 [INFO] UserAuth:415 - Internet connection configuration mode: 2
2025-02-28 12:00:31,864 [INFO] UserAuth:415 - Internet connection configuration mode: 2
2025-02-28 12:00:33,050 [INFO] UserAuth:415 - Internet connection configuration mode: 2
2025-02-28 12:00:35,746 [INFO] UserAuth:415 - Internet connection configuration mode: 2
2025-02-28 12:00:35,816 [INFO] UserAuth:415 - Internet connection configuration mode: 2
2025-02-28 12:00:35,833 [INFO] UserAuth:415 - Internet connection configuration mode: 2
2025-02-28 12:00:35,856 [INFO] UserAuth:415 - Internet connection configuration mode: 2
2025-02-28 12:00:35,864 [INFO] UserAuth:415 - Internet connection configuration mode: 2
2025-02-28 12:00:35,871 [INFO] UserAuth:415 - Internet connection configuration mode: 2
2025-02-28 12:00:35,878 [INFO] UserAuth:415 - Internet connection configuration mode: 2
2025-02-28 12:00:35,889 [INFO] UserAuth:415 - Internet connection configuration mode: 2
2025-02-28 12:00:35,896 [INFO] UserAuth:415 - Internet connection configuration mode: 2
2025-02-28 12:00:35,902 [INFO] UserAuth:415 - Internet connection configuration mode: 2
2025-02-28 12:00:35,910 [INFO] UserAuth:415 - Internet connection configuration mode: 2
2025-02-28 12:00:35,958 [INFO] UserAuth:415 - Internet connection configuration mode: 2
2025-02-28 12:00:35,973 [INFO] UserAuth:415 - Internet connection configuration mode: 2
2025-02-28 12:00:35,995 [INFO] UserAuth:415 - Internet connection configuration mode: 2
2025-02-28 12:00:36,003 [INFO] UserAuth:415 - Internet connection configuration mode: 2
2025-02-28 12:00:36,010 [INFO] UserAuth:415 - Internet connection configuration mode: 2
2025-02-28 12:00:36,017 [INFO] UserAuth:415 - Internet connection configuration mode: 2
2025-02-28 12:00:36,027 [INFO] UserAuth:415 - Internet connection configuration mode: 2
2025-02-28 12:00:36,034 [INFO] UserAuth:415 - Internet connection configuration mode: 2
2025-02-28 12:00:36,041 [INFO] UserAuth:415 - Internet connection configuration mode: 2
2025-02-28 12:00:36,049 [INFO] UserAuth:415 - Internet connection configuration mode: 2
2025-02-28 12:00:36,104 [INFO] UserAuth:415 - Internet connection configuration mode: 2
2025-02-28 12:00:36,186 [INFO] UserAuth:415 - Internet connection configuration mode: 2
2025-02-28 12:00:37,310 [INFO] UserAuth:415 - Internet connection configuration mode: 2
2025-02-28 12:00:37,520 [INFO] UserAuth:415 - Internet connection configuration mode: 2
2025-02-28 12:00:38,458 [INFO] UserAuth:415 - Internet connection configuration mode: 2
2025-02-28 12:00:38,548 [INFO] UserAuth:415 - Internet connection configuration mode: 2
2025-02-28 12:00:38,558 [INFO] UserAuth:415 - Internet connection configuration mode: 2
2025-02-28 12:00:38,997 [INFO] UserAuth:415 - Internet connection configuration mode: 2
2025-02-28 12:00:39,003 [INFO] UserAuth:415 - Internet connection configuration mode: 2
2025-02-28 12:00:39,219 [INFO] UserAuth:415 - Internet connection configuration mode: 2
2025-02-28 12:00:39,227 [INFO] UserAuth:415 - Internet connection configuration mode: 2
2025-02-28 12:00:39,426 [INFO] UserAuth:415 - Internet connection configuration mode: 2
2025-02-28 12:00:40,124 [INFO] UserAuth:415 - Internet connection configuration mode: 2
2025-02-28 12:00:40,132 [INFO] UserAuth:415 - Internet connection configuration mode: 2
2025-02-28 12:00:40,145 [INFO] UserAuth:415 - Internet connection configuration mode: 2
2025-02-28 12:00:40,185 [INFO] UserAuth:415 - Internet connection configuration mode: 2
2025-02-28 12:00:40,200 [INFO] UserAuth:415 - Internet connection configuration mode: 2
2025-02-28 12:00:40,225 [INFO] UserAuth:415 - Internet connection configuration mode: 2
2025-02-28 12:00:40,234 [INFO] UserAuth:415 - Internet connection configuration mode: 2
2025-02-28 12:00:40,270 [INFO] UserAuth:415 - Internet connection configuration mode: 2
2025-02-28 12:00:40,284 [INFO] UserAuth:415 - Internet connection configuration mode: 2
2025-02-28 12:00:40,296 [INFO] UserAuth:415 - Internet connection configuration mode: 2
2025-02-28 12:00:40,302 [INFO] UserAuth:415 - Internet connection configuration mode: 2
2025-02-28 12:00:40,308 [INFO] UserAuth:415 - Internet connection configuration mode: 2
2025-02-28 12:00:40,315 [INFO] UserAuth:415 - Internet connection configuration mode: 2
2025-02-28 12:00:40,329 [INFO] UserAuth:415 - Internet connection configuration mode: 2
2025-02-28 12:00:40,365 [INFO] UserAuth:415 - Internet connection configuration mode: 2
2025-02-28 12:00:40,379 [INFO] UserAuth:415 - Internet connection configuration mode: 2
2025-02-28 12:00:40,402 [INFO] UserAuth:415 - Internet connection configuration mode: 2
2025-02-28 12:00:40,409 [INFO] UserAuth:415 - Internet connection configuration mode: 2
2025-02-28 12:00:40,415 [INFO] UserAuth:415 - Internet connection configuration mode: 2
2025-02-28 12:00:40,422 [INFO] UserAuth:415 - Internet connection configuration mode: 2
2025-02-28 12:00:40,434 [INFO] UserAuth:415 - Internet connection configuration mode: 2
2025-02-28 12:00:40,440 [INFO] UserAuth:415 - Internet connection configuration mode: 2
2025-02-28 12:00:40,446 [INFO] UserAuth:415 - Internet connection configuration mode: 2
2025-02-28 12:00:40,453 [INFO] UserAuth:415 - Internet connection configuration mode: 2
2025-02-28 12:00:41,858 [INFO] UserAuth:415 - Internet connection configuration mode: 2
2025-02-28 12:00:41,894 [INFO] UserAuth:415 - Internet connection configuration mode: 2
2025-02-28 12:00:41,909 [INFO] UserAuth:415 - Internet connection configuration mode: 2
2025-02-28 12:00:41,932 [INFO] UserAuth:415 - Internet connection configuration mode: 2
2025-02-28 12:00:41,962 [INFO] UserAuth:415 - Internet connection configuration mode: 2
2025-02-28 12:00:41,969 [INFO] UserAuth:415 - Internet connection configuration mode: 2
2025-02-28 12:00:41,976 [INFO] UserAuth:415 - Internet connection configuration mode: 2
2025-02-28 12:00:41,989 [INFO] UserAuth:415 - Internet connection configuration mode: 2
2025-02-28 12:00:41,995 [INFO] UserAuth:415 - Internet connection configuration mode: 2
2025-02-28 12:00:42,000 [INFO] UserAuth:415 - Internet connection configuration mode: 2
2025-02-28 12:00:42,009 [INFO] UserAuth:415 - Internet connection configuration mode: 2
2025-02-28 12:00:42,042 [INFO] UserAuth:415 - Internet connection configuration mode: 2
2025-02-28 12:00:42,079 [INFO] UserAuth:415 - Internet connection configuration mode: 2
2025-02-28 12:00:42,094 [INFO] UserAuth:415 - Internet connection configuration mode: 2
2025-02-28 12:00:42,115 [INFO] UserAuth:415 - Internet connection configuration mode: 2
2025-02-28 12:00:42,123 [INFO] UserAuth:415 - Internet connection configuration mode: 2
2025-02-28 12:00:42,129 [INFO] UserAuth:415 - Internet connection configuration mode: 2
2025-02-28 12:00:42,136 [INFO] UserAuth:415 - Internet connection configuration mode: 2
2025-02-28 12:00:42,146 [INFO] UserAuth:415 - Internet connection configuration mode: 2
2025-02-28 12:00:42,177 [INFO] UserAuth:415 - Internet connection configuration mode: 2
2025-02-28 12:00:42,213 [INFO] UserAuth:415 - Internet connection configuration mode: 2
2025-02-28 12:00:42,227 [INFO] UserAuth:415 - Internet connection configuration mode: 2
2025-02-28 12:00:42,248 [INFO] UserAuth:415 - Internet connection configuration mode: 2
2025-02-28 12:00:42,257 [INFO] UserAuth:415 - Internet connection configuration mode: 2
2025-02-28 12:00:42,263 [INFO] UserAuth:415 - Internet connection configuration mode: 2
2025-02-28 12:00:42,270 [INFO] UserAuth:415 - Internet connection configuration mode: 2
2025-02-28 12:00:42,282 [INFO] UserAuth:415 - Internet connection configuration mode: 2
2025-02-28 12:00:42,700 [INFO] UserAuth:415 - Internet connection configuration mode: 2
2025-02-28 12:00:42,734 [INFO] UserAuth:415 - Internet connection configuration mode: 2
2025-02-28 12:00:42,749 [INFO] UserAuth:415 - Internet connection configuration mode: 2
2025-02-28 12:00:42,770 [INFO] UserAuth:415 - Internet connection configuration mode: 2
2025-02-28 12:00:42,781 [INFO] UserAuth:415 - Internet connection configuration mode: 2
2025-02-28 12:00:42,787 [INFO] UserAuth:415 - Internet connection configuration mode: 2
2025-02-28 12:00:42,795 [INFO] UserAuth:415 - Internet connection configuration mode: 2
2025-02-28 12:00:42,819 [INFO] UserAuth:415 - Internet connection configuration mode: 2
2025-02-28 12:00:42,853 [INFO] UserAuth:415 - Internet connection configuration mode: 2
2025-02-28 12:00:42,887 [INFO] UserAuth:415 - Internet connection configuration mode: 2
2025-02-28 12:00:42,903 [INFO] UserAuth:415 - Internet connection configuration mode: 2
2025-02-28 12:00:42,924 [INFO] UserAuth:415 - Internet connection configuration mode: 2
2025-02-28 12:00:42,935 [INFO] UserAuth:415 - Internet connection configuration mode: 2
2025-02-28 12:00:42,959 [INFO] UserAuth:415 - Internet connection configuration mode: 2
2025-02-28 12:00:42,996 [INFO] UserAuth:415 - Internet connection configuration mode: 2
2025-02-28 12:00:43,030 [INFO] UserAuth:415 - Internet connection configuration mode: 2
2025-02-28 12:00:43,045 [INFO] UserAuth:415 - Internet connection configuration mode: 2
2025-02-28 12:00:43,069 [INFO] UserAuth:415 - Internet connection configuration mode: 2
2025-02-28 12:00:43,087 [INFO] UserAuth:415 - Internet connection configuration mode: 2
2025-02-28 12:00:43,122 [INFO] UserAuth:415 - Internet connection configuration mode: 2
2025-02-28 12:00:43,156 [INFO] UserAuth:415 - Internet connection configuration mode: 2
2025-02-28 12:00:43,169 [INFO] UserAuth:415 - Internet connection configuration mode: 2
2025-02-28 12:00:43,190 [INFO] UserAuth:415 - Internet connection configuration mode: 2
2025-02-28 12:00:43,259 [INFO] UserAuth:415 - Internet connection configuration mode: 2
2025-02-28 12:00:43,290 [INFO] UserAuth:415 - Internet connection configuration mode: 2
2025-02-28 12:00:43,326 [INFO] UserAuth:415 - Internet connection configuration mode: 2
2025-02-28 12:00:43,342 [INFO] UserAuth:415 - Internet connection configuration mode: 2
2025-02-28 12:00:43,380 [INFO] UserAuth:415 - Internet connection configuration mode: 2
2025-02-28 12:00:43,416 [INFO] UserAuth:415 - Internet connection configuration mode: 2
2025-02-28 12:00:43,450 [INFO] UserAuth:415 - Internet connection configuration mode: 2
2025-02-28 12:00:43,467 [INFO] UserAuth:415 - Internet connection configuration mode: 2
2025-02-28 12:00:45,164 [INFO] UserAuth:415 - Internet connection configuration mode: 2
2025-02-28 12:00:45,202 [INFO] UserAuth:415 - Internet connection configuration mode: 2
2025-02-28 12:00:45,261 [INFO] UserAuth:415 - Internet connection configuration mode: 2
2025-02-28 12:00:45,301 [INFO] UserAuth:415 - Internet connection configuration mode: 2
2025-02-28 12:00:45,337 [INFO] UserAuth:415 - Internet connection configuration mode: 2
2025-02-28 12:00:45,352 [INFO] UserAuth:415 - Internet connection configuration mode: 2
2025-02-28 12:00:45,384 [INFO] UserAuth:415 - Internet connection configuration mode: 2
2025-02-28 12:00:45,421 [INFO] UserAuth:415 - Internet connection configuration mode: 2
2025-02-28 12:00:45,452 [INFO] UserAuth:415 - Internet connection configuration mode: 2
2025-02-28 12:00:45,467 [INFO] UserAuth:415 - Internet connection configuration mode: 2
2025-02-28 12:00:46,504 [INFO] UserAuth:415 - Internet connection configuration mode: 2
2025-02-28 12:00:46,541 [INFO] UserAuth:415 - Internet connection configuration mode: 2
2025-02-28 12:00:46,574 [INFO] UserAuth:415 - Internet connection configuration mode: 2
2025-02-28 12:00:46,591 [INFO] UserAuth:415 - Internet connection configuration mode: 2
2025-02-28 12:00:47,438 [INFO] UserAuth:415 - Internet connection configuration mode: 2
2025-02-28 12:00:47,483 [INFO] UserAuth:415 - Internet connection configuration mode: 2
2025-02-28 12:00:47,520 [INFO] UserAuth:415 - Internet connection configuration mode: 2
2025-02-28 12:00:47,536 [INFO] UserAuth:415 - Internet connection configuration mode: 2
2025-02-28 12:00:47,588 [INFO] UserAuth:415 - Internet connection configuration mode: 2
2025-02-28 12:00:47,626 [INFO] UserAuth:415 - Internet connection configuration mode: 2
2025-02-28 12:00:47,672 [INFO] UserAuth:415 - Internet connection configuration mode: 2
2025-02-28 12:00:47,694 [INFO] UserAuth:415 - Internet connection configuration mode: 2
2025-02-28 12:00:49,152 [INFO] UserAuth:415 - Internet connection configuration mode: 2
2025-02-28 12:00:49,186 [INFO] UserAuth:415 - Internet connection configuration mode: 2
2025-02-28 12:00:49,225 [INFO] UserAuth:415 - Internet connection configuration mode: 2
2025-02-28 12:00:49,241 [INFO] UserAuth:415 - Internet connection configuration mode: 2
2025-02-28 12:00:49,332 [INFO] UserAuth:415 - Internet connection configuration mode: 2
2025-02-28 12:00:49,361 [INFO] UserAuth:415 - Internet connection configuration mode: 2
2025-02-28 12:00:49,399 [INFO] UserAuth:415 - Internet connection configuration mode: 2
2025-02-28 12:00:49,410 [INFO] UserAuth:415 - Internet connection configuration mode: 2
2025-02-28 12:00:50,312 [INFO] UserAuth:415 - Internet connection configuration mode: 2
2025-02-28 12:00:50,344 [INFO] UserAuth:415 - Internet connection configuration mode: 2
2025-02-28 12:00:50,376 [INFO] UserAuth:415 - Internet connection configuration mode: 2
2025-02-28 12:00:50,389 [INFO] UserAuth:415 - Internet connection configuration mode: 2
2025-02-28 12:00:50,869 [INFO] UserAuth:415 - Internet connection configuration mode: 2
2025-02-28 12:00:50,906 [INFO] UserAuth:415 - Internet connection configuration mode: 2
2025-02-28 12:00:50,957 [INFO] UserAuth:415 - Internet connection configuration mode: 2
2025-02-28 12:00:50,973 [INFO] UserAuth:415 - Internet connection configuration mode: 2
2025-02-28 12:00:51,021 [INFO] UserAuth:415 - Internet connection configuration mode: 2
2025-02-28 12:00:51,054 [INFO] UserAuth:415 - Internet connection configuration mode: 2
2025-02-28 12:00:51,124 [INFO] UserAuth:415 - Internet connection configuration mode: 2
2025-02-28 12:00:51,142 [INFO] UserAuth:415 - Internet connection configuration mode: 2
2025-02-28 12:00:52,649 [INFO] UserAuth:415 - Internet connection configuration mode: 2
2025-02-28 12:00:52,684 [INFO] UserAuth:415 - Internet connection configuration mode: 2
2025-02-28 12:00:52,748 [INFO] UserAuth:415 - Internet connection configuration mode: 2
2025-02-28 12:00:52,765 [INFO] UserAuth:415 - Internet connection configuration mode: 2
2025-02-28 12:00:52,803 [INFO] UserAuth:415 - Internet connection configuration mode: 2
2025-02-28 12:00:52,836 [INFO] UserAuth:415 - Internet connection configuration mode: 2
2025-02-28 12:00:52,887 [INFO] UserAuth:415 - Internet connection configuration mode: 2
2025-02-28 12:00:52,903 [INFO] UserAuth:415 - Internet connection configuration mode: 2
2025-02-28 12:00:54,220 [INFO] UserAuth:415 - Internet connection configuration mode: 2
2025-02-28 12:00:54,248 [INFO] UserAuth:415 - Internet connection configuration mode: 2
2025-02-28 12:00:54,286 [INFO] UserAuth:415 - Internet connection configuration mode: 2
2025-02-28 12:00:54,297 [INFO] UserAuth:415 - Internet connection configuration mode: 2
2025-02-28 12:00:54,405 [INFO] UserAuth:415 - Internet connection configuration mode: 2
2025-02-28 12:00:54,434 [INFO] UserAuth:415 - Internet connection configuration mode: 2
2025-02-28 12:00:54,474 [INFO] UserAuth:415 - Internet connection configuration mode: 2
2025-02-28 12:00:54,487 [INFO] UserAuth:415 - Internet connection configuration mode: 2
2025-02-28 12:00:55,365 [INFO] UserAuth:415 - Internet connection configuration mode: 2
2025-02-28 12:00:55,409 [INFO] UserAuth:415 - Internet connection configuration mode: 2
2025-02-28 12:00:55,451 [INFO] UserAuth:415 - Internet connection configuration mode: 2
2025-02-28 12:00:55,459 [INFO] UserAuth:415 - Internet connection configuration mode: 2
2025-02-28 12:00:55,483 [INFO] UserAuth:415 - Internet connection configuration mode: 2
2025-02-28 12:00:55,546 [INFO] UserAuth:415 - Internet connection configuration mode: 2
2025-02-28 12:00:55,564 [INFO] UserAuth:415 - Internet connection configuration mode: 2
2025-02-28 12:00:55,601 [INFO] UserAuth:415 - Internet connection configuration mode: 2
2025-02-28 12:00:55,612 [INFO] UserAuth:415 - Internet connection configuration mode: 2
2025-02-28 12:01:06,170 [INFO] UserAuth:415 - Internet connection configuration mode: 2
2025-02-28 12:01:06,205 [INFO] UserAuth:415 - Internet connection configuration mode: 2
2025-02-28 12:01:06,263 [INFO] UserAuth:415 - Internet connection configuration mode: 2
2025-02-28 12:01:06,278 [INFO] UserAuth:415 - Internet connection configuration mode: 2
2025-02-28 12:01:06,330 [INFO] UserAuth:415 - Internet connection configuration mode: 2
2025-02-28 12:01:06,346 [INFO] UserAuth:415 - Internet connection configuration mode: 2
2025-02-28 12:01:06,368 [INFO] UserAuth:415 - Internet connection configuration mode: 2
2025-02-28 12:01:06,457 [INFO] UserAuth:415 - Internet connection configuration mode: 2
2025-02-28 12:01:06,472 [INFO] UserAuth:415 - Internet connection configuration mode: 2
2025-02-28 12:01:06,657 [INFO] UserAuth:415 - Internet connection configuration mode: 2
2025-02-28 12:01:06,678 [INFO] UserAuth:415 - Internet connection configuration mode: 2
2025-02-28 12:01:06,718 [INFO] UserAuth:415 - Internet connection configuration mode: 2
2025-02-28 12:01:06,727 [INFO] UserAuth:415 - Internet connection configuration mode: 2
2025-02-28 12:01:07,412 [INFO] UserAuth:415 - Internet connection configuration mode: 2
2025-02-28 12:01:07,449 [INFO] UserAuth:415 - Internet connection configuration mode: 2
2025-02-28 12:01:07,495 [INFO] UserAuth:415 - Internet connection configuration mode: 2
2025-02-28 12:01:07,507 [INFO] UserAuth:415 - Internet connection configuration mode: 2
2025-02-28 12:01:07,529 [INFO] UserAuth:415 - Internet connection configuration mode: 2
2025-02-28 12:01:07,550 [INFO] UserAuth:415 - Internet connection configuration mode: 2
2025-02-28 12:01:07,593 [INFO] UserAuth:415 - Internet connection configuration mode: 2
2025-02-28 12:01:07,604 [INFO] UserAuth:415 - Internet connection configuration mode: 2
2025-02-28 12:01:07,748 [INFO] UserAuth:415 - Internet connection configuration mode: 2
2025-02-28 12:01:07,786 [INFO] UserAuth:415 - Internet connection configuration mode: 2
2025-02-28 12:01:07,837 [INFO] UserAuth:415 - Internet connection configuration mode: 2
2025-02-28 12:01:07,852 [INFO] UserAuth:415 - Internet connection configuration mode: 2
2025-02-28 12:01:07,879 [INFO] UserAuth:415 - Internet connection configuration mode: 2
2025-02-28 12:01:07,913 [INFO] UserAuth:415 - Internet connection configuration mode: 2
2025-02-28 12:01:07,968 [INFO] UserAuth:415 - Internet connection configuration mode: 2
2025-02-28 12:01:07,982 [INFO] UserAuth:415 - Internet connection configuration mode: 2
2025-02-28 12:01:07,999 [INFO] UserAuth:415 - Internet connection configuration mode: 2
2025-02-28 12:01:08,103 [INFO] UserAuth:415 - Internet connection configuration mode: 2
2025-02-28 12:01:08,106 [INFO] UserAuth:415 - Internet connection configuration mode: 2
2025-02-28 12:01:08,112 [INFO] UserAuth:415 - Internet connection configuration mode: 2
2025-02-28 12:01:08,116 [INFO] UserAuth:415 - Internet connection configuration mode: 2
2025-02-28 12:01:08,261 [INFO] UserAuth:415 - Internet connection configuration mode: 2
2025-02-28 12:01:08,295 [INFO] UserAuth:415 - Internet connection configuration mode: 2
2025-02-28 12:01:08,347 [INFO] UserAuth:415 - Internet connection configuration mode: 2
2025-02-28 12:01:08,362 [INFO] UserAuth:415 - Internet connection configuration mode: 2
2025-02-28 12:01:09,050 [INFO] UserAuth:415 - Internet connection configuration mode: 2
2025-02-28 12:01:09,087 [INFO] UserAuth:415 - Internet connection configuration mode: 2
2025-02-28 12:01:09,138 [INFO] UserAuth:415 - Internet connection configuration mode: 2
2025-02-28 12:01:09,155 [INFO] UserAuth:415 - Internet connection configuration mode: 2
2025-02-28 12:01:09,175 [INFO] UserAuth:415 - Internet connection configuration mode: 2
2025-02-28 12:01:09,202 [INFO] UserAuth:415 - Internet connection configuration mode: 2
2025-02-28 12:01:09,259 [INFO] UserAuth:415 - Internet connection configuration mode: 2
2025-02-28 12:01:09,273 [INFO] UserAuth:415 - Internet connection configuration mode: 2
2025-02-28 12:01:36,427 [INFO] UserAuth:415 - Internet connection configuration mode: 2
2025-02-28 12:01:36,465 [INFO] UserAuth:415 - Internet connection configuration mode: 2
2025-02-28 12:01:36,517 [INFO] UserAuth:415 - Internet connection configuration mode: 2
2025-02-28 12:01:36,536 [INFO] UserAuth:415 - Internet connection configuration mode: 2
2025-02-28 12:01:36,565 [INFO] UserAuth:415 - Internet connection configuration mode: 2
2025-02-28 12:01:36,887 [INFO] UserAuth:415 - Internet connection configuration mode: 2
2025-02-28 12:01:36,925 [INFO] UserAuth:415 - Internet connection configuration mode: 2
2025-02-28 12:01:37,154 [INFO] UserAuth:415 - Internet connection configuration mode: 2
2025-02-28 12:01:37,177 [INFO] UserAuth:415 - Internet connection configuration mode: 2
2025-02-28 12:01:37,201 [INFO] UserAuth:415 - Internet connection configuration mode: 2
2025-02-28 12:01:37,205 [INFO] UserAuth:415 - Internet connection configuration mode: 2
2025-02-28 12:01:37,212 [INFO] UserAuth:415 - Internet connection configuration mode: 2
2025-02-28 12:01:37,216 [INFO] UserAuth:415 - Internet connection configuration mode: 2
2025-02-28 12:01:37,285 [INFO] UserAuth:415 - Internet connection configuration mode: 2
2025-02-28 12:01:37,301 [INFO] UserAuth:415 - Internet connection configuration mode: 2
2025-02-28 12:01:37,326 [INFO] UserAuth:415 - Internet connection configuration mode: 2
2025-02-28 12:01:37,332 [INFO] UserAuth:415 - Internet connection configuration mode: 2
2025-02-28 12:01:38,169 [INFO] UserAuth:415 - Internet connection configuration mode: 2
2025-02-28 12:01:38,185 [INFO] UserAuth:415 - Internet connection configuration mode: 2
2025-02-28 12:01:38,206 [INFO] UserAuth:415 - Internet connection configuration mode: 2
2025-02-28 12:01:38,212 [INFO] UserAuth:415 - Internet connection configuration mode: 2
2025-02-28 12:01:38,991 [INFO] UserAuth:415 - Internet connection configuration mode: 2
2025-02-28 12:01:39,023 [INFO] UserAuth:415 - Internet connection configuration mode: 2
2025-02-28 12:01:39,074 [INFO] UserAuth:415 - Internet connection configuration mode: 2
2025-02-28 12:01:39,091 [INFO] UserAuth:415 - Internet connection configuration mode: 2
2025-02-28 12:01:40,394 [INFO] UserAuth:415 - Internet connection configuration mode: 2
2025-02-28 12:01:40,427 [INFO] UserAuth:415 - Internet connection configuration mode: 2
2025-02-28 12:01:40,475 [INFO] UserAuth:415 - Internet connection configuration mode: 2
2025-02-28 12:01:40,490 [INFO] UserAuth:415 - Internet connection configuration mode: 2
2025-02-28 12:01:41,600 [INFO] UserAuth:415 - Internet connection configuration mode: 2
2025-02-28 12:01:41,637 [INFO] UserAuth:415 - Internet connection configuration mode: 2
2025-02-28 12:01:41,688 [INFO] UserAuth:415 - Internet connection configuration mode: 2
2025-02-28 12:01:41,705 [INFO] UserAuth:415 - Internet connection configuration mode: 2
2025-02-28 12:01:43,536 [INFO] UserAuth:415 - Internet connection configuration mode: 2
2025-02-28 12:01:43,563 [INFO] UserAuth:415 - Internet connection configuration mode: 2
2025-02-28 12:01:43,599 [INFO] UserAuth:415 - Internet connection configuration mode: 2
2025-02-28 12:01:43,611 [INFO] UserAuth:415 - Internet connection configuration mode: 2
2025-02-28 12:01:43,702 [INFO] UserAuth:415 - Internet connection configuration mode: 2
2025-02-28 12:01:43,728 [INFO] UserAuth:415 - Internet connection configuration mode: 2
2025-02-28 12:01:43,767 [INFO] UserAuth:415 - Internet connection configuration mode: 2
2025-02-28 12:01:43,781 [INFO] UserAuth:415 - Internet connection configuration mode: 2
2025-02-28 12:01:44,992 [INFO] UserAuth:415 - Internet connection configuration mode: 2
2025-02-28 12:01:44,996 [INFO] UserAuth:415 - Internet connection configuration mode: 2
2025-02-28 12:01:45,003 [INFO] UserAuth:415 - Internet connection configuration mode: 2
2025-02-28 12:01:45,007 [INFO] UserAuth:415 - Internet connection configuration mode: 2
2025-02-28 12:01:45,246 [INFO] UserAuth:415 - Internet connection configuration mode: 2
2025-02-28 12:01:45,257 [INFO] UserAuth:415 - Internet connection configuration mode: 2
2025-02-28 12:01:45,674 [INFO] UserAuth:415 - Internet connection configuration mode: 2
2025-02-28 12:01:45,702 [INFO] UserAuth:415 - Internet connection configuration mode: 2
2025-02-28 12:01:45,721 [INFO] UserAuth:415 - Internet connection configuration mode: 2
2025-02-28 12:01:45,740 [INFO] UserAuth:415 - Internet connection configuration mode: 2
2025-02-28 12:01:45,778 [INFO] UserAuth:415 - Internet connection configuration mode: 2
2025-02-28 12:01:45,790 [INFO] UserAuth:415 - Internet connection configuration mode: 2
2025-02-28 12:01:47,966 [INFO] UserAuth:415 - Internet connection configuration mode: 2
2025-02-28 12:01:48,005 [INFO] UserAuth:415 - Internet connection configuration mode: 2
2025-02-28 12:01:48,066 [INFO] UserAuth:415 - Internet connection configuration mode: 2
2025-02-28 12:01:48,084 [INFO] UserAuth:415 - Internet connection configuration mode: 2
2025-02-28 12:01:48,155 [INFO] UserAuth:415 - Internet connection configuration mode: 2
2025-02-28 12:01:48,225 [INFO] UserAuth:415 - Internet connection configuration mode: 2
2025-02-28 12:01:48,304 [INFO] UserAuth:415 - Internet connection configuration mode: 2
2025-02-28 12:01:48,436 [INFO] UserAuth:415 - Internet connection configuration mode: 2
2025-02-28 12:01:48,475 [INFO] UserAuth:415 - Internet connection configuration mode: 2
2025-02-28 12:01:48,534 [INFO] UserAuth:415 - Internet connection configuration mode: 2
2025-02-28 12:01:48,550 [INFO] UserAuth:415 - Internet connection configuration mode: 2
2025-02-28 12:01:49,661 [INFO] ApiDbMcu:508 - Load IP Config File for STMicroelectronics.X-CUBE-FREERTOS.1.2.0
2025-02-28 12:01:50,014 [WARN] SupportedApi:132 - Cannot load RTOS API schema: s4s-elt-must-match.1: The content of 'definitions' must match (annotation?, (simpleType | complexType)?, (unique | key | keyref)*)). A problem was found starting at: attribute.
2025-02-28 12:01:50,017 [INFO] RtosManager:555 - Registered RTOS mode: class=CMSIS, group=RTOS2, mode=CMSISJjRTOS2, owner=STMicroelectronics.X-CUBE-FREERTOS.1.2.0
2025-02-28 12:01:50,017 [INFO] RtosManager:555 - Registered RTOS mode: class=CMSIS, group=RTOS2, mode=CMSISJjRTOS2, owner=STMicroelectronics.X-CUBE-FREERTOS.1.2.0
2025-02-28 12:01:50,970 [INFO] IPUIPlugin:80 - create IPUIPlugin
2025-02-28 12:01:50,975 [WARN] IP:2120 - SRAM5PowerDownInRunMode not found: check if there is a RefParameter without a condition.
2025-02-28 12:01:50,975 [WARN] IP:2120 - SRAM6PowerDownInRunMode not found: check if there is a RefParameter without a condition.
2025-02-28 12:01:50,975 [WARN] IP:2120 - RAM1Page4PowerDownInStopMode not found: check if there is a RefParameter without a condition.
2025-02-28 12:01:50,975 [WARN] IP:2120 - RAM1Page5PowerDownInStopMode not found: check if there is a RefParameter without a condition.
2025-02-28 12:01:50,975 [WARN] IP:2120 - RAM1Page6PowerDownInStopMode not found: check if there is a RefParameter without a condition.
2025-02-28 12:01:50,975 [WARN] IP:2120 - RAM1Page7PowerDownInStopMode not found: check if there is a RefParameter without a condition.
2025-02-28 12:01:50,975 [WARN] IP:2120 - RAM1Page8PowerDownInStopMode not found: check if there is a RefParameter without a condition.
2025-02-28 12:01:50,975 [WARN] IP:2120 - RAM1Page9PowerDownInStopMode not found: check if there is a RefParameter without a condition.
2025-02-28 12:01:50,975 [WARN] IP:2120 - RAM1Page10PowerDownInStopMode not found: check if there is a RefParameter without a condition.
2025-02-28 12:01:50,975 [WARN] IP:2120 - RAM1Page11PowerDownInStopMode not found: check if there is a RefParameter without a condition.
2025-02-28 12:01:50,975 [WARN] IP:2120 - RAM1Page12PowerDownInStopMode not found: check if there is a RefParameter without a condition.
2025-02-28 12:01:50,976 [WARN] IP:2120 - RAM3Page9PowerDownInStopMode not found: check if there is a RefParameter without a condition.
2025-02-28 12:01:50,976 [WARN] IP:2120 - RAM3Page10PowerDownInStopMode not found: check if there is a RefParameter without a condition.
2025-02-28 12:01:50,976 [WARN] IP:2120 - RAM3Page11PowerDownInStopMode not found: check if there is a RefParameter without a condition.
2025-02-28 12:01:50,976 [WARN] IP:2120 - RAM3Page12PowerDownInStopMode not found: check if there is a RefParameter without a condition.
2025-02-28 12:01:50,976 [WARN] IP:2120 - RAM3Page13PowerDownInStopMode not found: check if there is a RefParameter without a condition.
2025-02-28 12:01:50,976 [WARN] IP:2120 - RAM5Page1PowerDownInStopMode not found: check if there is a RefParameter without a condition.
2025-02-28 12:01:50,976 [WARN] IP:2120 - RAM5Page2PowerDownInStopMode not found: check if there is a RefParameter without a condition.
2025-02-28 12:01:50,976 [WARN] IP:2120 - RAM5Page3PowerDownInStopMode not found: check if there is a RefParameter without a condition.
2025-02-28 12:01:50,976 [WARN] IP:2120 - RAM5Page4PowerDownInStopMode not found: check if there is a RefParameter without a condition.
2025-02-28 12:01:50,976 [WARN] IP:2120 - RAM5Page5PowerDownInStopMode not found: check if there is a RefParameter without a condition.
2025-02-28 12:01:50,976 [WARN] IP:2120 - RAM5Page6PowerDownInStopMode not found: check if there is a RefParameter without a condition.
2025-02-28 12:01:50,976 [WARN] IP:2120 - RAM5Page7PowerDownInStopMode not found: check if there is a RefParameter without a condition.
2025-02-28 12:01:50,976 [WARN] IP:2120 - RAM5Page8PowerDownInStopMode not found: check if there is a RefParameter without a condition.
2025-02-28 12:01:50,976 [WARN] IP:2120 - RAM5Page9PowerDownInStopMode not found: check if there is a RefParameter without a condition.
2025-02-28 12:01:50,977 [WARN] IP:2120 - RAM5Page10PowerDownInStopMode not found: check if there is a RefParameter without a condition.
2025-02-28 12:01:50,977 [WARN] IP:2120 - RAM5Page11PowerDownInStopMode not found: check if there is a RefParameter without a condition.
2025-02-28 12:01:50,977 [WARN] IP:2120 - RAM5Page12PowerDownInStopMode not found: check if there is a RefParameter without a condition.
2025-02-28 12:01:50,977 [WARN] IP:2120 - RAM5Page13PowerDownInStopMode not found: check if there is a RefParameter without a condition.
2025-02-28 12:01:50,977 [WARN] IP:2120 - Dcache2PowerDownInStopMode not found: check if there is a RefParameter without a condition.
2025-02-28 12:01:50,977 [WARN] IP:2120 - GRAPHICPRAMPowerDownInStopMode not found: check if there is a RefParameter without a condition.
2025-02-28 12:01:50,977 [WARN] IP:2120 - DSIRAMPowerDownInStopMode not found: check if there is a RefParameter without a condition.
2025-02-28 12:01:51,047 [WARN] IP:2120 - rccPrivilegeSecure not found: check if there is a RefParameter without a condition.
2025-02-28 12:01:51,048 [WARN] IP:2120 - rccSecurity not found: check if there is a RefParameter without a condition.
2025-02-28 12:01:51,130 [WARN] IP:2120 - rccPrivilegeSecure not found: check if there is a RefParameter without a condition.
2025-02-28 12:01:51,130 [WARN] IP:2120 - rccSecurity not found: check if there is a RefParameter without a condition.
2025-02-28 12:01:52,573 [WARN] IP:2120 - SRAM5PowerDownInRunMode not found: check if there is a RefParameter without a condition.
2025-02-28 12:01:52,573 [WARN] IP:2120 - SRAM6PowerDownInRunMode not found: check if there is a RefParameter without a condition.
2025-02-28 12:01:52,574 [WARN] IP:2120 - RAM1Page4PowerDownInStopMode not found: check if there is a RefParameter without a condition.
2025-02-28 12:01:52,574 [WARN] IP:2120 - RAM1Page5PowerDownInStopMode not found: check if there is a RefParameter without a condition.
2025-02-28 12:01:52,574 [WARN] IP:2120 - RAM1Page6PowerDownInStopMode not found: check if there is a RefParameter without a condition.
2025-02-28 12:01:52,574 [WARN] IP:2120 - RAM1Page7PowerDownInStopMode not found: check if there is a RefParameter without a condition.
2025-02-28 12:01:52,574 [WARN] IP:2120 - RAM1Page8PowerDownInStopMode not found: check if there is a RefParameter without a condition.
2025-02-28 12:01:52,574 [WARN] IP:2120 - RAM1Page9PowerDownInStopMode not found: check if there is a RefParameter without a condition.
2025-02-28 12:01:52,574 [WARN] IP:2120 - RAM1Page10PowerDownInStopMode not found: check if there is a RefParameter without a condition.
2025-02-28 12:01:52,574 [WARN] IP:2120 - RAM1Page11PowerDownInStopMode not found: check if there is a RefParameter without a condition.
2025-02-28 12:01:52,574 [WARN] IP:2120 - RAM1Page12PowerDownInStopMode not found: check if there is a RefParameter without a condition.
2025-02-28 12:01:52,574 [WARN] IP:2120 - RAM3Page9PowerDownInStopMode not found: check if there is a RefParameter without a condition.
2025-02-28 12:01:52,574 [WARN] IP:2120 - RAM3Page10PowerDownInStopMode not found: check if there is a RefParameter without a condition.
2025-02-28 12:01:52,574 [WARN] IP:2120 - RAM3Page11PowerDownInStopMode not found: check if there is a RefParameter without a condition.
2025-02-28 12:01:52,574 [WARN] IP:2120 - RAM3Page12PowerDownInStopMode not found: check if there is a RefParameter without a condition.
2025-02-28 12:01:52,574 [WARN] IP:2120 - RAM3Page13PowerDownInStopMode not found: check if there is a RefParameter without a condition.
2025-02-28 12:01:52,574 [WARN] IP:2120 - RAM5Page1PowerDownInStopMode not found: check if there is a RefParameter without a condition.
2025-02-28 12:01:52,575 [WARN] IP:2120 - RAM5Page2PowerDownInStopMode not found: check if there is a RefParameter without a condition.
2025-02-28 12:01:52,575 [WARN] IP:2120 - RAM5Page3PowerDownInStopMode not found: check if there is a RefParameter without a condition.
2025-02-28 12:01:52,575 [WARN] IP:2120 - RAM5Page4PowerDownInStopMode not found: check if there is a RefParameter without a condition.
2025-02-28 12:01:52,575 [WARN] IP:2120 - RAM5Page5PowerDownInStopMode not found: check if there is a RefParameter without a condition.
2025-02-28 12:01:52,575 [WARN] IP:2120 - RAM5Page6PowerDownInStopMode not found: check if there is a RefParameter without a condition.
2025-02-28 12:01:52,575 [WARN] IP:2120 - RAM5Page7PowerDownInStopMode not found: check if there is a RefParameter without a condition.
2025-02-28 12:01:52,575 [WARN] IP:2120 - RAM5Page8PowerDownInStopMode not found: check if there is a RefParameter without a condition.
2025-02-28 12:01:52,575 [WARN] IP:2120 - RAM5Page9PowerDownInStopMode not found: check if there is a RefParameter without a condition.
2025-02-28 12:01:52,575 [WARN] IP:2120 - RAM5Page10PowerDownInStopMode not found: check if there is a RefParameter without a condition.
2025-02-28 12:01:52,575 [WARN] IP:2120 - RAM5Page11PowerDownInStopMode not found: check if there is a RefParameter without a condition.
2025-02-28 12:01:52,575 [WARN] IP:2120 - RAM5Page12PowerDownInStopMode not found: check if there is a RefParameter without a condition.
2025-02-28 12:01:52,575 [WARN] IP:2120 - RAM5Page13PowerDownInStopMode not found: check if there is a RefParameter without a condition.
2025-02-28 12:01:52,576 [WARN] IP:2120 - Dcache2PowerDownInStopMode not found: check if there is a RefParameter without a condition.
2025-02-28 12:01:52,576 [WARN] IP:2120 - GRAPHICPRAMPowerDownInStopMode not found: check if there is a RefParameter without a condition.
2025-02-28 12:01:52,576 [WARN] IP:2120 - DSIRAMPowerDownInStopMode not found: check if there is a RefParameter without a condition.
2025-02-28 12:01:52,684 [WARN] IP:2120 - rccPrivilegeSecure not found: check if there is a RefParameter without a condition.
2025-02-28 12:01:52,685 [WARN] IP:2120 - rccSecurity not found: check if there is a RefParameter without a condition.
2025-02-28 12:01:52,870 [WARN] IP:2120 - rccPrivilegeSecure not found: check if there is a RefParameter without a condition.
2025-02-28 12:01:52,870 [WARN] IP:2120 - rccSecurity not found: check if there is a RefParameter without a condition.
2025-02-28 12:01:53,164 [INFO] I2cTimingTraitement:330 - 0x30909DEC
2025-02-28 12:02:01,168 [INFO] UtilMem:75 - End SaveConfig() Used Memory: 794189824 Bytes (1073741824)
2025-02-28 12:02:02,559 [INFO] UtilMem:75 - End SaveConfig() Used Memory: 840849408 Bytes (1073741824)
2025-02-28 12:02:05,119 [INFO] UtilMem:75 - End SaveConfig() Used Memory: 482804816 Bytes (1073741824)
2025-02-28 12:02:05,640 [INFO] BlockDiagram:2759 - set Specific Code input for plugin: PWR
2025-02-28 12:02:05,640 [INFO] BlockDiagram:2759 - set Specific Code input for plugin: RCC
2025-02-28 12:02:05,640 [INFO] BlockDiagram:2759 - set Specific Code input for plugin: I2C
2025-02-28 12:02:05,640 [INFO] BlockDiagram:2759 - set Specific Code input for plugin: USART
2025-02-28 12:02:05,640 [INFO] BlockDiagram:2759 - set Specific Code input for plugin: MEMORYMAP
2025-02-28 12:02:05,640 [INFO] BlockDiagram:2759 - set Specific Code input for plugin: UCPD
2025-02-28 12:02:05,640 [INFO] BlockDiagram:2759 - set Specific Code input for plugin: SYS
2025-02-28 12:02:05,640 [INFO] BlockDiagram:2759 - set Specific Code input for plugin: ADC
2025-02-28 12:02:05,640 [INFO] BlockDiagram:2759 - set Specific Code input for plugin: LPBAM
2025-02-28 12:02:05,640 [INFO] BlockDiagram:2759 - set Specific Code input for plugin: USB_OTG_FS
2025-02-28 12:02:05,640 [INFO] BlockDiagram:2759 - set Specific Code input for plugin: NVIC
2025-02-28 12:02:05,640 [INFO] BlockDiagram:2759 - set Specific Code input for plugin: ICACHE
2025-02-28 12:02:05,640 [INFO] BlockDiagram:2759 - set Specific Code input for plugin: DEBUG
2025-02-28 12:02:05,641 [INFO] BlockDiagram:2759 - set Specific Code input for plugin: GPIO
2025-02-28 12:02:05,641 [INFO] BlockDiagram:2759 - set Specific Code input for plugin: LPBAMQUEUE
2025-02-28 12:02:05,642 [INFO] CodeGenerator:807 - code generatio: config db path: C:\ST\STM32CubeIDE_1.15.1\STM32CubeIDE\plugins\com.st.stm32cube.common.mx_6.11.1.202404110753\\db\
2025-02-28 12:02:05,678 [WARN] IP:2120 - SRAM5PowerDownInRunMode not found: check if there is a RefParameter without a condition.
2025-02-28 12:02:05,678 [WARN] IP:2120 - SRAM6PowerDownInRunMode not found: check if there is a RefParameter without a condition.
2025-02-28 12:02:05,678 [WARN] IP:2120 - RAM1Page4PowerDownInStopMode not found: check if there is a RefParameter without a condition.
2025-02-28 12:02:05,678 [WARN] IP:2120 - RAM1Page5PowerDownInStopMode not found: check if there is a RefParameter without a condition.
2025-02-28 12:02:05,678 [WARN] IP:2120 - RAM1Page6PowerDownInStopMode not found: check if there is a RefParameter without a condition.
2025-02-28 12:02:05,678 [WARN] IP:2120 - RAM1Page7PowerDownInStopMode not found: check if there is a RefParameter without a condition.
2025-02-28 12:02:05,678 [WARN] IP:2120 - RAM1Page8PowerDownInStopMode not found: check if there is a RefParameter without a condition.
2025-02-28 12:02:05,678 [WARN] IP:2120 - RAM1Page9PowerDownInStopMode not found: check if there is a RefParameter without a condition.
2025-02-28 12:02:05,678 [WARN] IP:2120 - RAM1Page10PowerDownInStopMode not found: check if there is a RefParameter without a condition.
2025-02-28 12:02:05,678 [WARN] IP:2120 - RAM1Page11PowerDownInStopMode not found: check if there is a RefParameter without a condition.
2025-02-28 12:02:05,678 [WARN] IP:2120 - RAM1Page12PowerDownInStopMode not found: check if there is a RefParameter without a condition.
2025-02-28 12:02:05,678 [WARN] IP:2120 - RAM3Page9PowerDownInStopMode not found: check if there is a RefParameter without a condition.
2025-02-28 12:02:05,679 [WARN] IP:2120 - RAM3Page10PowerDownInStopMode not found: check if there is a RefParameter without a condition.
2025-02-28 12:02:05,679 [WARN] IP:2120 - RAM3Page11PowerDownInStopMode not found: check if there is a RefParameter without a condition.
2025-02-28 12:02:05,679 [WARN] IP:2120 - RAM3Page12PowerDownInStopMode not found: check if there is a RefParameter without a condition.
2025-02-28 12:02:05,679 [WARN] IP:2120 - RAM3Page13PowerDownInStopMode not found: check if there is a RefParameter without a condition.
2025-02-28 12:02:05,679 [WARN] IP:2120 - RAM5Page1PowerDownInStopMode not found: check if there is a RefParameter without a condition.
2025-02-28 12:02:05,679 [WARN] IP:2120 - RAM5Page2PowerDownInStopMode not found: check if there is a RefParameter without a condition.
2025-02-28 12:02:05,679 [WARN] IP:2120 - RAM5Page3PowerDownInStopMode not found: check if there is a RefParameter without a condition.
2025-02-28 12:02:05,679 [WARN] IP:2120 - RAM5Page4PowerDownInStopMode not found: check if there is a RefParameter without a condition.
2025-02-28 12:02:05,679 [WARN] IP:2120 - RAM5Page5PowerDownInStopMode not found: check if there is a RefParameter without a condition.
2025-02-28 12:02:05,679 [WARN] IP:2120 - RAM5Page6PowerDownInStopMode not found: check if there is a RefParameter without a condition.
2025-02-28 12:02:05,679 [WARN] IP:2120 - RAM5Page7PowerDownInStopMode not found: check if there is a RefParameter without a condition.
2025-02-28 12:02:05,679 [WARN] IP:2120 - RAM5Page8PowerDownInStopMode not found: check if there is a RefParameter without a condition.
2025-02-28 12:02:05,679 [WARN] IP:2120 - RAM5Page9PowerDownInStopMode not found: check if there is a RefParameter without a condition.
2025-02-28 12:02:05,679 [WARN] IP:2120 - RAM5Page10PowerDownInStopMode not found: check if there is a RefParameter without a condition.
2025-02-28 12:02:05,679 [WARN] IP:2120 - RAM5Page11PowerDownInStopMode not found: check if there is a RefParameter without a condition.
2025-02-28 12:02:05,679 [WARN] IP:2120 - RAM5Page12PowerDownInStopMode not found: check if there is a RefParameter without a condition.
2025-02-28 12:02:05,679 [WARN] IP:2120 - RAM5Page13PowerDownInStopMode not found: check if there is a RefParameter without a condition.
2025-02-28 12:02:05,679 [WARN] IP:2120 - Dcache2PowerDownInStopMode not found: check if there is a RefParameter without a condition.
2025-02-28 12:02:05,679 [WARN] IP:2120 - GRAPHICPRAMPowerDownInStopMode not found: check if there is a RefParameter without a condition.
2025-02-28 12:02:05,680 [WARN] IP:2120 - DSIRAMPowerDownInStopMode not found: check if there is a RefParameter without a condition.
2025-02-28 12:02:05,748 [WARN] IP:2120 - rccPrivilegeSecure not found: check if there is a RefParameter without a condition.
2025-02-28 12:02:05,749 [WARN] IP:2120 - rccSecurity not found: check if there is a RefParameter without a condition.
2025-02-28 12:02:05,875 [INFO] IP:3366 - RTE template : freertos_start.ftl
2025-02-28 12:02:05,891 [INFO] CodeEngine:255 - oldGeneratedFile, C:\workshop_bootloader\BootApp1App2\BootloaderApp\MXTmpFiles\license.tmp_save
2025-02-28 12:02:06,012 [INFO] CodeEngine:279 - Generated code: C:\workshop_bootloader\BootApp1App2\BootloaderApp\MXTmpFiles\license.tmp
2025-02-28 12:02:06,109 [INFO] CodeEngine:255 - oldGeneratedFile, C:\workshop_bootloader\BootApp1App2\BootloaderApp\Core\Src\gpio.c_save
2025-02-28 12:02:06,220 [INFO] CodeEngine:279 - Generated code: C:\workshop_bootloader\BootApp1App2\BootloaderApp\Core\Src\gpio.c
2025-02-28 12:02:06,230 [INFO] CodeEngine:255 - oldGeneratedFile, C:\workshop_bootloader\BootApp1App2\BootloaderApp\Core\Inc\gpio.h_save
2025-02-28 12:02:06,317 [INFO] CodeEngine:279 - Generated code: C:\workshop_bootloader\BootApp1App2\BootloaderApp\Core\Inc\gpio.h
2025-02-28 12:02:06,491 [WARN] IPConfigManager:98 - WARNING: Missing Config File for DEBUG ip!!
2025-02-28 12:02:06,751 [WARN] IPConfigManager:98 - WARNING: Missing Config File for MEMORYMAP ip!!
2025-02-28 12:02:06,751 [WARN] IP:2120 - DefaultDataRegion not found: check if there is a RefParameter without a condition.
2025-02-28 12:02:07,119 [WARN] IPConfigManager:4238 - WARNING: Missing Config File for LINKEDLIST ip!!
2025-02-28 12:02:07,330 [WARN] IPConfigManager:2982 - Warning: the RefConfig PWREx_EnableUSBVoltageDetector is not available in your config.xml file
2025-02-28 12:02:07,397 [INFO] CodeEngine:255 - oldGeneratedFile, C:\workshop_bootloader\BootApp1App2\BootloaderApp\Core\Src\adc.c_save
2025-02-28 12:02:07,529 [INFO] CodeEngine:279 - Generated code: C:\workshop_bootloader\BootApp1App2\BootloaderApp\Core\Src\adc.c
2025-02-28 12:02:07,539 [INFO] CodeEngine:255 - oldGeneratedFile, C:\workshop_bootloader\BootApp1App2\BootloaderApp\Core\Inc\adc.h_save
2025-02-28 12:02:07,628 [INFO] CodeEngine:279 - Generated code: C:\workshop_bootloader\BootApp1App2\BootloaderApp\Core\Inc\adc.h
2025-02-28 12:02:07,643 [INFO] CodeEngine:255 - oldGeneratedFile, C:\workshop_bootloader\BootApp1App2\BootloaderApp\MXTmpFiles\cortex.tmp_save
2025-02-28 12:02:07,764 [INFO] CodeEngine:279 - Generated code: C:\workshop_bootloader\BootApp1App2\BootloaderApp\MXTmpFiles\cortex.tmp
2025-02-28 12:02:07,795 [INFO] CodeEngine:255 - oldGeneratedFile, C:\workshop_bootloader\BootApp1App2\BootloaderApp\Core\Src\i2c.c_save
2025-02-28 12:02:07,967 [INFO] CodeEngine:279 - Generated code: C:\workshop_bootloader\BootApp1App2\BootloaderApp\Core\Src\i2c.c
2025-02-28 12:02:07,993 [INFO] CodeEngine:255 - oldGeneratedFile, C:\workshop_bootloader\BootApp1App2\BootloaderApp\Core\Inc\i2c.h_save
2025-02-28 12:02:08,120 [INFO] CodeEngine:279 - Generated code: C:\workshop_bootloader\BootApp1App2\BootloaderApp\Core\Inc\i2c.h
2025-02-28 12:02:08,154 [INFO] CodeEngine:255 - oldGeneratedFile, C:\workshop_bootloader\BootApp1App2\BootloaderApp\Core\Src\icache.c_save
2025-02-28 12:02:08,318 [INFO] CodeEngine:279 - Generated code: C:\workshop_bootloader\BootApp1App2\BootloaderApp\Core\Src\icache.c
2025-02-28 12:02:08,328 [INFO] CodeEngine:255 - oldGeneratedFile, C:\workshop_bootloader\BootApp1App2\BootloaderApp\Core\Inc\icache.h_save
2025-02-28 12:02:08,424 [INFO] CodeEngine:279 - Generated code: C:\workshop_bootloader\BootApp1App2\BootloaderApp\Core\Inc\icache.h
2025-02-28 12:02:08,455 [INFO] CodeEngine:255 - oldGeneratedFile, C:\workshop_bootloader\BootApp1App2\BootloaderApp\Core\Src\memorymap.c_save
2025-02-28 12:02:08,574 [INFO] CodeEngine:279 - Generated code: C:\workshop_bootloader\BootApp1App2\BootloaderApp\Core\Src\memorymap.c
2025-02-28 12:02:08,583 [INFO] CodeEngine:255 - oldGeneratedFile, C:\workshop_bootloader\BootApp1App2\BootloaderApp\Core\Inc\memorymap.h_save
2025-02-28 12:02:08,677 [INFO] CodeEngine:279 - Generated code: C:\workshop_bootloader\BootApp1App2\BootloaderApp\Core\Inc\memorymap.h
2025-02-28 12:02:08,709 [INFO] CodeEngine:255 - oldGeneratedFile, C:\workshop_bootloader\BootApp1App2\BootloaderApp\Core\Src\ucpd.c_save
2025-02-28 12:02:08,838 [INFO] CodeEngine:279 - Generated code: C:\workshop_bootloader\BootApp1App2\BootloaderApp\Core\Src\ucpd.c
2025-02-28 12:02:08,847 [INFO] CodeEngine:255 - oldGeneratedFile, C:\workshop_bootloader\BootApp1App2\BootloaderApp\Core\Inc\ucpd.h_save
2025-02-28 12:02:08,940 [INFO] CodeEngine:279 - Generated code: C:\workshop_bootloader\BootApp1App2\BootloaderApp\Core\Inc\ucpd.h
2025-02-28 12:02:08,975 [INFO] CodeEngine:255 - oldGeneratedFile, C:\workshop_bootloader\BootApp1App2\BootloaderApp\Core\Src\usart.c_save
2025-02-28 12:02:09,105 [INFO] CodeEngine:279 - Generated code: C:\workshop_bootloader\BootApp1App2\BootloaderApp\Core\Src\usart.c
2025-02-28 12:02:09,114 [INFO] CodeEngine:255 - oldGeneratedFile, C:\workshop_bootloader\BootApp1App2\BootloaderApp\Core\Inc\usart.h_save
2025-02-28 12:02:09,208 [INFO] CodeEngine:279 - Generated code: C:\workshop_bootloader\BootApp1App2\BootloaderApp\Core\Inc\usart.h
2025-02-28 12:02:09,247 [INFO] CodeEngine:255 - oldGeneratedFile, C:\workshop_bootloader\BootApp1App2\BootloaderApp\Core\Src\usb_otg.c_save
2025-02-28 12:02:09,373 [INFO] CodeEngine:279 - Generated code: C:\workshop_bootloader\BootApp1App2\BootloaderApp\Core\Src\usb_otg.c
2025-02-28 12:02:09,381 [INFO] CodeEngine:255 - oldGeneratedFile, C:\workshop_bootloader\BootApp1App2\BootloaderApp\Core\Inc\usb_otg.h_save
2025-02-28 12:02:09,469 [INFO] CodeEngine:279 - Generated code: C:\workshop_bootloader\BootApp1App2\BootloaderApp\Core\Inc\usb_otg.h
2025-02-28 12:02:09,526 [INFO] CodeEngine:255 - oldGeneratedFile, C:\workshop_bootloader\BootApp1App2\BootloaderApp\Core\Src\stm32u5xx_it.c_save
2025-02-28 12:02:09,631 [INFO] CodeEngine:279 - Generated code: C:\workshop_bootloader\BootApp1App2\BootloaderApp\Core\Src\stm32u5xx_it.c
2025-02-28 12:02:09,641 [INFO] CodeEngine:255 - oldGeneratedFile, C:\workshop_bootloader\BootApp1App2\BootloaderApp\Core\Inc\stm32u5xx_it.h_save
2025-02-28 12:02:09,757 [INFO] CodeEngine:279 - Generated code: C:\workshop_bootloader\BootApp1App2\BootloaderApp\Core\Inc\stm32u5xx_it.h
2025-02-28 12:02:09,898 [INFO] CodeEngine:255 - oldGeneratedFile, C:\workshop_bootloader\BootApp1App2\BootloaderApp\Core\Src\stm32u5xx_hal_msp.c_save
2025-02-28 12:02:10,032 [INFO] CodeEngine:279 - Generated code: C:\workshop_bootloader\BootApp1App2\BootloaderApp\Core\Src\stm32u5xx_hal_msp.c
2025-02-28 12:02:10,038 [INFO] CodeEngine:255 - oldGeneratedFile, C:\workshop_bootloader\BootApp1App2\BootloaderApp\MXTmpFiles\system.tmp_save
2025-02-28 12:02:10,138 [INFO] CodeEngine:279 - Generated code: C:\workshop_bootloader\BootApp1App2\BootloaderApp\MXTmpFiles\system.tmp
2025-02-28 12:02:10,161 [INFO] CodeEngine:255 - oldGeneratedFile, C:\workshop_bootloader\BootApp1App2\BootloaderApp\Core\Inc\stm32_assert.h_save
2025-02-28 12:02:10,247 [INFO] CodeEngine:279 - Generated code: C:\workshop_bootloader\BootApp1App2\BootloaderApp\Core\Inc\stm32_assert.h
2025-02-28 12:02:10,280 [INFO] CodeEngine:311 - oldGeneratedFile, C:\workshop_bootloader\BootApp1App2\BootloaderApp\Core\Inc\stm32u5xx_hal_conf.h_save
2025-02-28 12:02:10,425 [INFO] CodeEngine:335 - Generated code: C:\workshop_bootloader\BootApp1App2\BootloaderApp\Core\Inc\stm32u5xx_hal_conf.h
2025-02-28 12:02:10,517 [INFO] CodeEngine:255 - oldGeneratedFile, C:\workshop_bootloader\BootApp1App2\BootloaderApp\Core\Inc\main.h_save
2025-02-28 12:02:10,617 [INFO] CodeEngine:279 - Generated code: C:\workshop_bootloader\BootApp1App2\BootloaderApp\Core\Inc\main.h
2025-02-28 12:02:10,639 [INFO] CodeEngine:255 - oldGeneratedFile, C:\workshop_bootloader\BootApp1App2\BootloaderApp\Core\Src\main.c_save
2025-02-28 12:02:10,756 [INFO] CodeEngine:279 - Generated code: C:\workshop_bootloader\BootApp1App2\BootloaderApp\Core\Src\main.c
2025-02-28 12:02:11,507 [INFO] ProjectBuilder:3163 - Time for Copy HAL[1] : 464mS.
2025-02-28 12:02:11,515 [INFO] ProjectBuilder:4736 - Project Generator version: 4.3.0-B58
2025-02-28 12:02:11,609 [INFO] ConfigFileManager:1503 - The Die is : DIE482
2025-02-28 12:02:13,125 [INFO] ProjectBuilder:5002 - Time for Generating toolchain IDE Files: 1609mS.
2025-02-28 12:02:13,126 [INFO] ProjectBuilder:3034 - Time for Copy CMSIS : 1mS.
2025-02-28 12:02:13,134 [INFO] ProjectBuilder:3034 - Time for Copy CMSIS : 0mS.
2025-02-28 12:03:01,487 [INFO] RtosManager:919 - Current active RTOS is STMicroelectronics.X-CUBE-FREERTOS.1.2.0 [CortexM33]
2025-02-28 12:03:02,876 [ERROR] LogOutputStream:75 - [STDERR_REDIRECT] 
2025-02-28 12:03:03,230 [WARN] IP:2120 - rccPrivilegeSecure not found: check if there is a RefParameter without a condition.
2025-02-28 12:03:03,230 [WARN] IP:2120 - rccSecurity not found: check if there is a RefParameter without a condition.
2025-02-28 12:03:03,333 [WARN] IP:2120 - rccPrivilegeSecure not found: check if there is a RefParameter without a condition.
2025-02-28 12:03:03,333 [WARN] IP:2120 - rccSecurity not found: check if there is a RefParameter without a condition.
2025-02-28 12:04:39,691 [INFO] UtilMem:75 - End SaveConfig() Used Memory: 480782864 Bytes (1073741824)
2025-02-28 12:04:41,392 [INFO] UtilMem:75 - End SaveConfig() Used Memory: 526920208 Bytes (1073741824)
2025-02-28 12:04:44,754 [INFO] UtilMem:75 - End SaveConfig() Used Memory: 653797904 Bytes (1073741824)
2025-02-28 12:05:07,979 [WARN] IP:2120 - rccPrivilegeSecure not found: check if there is a RefParameter without a condition.
2025-02-28 12:05:07,980 [WARN] IP:2120 - rccSecurity not found: check if there is a RefParameter without a condition.
2025-02-28 12:05:08,070 [WARN] IP:2120 - rccPrivilegeSecure not found: check if there is a RefParameter without a condition.
2025-02-28 12:05:08,070 [WARN] IP:2120 - rccSecurity not found: check if there is a RefParameter without a condition.
2025-02-28 12:05:16,680 [WARN] IP:2120 - rccPrivilegeSecure not found: check if there is a RefParameter without a condition.
2025-02-28 12:05:16,681 [WARN] IP:2120 - rccSecurity not found: check if there is a RefParameter without a condition.
2025-02-28 12:05:23,903 [INFO] UtilMem:75 - End SaveConfig() Used Memory: 515085640 Bytes (1073741824)
2025-02-28 12:05:25,530 [INFO] UtilMem:75 - End SaveConfig() Used Memory: 560174408 Bytes (1073741824)
2025-02-28 12:05:28,182 [INFO] UtilMem:75 - End SaveConfig() Used Memory: 685477192 Bytes (1073741824)
2025-02-28 12:05:28,819 [INFO] BlockDiagram:2759 - set Specific Code input for plugin: STMicroelectronics.X-CUBE-FREERTOS.1.2.0
2025-02-28 12:05:28,819 [INFO] BlockDiagram:2759 - set Specific Code input for plugin: PWR
2025-02-28 12:05:28,820 [INFO] BlockDiagram:2759 - set Specific Code input for plugin: RCC
2025-02-28 12:05:28,820 [INFO] BlockDiagram:2759 - set Specific Code input for plugin: I2C
2025-02-28 12:05:28,820 [INFO] BlockDiagram:2759 - set Specific Code input for plugin: USART
2025-02-28 12:05:28,820 [INFO] BlockDiagram:2759 - set Specific Code input for plugin: MEMORYMAP
2025-02-28 12:05:28,820 [INFO] BlockDiagram:2759 - set Specific Code input for plugin: UCPD
2025-02-28 12:05:28,820 [INFO] BlockDiagram:2759 - set Specific Code input for plugin: SYS
2025-02-28 12:05:28,820 [INFO] BlockDiagram:2759 - set Specific Code input for plugin: ADC
2025-02-28 12:05:28,820 [INFO] BlockDiagram:2759 - set Specific Code input for plugin: LPBAM
2025-02-28 12:05:28,820 [INFO] BlockDiagram:2759 - set Specific Code input for plugin: USB_OTG_FS
2025-02-28 12:05:28,820 [INFO] BlockDiagram:2759 - set Specific Code input for plugin: NVIC
2025-02-28 12:05:28,820 [INFO] BlockDiagram:2759 - set Specific Code input for plugin: ICACHE
2025-02-28 12:05:28,820 [INFO] BlockDiagram:2759 - set Specific Code input for plugin: DEBUG
2025-02-28 12:05:28,821 [INFO] BlockDiagram:2759 - set Specific Code input for plugin: GPIO
2025-02-28 12:05:28,821 [INFO] BlockDiagram:2759 - set Specific Code input for plugin: LPBAMQUEUE
2025-02-28 12:05:28,833 [WARN] ThirdPartyIpManager:480 - Condition 'CM33 IAR Condition' not fulfilled in pack 'STMicroelectronics.X-CUBE-FREERTOS.1.2.0'
2025-02-28 12:05:28,834 [WARN] ThirdPartyIpManager:480 - Condition 'CM33 IAR Condition' not fulfilled in pack 'STMicroelectronics.X-CUBE-FREERTOS.1.2.0'
2025-02-28 12:05:28,834 [WARN] ThirdPartyIpManager:480 - Condition 'CM33 IAR Condition' not fulfilled in pack 'STMicroelectronics.X-CUBE-FREERTOS.1.2.0'
2025-02-28 12:05:28,835 [WARN] ThirdPartyIpManager:480 - Condition 'CM0 IAR Condition' not fulfilled in pack 'STMicroelectronics.X-CUBE-FREERTOS.1.2.0'
2025-02-28 12:05:28,835 [WARN] ThirdPartyIpManager:480 - Condition 'CM0 IAR Condition' not fulfilled in pack 'STMicroelectronics.X-CUBE-FREERTOS.1.2.0'
2025-02-28 12:05:28,835 [WARN] ThirdPartyIpManager:480 - Condition 'CM0 IAR Condition' not fulfilled in pack 'STMicroelectronics.X-CUBE-FREERTOS.1.2.0'
2025-02-28 12:05:28,835 [WARN] ThirdPartyIpManager:480 - Condition 'CM0 GNU ARMC6 Condition' not fulfilled in pack 'STMicroelectronics.X-CUBE-FREERTOS.1.2.0'
2025-02-28 12:05:28,835 [WARN] ThirdPartyIpManager:480 - Condition 'CM0 GNU ARMC6 Condition' not fulfilled in pack 'STMicroelectronics.X-CUBE-FREERTOS.1.2.0'
2025-02-28 12:05:28,842 [INFO] CodeGenerator:807 - code generatio: config db path: C:\ST\STM32CubeIDE_1.15.1\STM32CubeIDE\plugins\com.st.stm32cube.common.mx_6.11.1.202404110753\\db\
2025-02-28 12:05:28,889 [WARN] IP:2120 - SRAM5PowerDownInRunMode not found: check if there is a RefParameter without a condition.
2025-02-28 12:05:28,889 [WARN] IP:2120 - SRAM6PowerDownInRunMode not found: check if there is a RefParameter without a condition.
2025-02-28 12:05:28,889 [WARN] IP:2120 - RAM1Page4PowerDownInStopMode not found: check if there is a RefParameter without a condition.
2025-02-28 12:05:28,889 [WARN] IP:2120 - RAM1Page5PowerDownInStopMode not found: check if there is a RefParameter without a condition.
2025-02-28 12:05:28,889 [WARN] IP:2120 - RAM1Page6PowerDownInStopMode not found: check if there is a RefParameter without a condition.
2025-02-28 12:05:28,889 [WARN] IP:2120 - RAM1Page7PowerDownInStopMode not found: check if there is a RefParameter without a condition.
2025-02-28 12:05:28,889 [WARN] IP:2120 - RAM1Page8PowerDownInStopMode not found: check if there is a RefParameter without a condition.
2025-02-28 12:05:28,889 [WARN] IP:2120 - RAM1Page9PowerDownInStopMode not found: check if there is a RefParameter without a condition.
2025-02-28 12:05:28,889 [WARN] IP:2120 - RAM1Page10PowerDownInStopMode not found: check if there is a RefParameter without a condition.
2025-02-28 12:05:28,890 [WARN] IP:2120 - RAM1Page11PowerDownInStopMode not found: check if there is a RefParameter without a condition.
2025-02-28 12:05:28,890 [WARN] IP:2120 - RAM1Page12PowerDownInStopMode not found: check if there is a RefParameter without a condition.
2025-02-28 12:05:28,890 [WARN] IP:2120 - RAM3Page9PowerDownInStopMode not found: check if there is a RefParameter without a condition.
2025-02-28 12:05:28,890 [WARN] IP:2120 - RAM3Page10PowerDownInStopMode not found: check if there is a RefParameter without a condition.
2025-02-28 12:05:28,890 [WARN] IP:2120 - RAM3Page11PowerDownInStopMode not found: check if there is a RefParameter without a condition.
2025-02-28 12:05:28,890 [WARN] IP:2120 - RAM3Page12PowerDownInStopMode not found: check if there is a RefParameter without a condition.
2025-02-28 12:05:28,890 [WARN] IP:2120 - RAM3Page13PowerDownInStopMode not found: check if there is a RefParameter without a condition.
2025-02-28 12:05:28,890 [WARN] IP:2120 - RAM5Page1PowerDownInStopMode not found: check if there is a RefParameter without a condition.
2025-02-28 12:05:28,890 [WARN] IP:2120 - RAM5Page2PowerDownInStopMode not found: check if there is a RefParameter without a condition.
2025-02-28 12:05:28,890 [WARN] IP:2120 - RAM5Page3PowerDownInStopMode not found: check if there is a RefParameter without a condition.
2025-02-28 12:05:28,890 [WARN] IP:2120 - RAM5Page4PowerDownInStopMode not found: check if there is a RefParameter without a condition.
2025-02-28 12:05:28,890 [WARN] IP:2120 - RAM5Page5PowerDownInStopMode not found: check if there is a RefParameter without a condition.
2025-02-28 12:05:28,890 [WARN] IP:2120 - RAM5Page6PowerDownInStopMode not found: check if there is a RefParameter without a condition.
2025-02-28 12:05:28,890 [WARN] IP:2120 - RAM5Page7PowerDownInStopMode not found: check if there is a RefParameter without a condition.
2025-02-28 12:05:28,890 [WARN] IP:2120 - RAM5Page8PowerDownInStopMode not found: check if there is a RefParameter without a condition.
2025-02-28 12:05:28,890 [WARN] IP:2120 - RAM5Page9PowerDownInStopMode not found: check if there is a RefParameter without a condition.
2025-02-28 12:05:28,890 [WARN] IP:2120 - RAM5Page10PowerDownInStopMode not found: check if there is a RefParameter without a condition.
2025-02-28 12:05:28,891 [WARN] IP:2120 - RAM5Page11PowerDownInStopMode not found: check if there is a RefParameter without a condition.
2025-02-28 12:05:28,891 [WARN] IP:2120 - RAM5Page12PowerDownInStopMode not found: check if there is a RefParameter without a condition.
2025-02-28 12:05:28,891 [WARN] IP:2120 - RAM5Page13PowerDownInStopMode not found: check if there is a RefParameter without a condition.
2025-02-28 12:05:28,891 [WARN] IP:2120 - Dcache2PowerDownInStopMode not found: check if there is a RefParameter without a condition.
2025-02-28 12:05:28,891 [WARN] IP:2120 - GRAPHICPRAMPowerDownInStopMode not found: check if there is a RefParameter without a condition.
2025-02-28 12:05:28,891 [WARN] IP:2120 - DSIRAMPowerDownInStopMode not found: check if there is a RefParameter without a condition.
2025-02-28 12:05:28,972 [WARN] IP:2120 - rccPrivilegeSecure not found: check if there is a RefParameter without a condition.
2025-02-28 12:05:28,973 [WARN] IP:2120 - rccSecurity not found: check if there is a RefParameter without a condition.
2025-02-28 12:05:29,125 [INFO] IP:3366 - RTE template : freertos_start.ftl
2025-02-28 12:05:29,141 [INFO] CodeEngine:255 - oldGeneratedFile, C:\workshop_bootloader\BootApp1App2\BootloaderApp\MXTmpFiles\license.tmp_save
2025-02-28 12:05:29,267 [INFO] CodeEngine:279 - Generated code: C:\workshop_bootloader\BootApp1App2\BootloaderApp\MXTmpFiles\license.tmp
2025-02-28 12:05:29,364 [INFO] CodeEngine:255 - oldGeneratedFile, C:\workshop_bootloader\BootApp1App2\BootloaderApp\Core\Src\gpio.c_save
2025-02-28 12:05:29,468 [INFO] CodeEngine:279 - Generated code: C:\workshop_bootloader\BootApp1App2\BootloaderApp\Core\Src\gpio.c
2025-02-28 12:05:29,489 [INFO] CodeEngine:255 - oldGeneratedFile, C:\workshop_bootloader\BootApp1App2\BootloaderApp\Core\Inc\gpio.h_save
2025-02-28 12:05:29,575 [INFO] CodeEngine:279 - Generated code: C:\workshop_bootloader\BootApp1App2\BootloaderApp\Core\Inc\gpio.h
2025-02-28 12:05:29,745 [WARN] IPConfigManager:98 - WARNING: Missing Config File for DEBUG ip!!
2025-02-28 12:05:30,003 [WARN] IPConfigManager:98 - WARNING: Missing Config File for MEMORYMAP ip!!
2025-02-28 12:05:30,003 [WARN] IP:2120 - DefaultDataRegion not found: check if there is a RefParameter without a condition.
2025-02-28 12:05:30,449 [WARN] IPConfigManager:4238 - WARNING: Missing Config File for LINKEDLIST ip!!
2025-02-28 12:05:30,688 [WARN] IPConfigManager:2982 - Warning: the RefConfig PWREx_EnableUSBVoltageDetector is not available in your config.xml file
2025-02-28 12:05:30,729 [INFO] Middleware:1439 - No code input for Bsp Dependency
2025-02-28 12:05:30,760 [INFO] CodeEngine:255 - oldGeneratedFile, C:\workshop_bootloader\BootApp1App2\BootloaderApp\MXTmpFiles\rtos_obj_creat.tmp_save
2025-02-28 12:05:30,881 [INFO] CodeEngine:279 - Generated code: C:\workshop_bootloader\BootApp1App2\BootloaderApp\MXTmpFiles\rtos_obj_creat.tmp
2025-02-28 12:05:30,900 [INFO] CodeEngine:255 - oldGeneratedFile, C:\workshop_bootloader\BootApp1App2\BootloaderApp\MXTmpFiles\rtos_typedefs.tmp_save
2025-02-28 12:05:31,000 [INFO] CodeEngine:279 - Generated code: C:\workshop_bootloader\BootApp1App2\BootloaderApp\MXTmpFiles\rtos_typedefs.tmp
2025-02-28 12:05:31,020 [INFO] CodeEngine:255 - oldGeneratedFile, C:\workshop_bootloader\BootApp1App2\BootloaderApp\MXTmpFiles\rtos_vars.tmp_save
2025-02-28 12:05:31,130 [INFO] CodeEngine:279 - Generated code: C:\workshop_bootloader\BootApp1App2\BootloaderApp\MXTmpFiles\rtos_vars.tmp
2025-02-28 12:05:31,150 [INFO] CodeEngine:255 - oldGeneratedFile, C:\workshop_bootloader\BootApp1App2\BootloaderApp\MXTmpFiles\rtos_threads.tmp_save
2025-02-28 12:05:31,262 [INFO] CodeEngine:279 - Generated code: C:\workshop_bootloader\BootApp1App2\BootloaderApp\MXTmpFiles\rtos_threads.tmp
2025-02-28 12:05:31,278 [INFO] CodeEngine:255 - oldGeneratedFile, C:\workshop_bootloader\BootApp1App2\BootloaderApp\MXTmpFiles\rtos_inc.tmp_save
2025-02-28 12:05:31,383 [INFO] CodeEngine:279 - Generated code: C:\workshop_bootloader\BootApp1App2\BootloaderApp\MXTmpFiles\rtos_inc.tmp
2025-02-28 12:05:31,399 [INFO] CodeEngine:255 - oldGeneratedFile, C:\workshop_bootloader\BootApp1App2\BootloaderApp\MXTmpFiles\rtos_pfp.tmp_save
2025-02-28 12:05:31,508 [INFO] CodeEngine:279 - Generated code: C:\workshop_bootloader\BootApp1App2\BootloaderApp\MXTmpFiles\rtos_pfp.tmp
2025-02-28 12:05:31,526 [INFO] CodeEngine:255 - oldGeneratedFile, C:\workshop_bootloader\BootApp1App2\BootloaderApp\MXTmpFiles\rtos_kernelInit.tmp_save
2025-02-28 12:05:31,634 [INFO] CodeEngine:279 - Generated code: C:\workshop_bootloader\BootApp1App2\BootloaderApp\MXTmpFiles\rtos_kernelInit.tmp
2025-02-28 12:05:31,650 [INFO] CodeEngine:255 - oldGeneratedFile, C:\workshop_bootloader\BootApp1App2\BootloaderApp\MXTmpFiles\rtos_kernelStart.tmp_save
2025-02-28 12:05:31,748 [INFO] CodeEngine:279 - Generated code: C:\workshop_bootloader\BootApp1App2\BootloaderApp\MXTmpFiles\rtos_kernelStart.tmp
2025-02-28 12:05:31,754 [INFO] Middleware:1439 - No code input for Bsp Dependency
2025-02-28 12:05:31,768 [INFO] CodeEngine:255 - oldGeneratedFile, C:\workshop_bootloader\BootApp1App2\BootloaderApp\MXTmpFiles\rtos_obj_creat.tmp_save
2025-02-28 12:05:31,877 [INFO] CodeEngine:279 - Generated code: C:\workshop_bootloader\BootApp1App2\BootloaderApp\MXTmpFiles\rtos_obj_creat.tmp
2025-02-28 12:05:31,885 [INFO] CodeEngine:255 - oldGeneratedFile, C:\workshop_bootloader\BootApp1App2\BootloaderApp\MXTmpFiles\rtos_typedefs.tmp_save
2025-02-28 12:05:31,973 [INFO] CodeEngine:279 - Generated code: C:\workshop_bootloader\BootApp1App2\BootloaderApp\MXTmpFiles\rtos_typedefs.tmp
2025-02-28 12:05:31,981 [INFO] CodeEngine:255 - oldGeneratedFile, C:\workshop_bootloader\BootApp1App2\BootloaderApp\MXTmpFiles\rtos_vars.tmp_save
2025-02-28 12:05:32,069 [INFO] CodeEngine:279 - Generated code: C:\workshop_bootloader\BootApp1App2\BootloaderApp\MXTmpFiles\rtos_vars.tmp
2025-02-28 12:05:32,078 [INFO] CodeEngine:255 - oldGeneratedFile, C:\workshop_bootloader\BootApp1App2\BootloaderApp\MXTmpFiles\rtos_threads.tmp_save
2025-02-28 12:05:32,163 [INFO] CodeEngine:279 - Generated code: C:\workshop_bootloader\BootApp1App2\BootloaderApp\MXTmpFiles\rtos_threads.tmp
2025-02-28 12:05:32,172 [INFO] CodeEngine:255 - oldGeneratedFile, C:\workshop_bootloader\BootApp1App2\BootloaderApp\MXTmpFiles\rtos_inc.tmp_save
2025-02-28 12:05:32,253 [INFO] CodeEngine:279 - Generated code: C:\workshop_bootloader\BootApp1App2\BootloaderApp\MXTmpFiles\rtos_inc.tmp
2025-02-28 12:05:32,261 [INFO] CodeEngine:255 - oldGeneratedFile, C:\workshop_bootloader\BootApp1App2\BootloaderApp\MXTmpFiles\rtos_pfp.tmp_save
2025-02-28 12:05:32,348 [INFO] CodeEngine:279 - Generated code: C:\workshop_bootloader\BootApp1App2\BootloaderApp\MXTmpFiles\rtos_pfp.tmp
2025-02-28 12:05:32,356 [INFO] CodeEngine:255 - oldGeneratedFile, C:\workshop_bootloader\BootApp1App2\BootloaderApp\MXTmpFiles\rtos_kernelInit.tmp_save
2025-02-28 12:05:32,439 [INFO] CodeEngine:279 - Generated code: C:\workshop_bootloader\BootApp1App2\BootloaderApp\MXTmpFiles\rtos_kernelInit.tmp
2025-02-28 12:05:32,448 [INFO] CodeEngine:255 - oldGeneratedFile, C:\workshop_bootloader\BootApp1App2\BootloaderApp\MXTmpFiles\rtos_kernelStart.tmp_save
2025-02-28 12:05:32,528 [INFO] CodeEngine:279 - Generated code: C:\workshop_bootloader\BootApp1App2\BootloaderApp\MXTmpFiles\rtos_kernelStart.tmp
2025-02-28 12:05:32,552 [INFO] CodeEngine:255 - oldGeneratedFile, C:\workshop_bootloader\BootApp1App2\BootloaderApp\Core\Inc\FreeRTOSConfig.h_save
2025-02-28 12:05:32,706 [INFO] CodeEngine:279 - Generated code: C:\workshop_bootloader\BootApp1App2\BootloaderApp\Core\Inc\FreeRTOSConfig.h
2025-02-28 12:05:32,731 [INFO] CodeEngine:255 - oldGeneratedFile, C:\workshop_bootloader\BootApp1App2\BootloaderApp\Core\Src\app_freertos.c_save
2025-02-28 12:05:32,885 [INFO] CodeEngine:279 - Generated code: C:\workshop_bootloader\BootApp1App2\BootloaderApp\Core\Src\app_freertos.c
2025-02-28 12:05:32,909 [INFO] CodeEngine:255 - oldGeneratedFile, C:\workshop_bootloader\BootApp1App2\BootloaderApp\Core\Inc\app_freertos.h_save
2025-02-28 12:05:33,051 [INFO] CodeEngine:279 - Generated code: C:\workshop_bootloader\BootApp1App2\BootloaderApp\Core\Inc\app_freertos.h
2025-02-28 12:05:33,086 [INFO] CodeEngine:255 - oldGeneratedFile, C:\workshop_bootloader\BootApp1App2\BootloaderApp\Core\Src\adc.c_save
2025-02-28 12:05:33,219 [INFO] CodeEngine:279 - Generated code: C:\workshop_bootloader\BootApp1App2\BootloaderApp\Core\Src\adc.c
2025-02-28 12:05:33,227 [INFO] CodeEngine:255 - oldGeneratedFile, C:\workshop_bootloader\BootApp1App2\BootloaderApp\Core\Inc\adc.h_save
2025-02-28 12:05:33,313 [INFO] CodeEngine:279 - Generated code: C:\workshop_bootloader\BootApp1App2\BootloaderApp\Core\Inc\adc.h
2025-02-28 12:05:33,329 [INFO] CodeEngine:255 - oldGeneratedFile, C:\workshop_bootloader\BootApp1App2\BootloaderApp\MXTmpFiles\cortex.tmp_save
2025-02-28 12:05:33,449 [INFO] CodeEngine:279 - Generated code: C:\workshop_bootloader\BootApp1App2\BootloaderApp\MXTmpFiles\cortex.tmp
2025-02-28 12:05:33,487 [INFO] CodeEngine:255 - oldGeneratedFile, C:\workshop_bootloader\BootApp1App2\BootloaderApp\Core\Src\i2c.c_save
2025-02-28 12:05:33,671 [INFO] CodeEngine:279 - Generated code: C:\workshop_bootloader\BootApp1App2\BootloaderApp\Core\Src\i2c.c
2025-02-28 12:05:33,694 [INFO] CodeEngine:255 - oldGeneratedFile, C:\workshop_bootloader\BootApp1App2\BootloaderApp\Core\Inc\i2c.h_save
2025-02-28 12:05:33,791 [INFO] CodeEngine:279 - Generated code: C:\workshop_bootloader\BootApp1App2\BootloaderApp\Core\Inc\i2c.h
2025-02-28 12:05:33,822 [INFO] CodeEngine:255 - oldGeneratedFile, C:\workshop_bootloader\BootApp1App2\BootloaderApp\Core\Src\icache.c_save
2025-02-28 12:05:33,936 [INFO] CodeEngine:279 - Generated code: C:\workshop_bootloader\BootApp1App2\BootloaderApp\Core\Src\icache.c
2025-02-28 12:05:33,945 [INFO] CodeEngine:255 - oldGeneratedFile, C:\workshop_bootloader\BootApp1App2\BootloaderApp\Core\Inc\icache.h_save
2025-02-28 12:05:34,033 [INFO] CodeEngine:279 - Generated code: C:\workshop_bootloader\BootApp1App2\BootloaderApp\Core\Inc\icache.h
2025-02-28 12:05:34,068 [INFO] CodeEngine:255 - oldGeneratedFile, C:\workshop_bootloader\BootApp1App2\BootloaderApp\Core\Src\memorymap.c_save
2025-02-28 12:05:34,188 [INFO] CodeEngine:279 - Generated code: C:\workshop_bootloader\BootApp1App2\BootloaderApp\Core\Src\memorymap.c
2025-02-28 12:05:34,196 [INFO] CodeEngine:255 - oldGeneratedFile, C:\workshop_bootloader\BootApp1App2\BootloaderApp\Core\Inc\memorymap.h_save
2025-02-28 12:05:34,286 [INFO] CodeEngine:279 - Generated code: C:\workshop_bootloader\BootApp1App2\BootloaderApp\Core\Inc\memorymap.h
2025-02-28 12:05:34,319 [INFO] CodeEngine:255 - oldGeneratedFile, C:\workshop_bootloader\BootApp1App2\BootloaderApp\Core\Src\ucpd.c_save
2025-02-28 12:05:34,441 [INFO] CodeEngine:279 - Generated code: C:\workshop_bootloader\BootApp1App2\BootloaderApp\Core\Src\ucpd.c
2025-02-28 12:05:34,451 [INFO] CodeEngine:255 - oldGeneratedFile, C:\workshop_bootloader\BootApp1App2\BootloaderApp\Core\Inc\ucpd.h_save
2025-02-28 12:05:34,538 [INFO] CodeEngine:279 - Generated code: C:\workshop_bootloader\BootApp1App2\BootloaderApp\Core\Inc\ucpd.h
2025-02-28 12:05:34,569 [INFO] CodeEngine:255 - oldGeneratedFile, C:\workshop_bootloader\BootApp1App2\BootloaderApp\Core\Src\usart.c_save
2025-02-28 12:05:34,695 [INFO] CodeEngine:279 - Generated code: C:\workshop_bootloader\BootApp1App2\BootloaderApp\Core\Src\usart.c
2025-02-28 12:05:34,703 [INFO] CodeEngine:255 - oldGeneratedFile, C:\workshop_bootloader\BootApp1App2\BootloaderApp\Core\Inc\usart.h_save
2025-02-28 12:05:34,792 [INFO] CodeEngine:279 - Generated code: C:\workshop_bootloader\BootApp1App2\BootloaderApp\Core\Inc\usart.h
2025-02-28 12:05:34,831 [INFO] CodeEngine:255 - oldGeneratedFile, C:\workshop_bootloader\BootApp1App2\BootloaderApp\Core\Src\usb_otg.c_save
2025-02-28 12:05:34,996 [INFO] CodeEngine:279 - Generated code: C:\workshop_bootloader\BootApp1App2\BootloaderApp\Core\Src\usb_otg.c
2025-02-28 12:05:35,006 [INFO] CodeEngine:255 - oldGeneratedFile, C:\workshop_bootloader\BootApp1App2\BootloaderApp\Core\Inc\usb_otg.h_save
2025-02-28 12:05:35,092 [INFO] CodeEngine:279 - Generated code: C:\workshop_bootloader\BootApp1App2\BootloaderApp\Core\Inc\usb_otg.h
2025-02-28 12:05:35,153 [INFO] CodeEngine:255 - oldGeneratedFile, C:\workshop_bootloader\BootApp1App2\BootloaderApp\Core\Src\stm32u5xx_it.c_save
2025-02-28 12:05:35,314 [INFO] CodeEngine:279 - Generated code: C:\workshop_bootloader\BootApp1App2\BootloaderApp\Core\Src\stm32u5xx_it.c
2025-02-28 12:05:35,324 [INFO] CodeEngine:255 - oldGeneratedFile, C:\workshop_bootloader\BootApp1App2\BootloaderApp\Core\Inc\stm32u5xx_it.h_save
2025-02-28 12:05:35,450 [INFO] CodeEngine:279 - Generated code: C:\workshop_bootloader\BootApp1App2\BootloaderApp\Core\Inc\stm32u5xx_it.h
2025-02-28 12:05:35,581 [INFO] CodeEngine:255 - oldGeneratedFile, C:\workshop_bootloader\BootApp1App2\BootloaderApp\Core\Src\stm32u5xx_hal_msp.c_save
2025-02-28 12:05:35,749 [INFO] CodeEngine:279 - Generated code: C:\workshop_bootloader\BootApp1App2\BootloaderApp\Core\Src\stm32u5xx_hal_msp.c
2025-02-28 12:05:35,757 [INFO] CodeEngine:255 - oldGeneratedFile, C:\workshop_bootloader\BootApp1App2\BootloaderApp\MXTmpFiles\system.tmp_save
2025-02-28 12:05:35,848 [INFO] CodeEngine:279 - Generated code: C:\workshop_bootloader\BootApp1App2\BootloaderApp\MXTmpFiles\system.tmp
2025-02-28 12:05:35,856 [INFO] CodeEngine:255 - oldGeneratedFile, C:\workshop_bootloader\BootApp1App2\BootloaderApp\Core\Inc\stm32_assert.h_save
2025-02-28 12:05:35,947 [INFO] CodeEngine:279 - Generated code: C:\workshop_bootloader\BootApp1App2\BootloaderApp\Core\Inc\stm32_assert.h
2025-02-28 12:05:35,971 [INFO] CodeEngine:255 - oldGeneratedFile, C:\workshop_bootloader\BootApp1App2\BootloaderApp\Core\Src\stm32u5xx_hal_timebase_tim.c_save
2025-02-28 12:05:36,118 [INFO] CodeEngine:279 - Generated code: C:\workshop_bootloader\BootApp1App2\BootloaderApp\Core\Src\stm32u5xx_hal_timebase_tim.c
2025-02-28 12:05:36,149 [INFO] CodeEngine:311 - oldGeneratedFile, C:\workshop_bootloader\BootApp1App2\BootloaderApp\Core\Inc\stm32u5xx_hal_conf.h_save
2025-02-28 12:05:36,304 [INFO] CodeEngine:335 - Generated code: C:\workshop_bootloader\BootApp1App2\BootloaderApp\Core\Inc\stm32u5xx_hal_conf.h
2025-02-28 12:05:36,413 [INFO] CodeEngine:255 - oldGeneratedFile, C:\workshop_bootloader\BootApp1App2\BootloaderApp\Core\Inc\main.h_save
2025-02-28 12:05:36,513 [INFO] CodeEngine:279 - Generated code: C:\workshop_bootloader\BootApp1App2\BootloaderApp\Core\Inc\main.h
2025-02-28 12:05:36,536 [INFO] CodeEngine:255 - oldGeneratedFile, C:\workshop_bootloader\BootApp1App2\BootloaderApp\Core\Src\main.c_save
2025-02-28 12:05:36,705 [INFO] CodeEngine:279 - Generated code: C:\workshop_bootloader\BootApp1App2\BootloaderApp\Core\Src\main.c
2025-02-28 12:05:37,470 [INFO] ProjectBuilder:3163 - Time for Copy HAL[1] : 486mS.
2025-02-28 12:05:37,471 [ERROR] Middleware:2969 - Invalid RefComponent liste
2025-02-28 12:05:37,471 [ERROR] Middleware:2969 - Invalid RefComponent liste
2025-02-28 12:05:37,471 [ERROR] Middleware:2969 - Invalid RefComponent liste
2025-02-28 12:05:37,471 [ERROR] Middleware:2969 - Invalid RefComponent liste
2025-02-28 12:05:37,471 [ERROR] Middleware:2969 - Invalid RefComponent liste
2025-02-28 12:05:37,471 [ERROR] Middleware:2969 - Invalid RefComponent liste
2025-02-28 12:05:37,471 [ERROR] Middleware:2969 - Invalid RefComponent liste
2025-02-28 12:05:37,471 [ERROR] Middleware:2969 - Invalid RefComponent liste
2025-02-28 12:05:37,471 [ERROR] Middleware:2969 - Invalid RefComponent liste
2025-02-28 12:05:37,471 [ERROR] Middleware:2969 - Invalid RefComponent liste
2025-02-28 12:05:37,471 [ERROR] Middleware:2969 - Invalid RefComponent liste
2025-02-28 12:05:37,472 [ERROR] Middleware:2969 - Invalid RefComponent liste
2025-02-28 12:05:37,472 [ERROR] Middleware:2969 - Invalid RefComponent liste
2025-02-28 12:05:37,472 [ERROR] Middleware:2969 - Invalid RefComponent liste
2025-02-28 12:05:37,472 [ERROR] Middleware:2969 - Invalid RefComponent liste
2025-02-28 12:05:37,472 [ERROR] Middleware:2969 - Invalid RefComponent liste
2025-02-28 12:05:37,472 [ERROR] Middleware:2969 - Invalid RefComponent liste
2025-02-28 12:05:37,472 [ERROR] Middleware:2969 - Invalid RefComponent liste
2025-02-28 12:05:37,472 [ERROR] Middleware:2969 - Invalid RefComponent liste
2025-02-28 12:05:37,472 [ERROR] Middleware:2969 - Invalid RefComponent liste
2025-02-28 12:05:37,472 [ERROR] Middleware:2969 - Invalid RefComponent liste
2025-02-28 12:05:37,472 [ERROR] Middleware:2969 - Invalid RefComponent liste
2025-02-28 12:05:37,472 [ERROR] Middleware:2969 - Invalid RefComponent liste
2025-02-28 12:05:37,472 [ERROR] Middleware:2969 - Invalid RefComponent liste
2025-02-28 12:05:37,473 [ERROR] Middleware:2969 - Invalid RefComponent liste
2025-02-28 12:05:37,473 [ERROR] Middleware:2969 - Invalid RefComponent liste
2025-02-28 12:05:37,473 [ERROR] Middleware:2969 - Invalid RefComponent liste
2025-02-28 12:05:37,473 [ERROR] Middleware:2969 - Invalid RefComponent liste
2025-02-28 12:05:37,473 [ERROR] Middleware:2969 - Invalid RefComponent liste
2025-02-28 12:05:37,473 [ERROR] Middleware:2969 - Invalid RefComponent liste
2025-02-28 12:05:37,473 [ERROR] Middleware:2969 - Invalid RefComponent liste
2025-02-28 12:05:37,473 [ERROR] Middleware:2969 - Invalid RefComponent liste
2025-02-28 12:05:37,473 [ERROR] Middleware:2969 - Invalid RefComponent liste
2025-02-28 12:05:37,473 [ERROR] Middleware:2969 - Invalid RefComponent liste
2025-02-28 12:05:37,473 [ERROR] Middleware:2969 - Invalid RefComponent liste
2025-02-28 12:05:37,473 [ERROR] Middleware:2969 - Invalid RefComponent liste
2025-02-28 12:05:37,473 [ERROR] Middleware:2969 - Invalid RefComponent liste
2025-02-28 12:05:37,473 [ERROR] Middleware:2969 - Invalid RefComponent liste
2025-02-28 12:05:37,473 [ERROR] Middleware:2969 - Invalid RefComponent liste
2025-02-28 12:05:37,473 [ERROR] Middleware:2969 - Invalid RefComponent liste
2025-02-28 12:05:37,474 [ERROR] Middleware:2969 - Invalid RefComponent liste
2025-02-28 12:05:37,474 [ERROR] Middleware:2969 - Invalid RefComponent liste
2025-02-28 12:05:37,474 [ERROR] Middleware:2969 - Invalid RefComponent liste
2025-02-28 12:05:37,474 [ERROR] Middleware:2969 - Invalid RefComponent liste
2025-02-28 12:05:37,474 [ERROR] Middleware:2969 - Invalid RefComponent liste
2025-02-28 12:05:37,474 [ERROR] Middleware:2969 - Invalid RefComponent liste
2025-02-28 12:05:37,474 [ERROR] Middleware:2969 - Invalid RefComponent liste
2025-02-28 12:05:37,474 [ERROR] Middleware:2969 - Invalid RefComponent liste
2025-02-28 12:05:37,474 [ERROR] Middleware:2969 - Invalid RefComponent liste
2025-02-28 12:05:37,474 [ERROR] Middleware:2969 - Invalid RefComponent liste
2025-02-28 12:05:37,474 [ERROR] Middleware:2969 - Invalid RefComponent liste
2025-02-28 12:05:37,474 [ERROR] Middleware:2969 - Invalid RefComponent liste
2025-02-28 12:05:37,474 [ERROR] Middleware:2969 - Invalid RefComponent liste
2025-02-28 12:05:37,474 [ERROR] Middleware:2969 - Invalid RefComponent liste
2025-02-28 12:05:37,474 [ERROR] Middleware:2969 - Invalid RefComponent liste
2025-02-28 12:05:37,475 [ERROR] Middleware:2969 - Invalid RefComponent liste
2025-02-28 12:05:37,475 [ERROR] Middleware:2969 - Invalid RefComponent liste
2025-02-28 12:05:37,475 [ERROR] Middleware:2969 - Invalid RefComponent liste
2025-02-28 12:05:37,475 [ERROR] Middleware:2969 - Invalid RefComponent liste
2025-02-28 12:05:37,475 [ERROR] Middleware:2969 - Invalid RefComponent liste
2025-02-28 12:05:37,475 [ERROR] Middleware:2969 - Invalid RefComponent liste
2025-02-28 12:05:37,475 [ERROR] Middleware:2969 - Invalid RefComponent liste
2025-02-28 12:05:37,475 [ERROR] Middleware:2969 - Invalid RefComponent liste
2025-02-28 12:05:37,475 [ERROR] Middleware:2969 - Invalid RefComponent liste
2025-02-28 12:05:37,475 [ERROR] Middleware:2969 - Invalid RefComponent liste
2025-02-28 12:05:37,475 [ERROR] Middleware:2969 - Invalid RefComponent liste
2025-02-28 12:05:37,475 [ERROR] Middleware:2969 - Invalid RefComponent liste
2025-02-28 12:05:37,475 [ERROR] Middleware:2969 - Invalid RefComponent liste
2025-02-28 12:05:37,475 [ERROR] Middleware:2969 - Invalid RefComponent liste
2025-02-28 12:05:37,476 [ERROR] Middleware:2969 - Invalid RefComponent liste
2025-02-28 12:05:37,476 [ERROR] Middleware:2969 - Invalid RefComponent liste
2025-02-28 12:05:37,476 [ERROR] Middleware:2969 - Invalid RefComponent liste
2025-02-28 12:05:37,476 [ERROR] Middleware:2969 - Invalid RefComponent liste
2025-02-28 12:05:37,476 [ERROR] Middleware:2969 - Invalid RefComponent liste
2025-02-28 12:05:37,476 [ERROR] Middleware:2969 - Invalid RefComponent liste
2025-02-28 12:05:37,476 [ERROR] Middleware:2969 - Invalid RefComponent liste
2025-02-28 12:05:37,476 [ERROR] Middleware:2969 - Invalid RefComponent liste
2025-02-28 12:05:37,476 [ERROR] Middleware:2969 - Invalid RefComponent liste
2025-02-28 12:05:37,476 [ERROR] Middleware:2969 - Invalid RefComponent liste
2025-02-28 12:05:37,476 [ERROR] Middleware:2969 - Invalid RefComponent liste
2025-02-28 12:05:37,476 [ERROR] Middleware:2969 - Invalid RefComponent liste
2025-02-28 12:05:37,477 [ERROR] Middleware:2969 - Invalid RefComponent liste
2025-02-28 12:05:37,477 [ERROR] Middleware:2969 - Invalid RefComponent liste
2025-02-28 12:05:37,477 [ERROR] Middleware:2969 - Invalid RefComponent liste
2025-02-28 12:05:37,477 [ERROR] Middleware:2969 - Invalid RefComponent liste
2025-02-28 12:05:37,477 [ERROR] Middleware:2969 - Invalid RefComponent liste
2025-02-28 12:05:37,477 [ERROR] Middleware:2969 - Invalid RefComponent liste
2025-02-28 12:05:37,477 [ERROR] Middleware:2969 - Invalid RefComponent liste
2025-02-28 12:05:37,477 [ERROR] Middleware:2969 - Invalid RefComponent liste
2025-02-28 12:05:37,477 [ERROR] Middleware:2969 - Invalid RefComponent liste
2025-02-28 12:05:37,477 [ERROR] Middleware:2969 - Invalid RefComponent liste
2025-02-28 12:05:37,477 [ERROR] Middleware:2969 - Invalid RefComponent liste
2025-02-28 12:05:37,477 [ERROR] Middleware:2969 - Invalid RefComponent liste
2025-02-28 12:05:37,477 [ERROR] Middleware:2969 - Invalid RefComponent liste
2025-02-28 12:05:37,477 [ERROR] Middleware:2969 - Invalid RefComponent liste
2025-02-28 12:05:37,478 [ERROR] Middleware:2969 - Invalid RefComponent liste
2025-02-28 12:05:37,478 [ERROR] Middleware:2969 - Invalid RefComponent liste
2025-02-28 12:05:37,478 [ERROR] Middleware:2969 - Invalid RefComponent liste
2025-02-28 12:05:37,478 [ERROR] Middleware:2969 - Invalid RefComponent liste
2025-02-28 12:05:37,478 [ERROR] Middleware:2969 - Invalid RefComponent liste
2025-02-28 12:05:37,478 [ERROR] Middleware:2969 - Invalid RefComponent liste
2025-02-28 12:05:37,478 [ERROR] Middleware:2969 - Invalid RefComponent liste
2025-02-28 12:05:37,478 [ERROR] Middleware:2969 - Invalid RefComponent liste
2025-02-28 12:05:37,478 [ERROR] Middleware:2969 - Invalid RefComponent liste
2025-02-28 12:05:37,478 [ERROR] Middleware:2969 - Invalid RefComponent liste
2025-02-28 12:05:37,478 [ERROR] Middleware:2969 - Invalid RefComponent liste
2025-02-28 12:05:37,478 [ERROR] Middleware:2969 - Invalid RefComponent liste
2025-02-28 12:05:37,478 [ERROR] Middleware:2969 - Invalid RefComponent liste
2025-02-28 12:05:37,478 [ERROR] Middleware:2969 - Invalid RefComponent liste
2025-02-28 12:05:37,478 [ERROR] Middleware:2969 - Invalid RefComponent liste
2025-02-28 12:05:37,478 [ERROR] Middleware:2969 - Invalid RefComponent liste
2025-02-28 12:05:37,479 [ERROR] Middleware:2969 - Invalid RefComponent liste
2025-02-28 12:05:37,479 [ERROR] Middleware:2969 - Invalid RefComponent liste
2025-02-28 12:05:37,479 [ERROR] Middleware:2969 - Invalid RefComponent liste
2025-02-28 12:05:37,479 [ERROR] Middleware:2969 - Invalid RefComponent liste
2025-02-28 12:05:37,479 [ERROR] Middleware:2969 - Invalid RefComponent liste
2025-02-28 12:05:37,479 [ERROR] Middleware:2969 - Invalid RefComponent liste
2025-02-28 12:05:37,479 [ERROR] Middleware:2969 - Invalid RefComponent liste
2025-02-28 12:05:37,479 [ERROR] Middleware:2969 - Invalid RefComponent liste
2025-02-28 12:05:37,479 [ERROR] Middleware:2969 - Invalid RefComponent liste
2025-02-28 12:05:37,479 [ERROR] Middleware:2969 - Invalid RefComponent liste
2025-02-28 12:05:37,479 [ERROR] Middleware:2969 - Invalid RefComponent liste
2025-02-28 12:05:37,479 [ERROR] Middleware:2969 - Invalid RefComponent liste
2025-02-28 12:05:37,479 [ERROR] Middleware:2969 - Invalid RefComponent liste
2025-02-28 12:05:37,479 [ERROR] Middleware:2969 - Invalid RefComponent liste
2025-02-28 12:05:37,479 [ERROR] Middleware:2969 - Invalid RefComponent liste
2025-02-28 12:05:37,479 [ERROR] Middleware:2969 - Invalid RefComponent liste
2025-02-28 12:05:37,480 [ERROR] Middleware:2969 - Invalid RefComponent liste
2025-02-28 12:05:37,480 [ERROR] Middleware:2969 - Invalid RefComponent liste
2025-02-28 12:05:37,480 [ERROR] Middleware:2969 - Invalid RefComponent liste
2025-02-28 12:05:37,480 [ERROR] Middleware:2969 - Invalid RefComponent liste
2025-02-28 12:05:37,480 [ERROR] Middleware:2969 - Invalid RefComponent liste
2025-02-28 12:05:37,480 [ERROR] Middleware:2969 - Invalid RefComponent liste
2025-02-28 12:05:37,480 [ERROR] Middleware:2969 - Invalid RefComponent liste
2025-02-28 12:05:37,480 [ERROR] Middleware:2969 - Invalid RefComponent liste
2025-02-28 12:05:37,480 [ERROR] Middleware:2969 - Invalid RefComponent liste
2025-02-28 12:05:37,480 [ERROR] Middleware:2969 - Invalid RefComponent liste
2025-02-28 12:05:37,480 [ERROR] Middleware:2969 - Invalid RefComponent liste
2025-02-28 12:05:37,480 [ERROR] Middleware:2969 - Invalid RefComponent liste
2025-02-28 12:05:37,480 [ERROR] Middleware:2969 - Invalid RefComponent liste
2025-02-28 12:05:37,480 [ERROR] Middleware:2969 - Invalid RefComponent liste
2025-02-28 12:05:37,480 [ERROR] Middleware:2969 - Invalid RefComponent liste
2025-02-28 12:05:37,480 [ERROR] Middleware:2969 - Invalid RefComponent liste
2025-02-28 12:05:37,481 [ERROR] Middleware:2969 - Invalid RefComponent liste
2025-02-28 12:05:37,481 [ERROR] Middleware:2969 - Invalid RefComponent liste
2025-02-28 12:05:37,481 [ERROR] Middleware:2969 - Invalid RefComponent liste
2025-02-28 12:05:37,481 [ERROR] Middleware:2969 - Invalid RefComponent liste
2025-02-28 12:05:37,481 [ERROR] Middleware:2969 - Invalid RefComponent liste
2025-02-28 12:05:37,481 [ERROR] Middleware:2969 - Invalid RefComponent liste
2025-02-28 12:05:37,481 [ERROR] Middleware:2969 - Invalid RefComponent liste
2025-02-28 12:05:37,481 [ERROR] Middleware:2969 - Invalid RefComponent liste
2025-02-28 12:05:37,481 [ERROR] Middleware:2969 - Invalid RefComponent liste
2025-02-28 12:05:37,481 [ERROR] Middleware:2969 - Invalid RefComponent liste
2025-02-28 12:05:37,481 [ERROR] Middleware:2969 - Invalid RefComponent liste
2025-02-28 12:05:37,481 [ERROR] Middleware:2969 - Invalid RefComponent liste
2025-02-28 12:05:37,482 [ERROR] Middleware:2969 - Invalid RefComponent liste
2025-02-28 12:05:37,482 [ERROR] Middleware:2969 - Invalid RefComponent liste
2025-02-28 12:05:37,482 [ERROR] Middleware:2969 - Invalid RefComponent liste
2025-02-28 12:05:37,482 [ERROR] Middleware:2969 - Invalid RefComponent liste
2025-02-28 12:05:37,482 [ERROR] Middleware:2969 - Invalid RefComponent liste
2025-02-28 12:05:37,482 [ERROR] Middleware:2969 - Invalid RefComponent liste
2025-02-28 12:05:37,482 [ERROR] Middleware:2969 - Invalid RefComponent liste
2025-02-28 12:05:37,483 [WARN] ThirdPartyIpManager:480 - Condition 'CM33 IAR Condition' not fulfilled in pack 'STMicroelectronics.X-CUBE-FREERTOS.1.2.0'
2025-02-28 12:05:37,483 [WARN] ThirdPartyIpManager:480 - Condition 'CM33 IAR Condition' not fulfilled in pack 'STMicroelectronics.X-CUBE-FREERTOS.1.2.0'
2025-02-28 12:05:37,483 [WARN] ThirdPartyIpManager:480 - Condition 'CM33 IAR Condition' not fulfilled in pack 'STMicroelectronics.X-CUBE-FREERTOS.1.2.0'
2025-02-28 12:05:37,484 [WARN] ThirdPartyIpManager:480 - Condition 'CM0 IAR Condition' not fulfilled in pack 'STMicroelectronics.X-CUBE-FREERTOS.1.2.0'
2025-02-28 12:05:37,484 [WARN] ThirdPartyIpManager:480 - Condition 'CM0 IAR Condition' not fulfilled in pack 'STMicroelectronics.X-CUBE-FREERTOS.1.2.0'
2025-02-28 12:05:37,484 [WARN] ThirdPartyIpManager:480 - Condition 'CM0 IAR Condition' not fulfilled in pack 'STMicroelectronics.X-CUBE-FREERTOS.1.2.0'
2025-02-28 12:05:37,484 [WARN] ThirdPartyIpManager:480 - Condition 'CM0 GNU ARMC6 Condition' not fulfilled in pack 'STMicroelectronics.X-CUBE-FREERTOS.1.2.0'
2025-02-28 12:05:37,484 [WARN] ThirdPartyIpManager:480 - Condition 'CM0 GNU ARMC6 Condition' not fulfilled in pack 'STMicroelectronics.X-CUBE-FREERTOS.1.2.0'
2025-02-28 12:05:38,109 [INFO] ProjectBuilder:8898 - Time for Copy ThirdParty[1] : 618mS.
2025-02-28 12:05:38,115 [INFO] ProjectBuilder:4736 - Project Generator version: 4.3.0-B58
2025-02-28 12:05:38,214 [INFO] ConfigFileManager:1503 - The Die is : DIE482
2025-02-28 12:05:39,964 [INFO] ProjectBuilder:5002 - Time for Generating toolchain IDE Files: 1849mS.
2025-02-28 12:05:39,966 [INFO] ProjectBuilder:3034 - Time for Copy CMSIS : 1mS.
2025-02-28 12:05:39,990 [INFO] ProjectBuilder:3034 - Time for Copy CMSIS : 0mS.
2025-02-28 16:55:54,875 [ERROR] CheckConnectionManager:249 - Problem, Http access forbiden
2025-02-28 16:55:54,878 [INFO] MainUpdater:2873 - connection check result : 22
2025-02-28 16:55:55,068 [ERROR] CheckConnectionManager:249 - Problem, Http access forbiden
2025-02-28 16:55:55,070 [INFO] MainUpdater:2873 - connection check result : 22
2025-02-28 16:55:58,457 [INFO] I2cTimingTraitement:330 - 0x30909DEC
2025-02-28 16:55:58,502 [INFO] MicroXplorer:468 - Change Database Path : 
2025-02-28 16:55:58,502 [INFO] MicroXplorer:498 - Change Database Version : DB.6.0.111
2025-02-28 16:55:58,573 [ERROR] ProjectManagerView:394 - 
java.lang.NullPointerException: Cannot invoke "javax.swing.JTextField.getText()" because the return value of "java.util.List.get(int)" is null
	at com.st.microxplorer.plugins.projectmanager.gui.ProjectChoiceTab$10.caretUpdate(ProjectChoiceTab.java:2504) ~[filemanager.jar:?]
	at javax.swing.text.JTextComponent.fireCaretUpdate(JTextComponent.java:412) ~[?:?]
	at javax.swing.text.JTextComponent$MutableCaretEvent.fire(JTextComponent.java:4491) ~[?:?]
	at javax.swing.text.JTextComponent$MutableCaretEvent.stateChanged(JTextComponent.java:4513) ~[?:?]
	at javax.swing.text.DefaultCaret.fireStateChanged(DefaultCaret.java:842) ~[?:?]
	at javax.swing.text.DefaultCaret.changeCaretPosition(DefaultCaret.java:1313) ~[?:?]
	at javax.swing.text.DefaultCaret.handleSetDot(DefaultCaret.java:1212) ~[?:?]
	at javax.swing.text.DefaultCaret.setDot(DefaultCaret.java:1193) ~[?:?]
	at javax.swing.text.DefaultCaret$Handler.insertUpdate(DefaultCaret.java:1789) ~[?:?]
	at javax.swing.text.AbstractDocument.fireInsertUpdate(AbstractDocument.java:226) ~[?:?]
	at javax.swing.text.AbstractDocument.handleInsertString(AbstractDocument.java:780) ~[?:?]
	at javax.swing.text.AbstractDocument.insertString(AbstractDocument.java:739) ~[?:?]
	at javax.swing.text.PlainDocument.insertString(PlainDocument.java:131) ~[?:?]
	at javax.swing.text.AbstractDocument.replace(AbstractDocument.java:698) ~[?:?]
	at javax.swing.text.JTextComponent.setText(JTextComponent.java:1729) ~[?:?]
	at com.st.microxplorer.plugins.projectmanager.gui.ProjectChoiceTab.createHeapStackFields(ProjectChoiceTab.java:944) ~[filemanager.jar:?]
	at com.st.microxplorer.plugins.projectmanager.gui.ProjectChoiceTab.buildLinkSettingsPanel(ProjectChoiceTab.java:3475) ~[filemanager.jar:?]
	at com.st.microxplorer.plugins.projectmanager.gui.ProjectChoiceTab.defineWindowsFields(ProjectChoiceTab.java:1816) ~[filemanager.jar:?]
	at com.st.microxplorer.plugins.projectmanager.gui.ProjectChoiceTab.updateSettings(ProjectChoiceTab.java:544) ~[filemanager.jar:?]
	at com.st.microxplorer.plugins.projectmanager.gui.ProjectSettingsPanel.UpdateDialog(ProjectSettingsPanel.java:245) ~[filemanager.jar:?]
	at com.st.microxplorer.plugins.projectmanager.ProjectManagerView.propertyChange(ProjectManagerView.java:391) ~[filemanager.jar:?]
	at java.beans.PropertyChangeSupport.fire(PropertyChangeSupport.java:343) ~[?:?]
	at java.beans.PropertyChangeSupport.firePropertyChange(PropertyChangeSupport.java:335) ~[?:?]
	at java.beans.PropertyChangeSupport.firePropertyChange(PropertyChangeSupport.java:268) ~[?:?]
	at com.st.microxplorer.util.MXPropertyChangeSupport.firePropertyChange(MXPropertyChangeSupport.java:54) ~[STM32CubeMX.jar:?]
	at com.st.microxplorer.mxsystem.MxSystem.closeConfig(MxSystem.java:900) ~[STM32CubeMX.jar:?]
	at com.st.microxplorer.maingui.MainPanel.closeConfig(MainPanel.java:776) ~[STM32CubeMX.jar:?]
	at com.st.microxplorer.plugins.filemanager.engine.OpenFileManager.loadConfigurationFile(OpenFileManager.java:245) ~[filemanager.jar:?]
	at com.st.microxplorer.plugins.filemanager.engine.MainFileManager.userLoadConfig(MainFileManager.java:315) ~[filemanager.jar:?]
	at com.st.microxplorer.plugins.filemanager.engine.MainFileManager.userLoadConfig(MainFileManager.java:293) ~[filemanager.jar:?]
	at com.st.microxplorer.plugins.filemanager.FileManagerView.getSpecificTask(FileManagerView.java:247) ~[filemanager.jar:?]
	at com.st.stm32cube.common.mx.editor.CubeMxEditor.getMxTabbedPaneInstance(CubeMxEditor.java:1198) ~[com.st.stm32cube.common.mx_6.11.1.202404110753/:?]
	at com.st.stm32cube.common.mx.editor.CubeMxEditor$12$1.createSwingComponent(CubeMxEditor.java:1068) ~[com.st.stm32cube.common.mx_6.11.1.202404110753/:?]
	at com.st.stm32cube.common.mx.oss.core.awtswtbridge.EmbeddedSwingComposite.doComponentCreation(EmbeddedSwingComposite.java:492) ~[com.st.stm32cube.common.mx.oss_6.11.1.202404110753/:?]
	at com.st.stm32cube.common.mx.oss.core.awtswtbridge.EmbeddedSwingComposite$4.run(EmbeddedSwingComposite.java:291) ~[com.st.stm32cube.common.mx.oss_6.11.1.202404110753/:?]
	at com.st.stm32cube.common.mx.oss.core.awtswtbridge.AwtEnvironment$2.run(AwtEnvironment.java:166) ~[com.st.stm32cube.common.mx.oss_6.11.1.202404110753/:?]
	at java.awt.event.InvocationEvent.dispatch(InvocationEvent.java:318) ~[?:?]
	at java.awt.EventQueue.dispatchEventImpl(EventQueue.java:773) ~[?:?]
	at java.awt.EventQueue$4.run(EventQueue.java:720) ~[?:?]
	at java.awt.EventQueue$4.run(EventQueue.java:714) ~[?:?]
	at java.security.AccessController.doPrivileged(AccessController.java:399) ~[?:?]
	at java.security.ProtectionDomain$JavaSecurityAccessImpl.doIntersectionPrivilege(ProtectionDomain.java:86) ~[?:?]
	at java.awt.EventQueue.dispatchEvent(EventQueue.java:742) ~[?:?]
	at java.awt.EventDispatchThread.pumpOneEventForFilters(EventDispatchThread.java:203) ~[?:?]
	at java.awt.EventDispatchThread.pumpEventsForFilter(EventDispatchThread.java:124) ~[?:?]
	at java.awt.EventDispatchThread.pumpEventsForHierarchy(EventDispatchThread.java:113) ~[?:?]
	at java.awt.EventDispatchThread.pumpEvents(EventDispatchThread.java:109) ~[?:?]
	at java.awt.EventDispatchThread.pumpEvents(EventDispatchThread.java:101) ~[?:?]
	at java.awt.EventDispatchThread.run(EventDispatchThread.java:90) ~[?:?]
2025-02-28 16:55:58,596 [WARN] ThirdParty:871 - waiting for thirdparty lock release [close project]
2025-02-28 16:55:58,596 [INFO] ThirdParty:873 - entering critical section [close project]
2025-02-28 16:55:58,604 [INFO] ThirdParty:883 - exiting critical section [close project]
2025-02-28 16:55:58,610 [INFO] PinOutPanel:1561 - setPackage(No Configuration,No Configuration)
2025-02-28 16:55:58,645 [INFO] HwResourcesManager:1899 - RZone for current mcu STM32U575ZITxQ : STM32_DIE482_786_2048
2025-02-28 16:55:58,691 [INFO] HwResourcesManager:209 - mpc SRAM1 added
2025-02-28 16:55:58,694 [INFO] HwResourcesManager:209 - mpc SRAM2 added
2025-02-28 16:55:58,696 [INFO] HwResourcesManager:209 - mpc SRAM3 added
2025-02-28 16:55:58,699 [INFO] HwResourcesManager:209 - mpc SRAM4 added
2025-02-28 16:55:58,702 [INFO] HwResourcesManager:209 - mpc Flash Bank1 added
2025-02-28 16:55:58,705 [INFO] HwResourcesManager:209 - mpc Flash Bank2 added
2025-02-28 16:55:58,713 [INFO] HwResourcesManager:230 - sau Non-Secure Code added
2025-02-28 16:55:58,715 [INFO] HwResourcesManager:230 - sau Non-Secure RAM added
2025-02-28 16:55:58,716 [INFO] HwResourcesManager:230 - sau Non-Secure Peripherals added
2025-02-28 16:55:58,721 [INFO] HwResourcesManager:260 - mpcwm OctoSPI1 added
2025-02-28 16:55:58,730 [INFO] HwResourcesManager:260 - mpcwm FMC Bank1 added
2025-02-28 16:55:58,733 [INFO] HwResourcesManager:260 - mpcwm FMC Bank3 added
2025-02-28 16:55:58,735 [INFO] HwResourcesManager:260 - mpcwm Backup SRAM added
2025-02-28 16:55:58,738 [INFO] HwResourcesManager:260 - mpcwm OctoSPI2 added
2025-02-28 16:55:58,740 [INFO] HwResourcesManager:260 - mpcwm Flash Bank1 added
2025-02-28 16:55:58,745 [INFO] HwResourcesManager:260 - mpcwm Flash Bank2 added
2025-02-28 16:55:58,757 [INFO] HwResourcesManager:460 - Memory Region Flash_Bank1_NS added
2025-02-28 16:55:58,757 [INFO] HwResourcesManager:460 - Memory Region Flash_Bank2_NS added
2025-02-28 16:55:58,759 [INFO] HwResourcesManager:460 - Memory Region SRAM1_C_NS added
2025-02-28 16:55:58,759 [INFO] HwResourcesManager:460 - Memory Region SRAM2_C_NS added
2025-02-28 16:55:58,760 [INFO] HwResourcesManager:460 - Memory Region SRAM3_C_NS added
2025-02-28 16:55:58,763 [INFO] HwResourcesManager:460 - Memory Region Flash_Bank1_S added
2025-02-28 16:55:58,763 [INFO] HwResourcesManager:460 - Memory Region Flash_Bank2_S added
2025-02-28 16:55:58,768 [INFO] HwResourcesManager:460 - Memory Region SRAM1_C_S added
2025-02-28 16:55:58,769 [INFO] HwResourcesManager:460 - Memory Region SRAM2_C_S added
2025-02-28 16:55:58,769 [INFO] HwResourcesManager:460 - Memory Region SRAM3_C_S added
2025-02-28 16:55:58,772 [INFO] HwResourcesManager:460 - Memory Region SRAM1_NS added
2025-02-28 16:55:58,772 [INFO] HwResourcesManager:460 - Memory Region SRAM2_NS added
2025-02-28 16:55:58,773 [INFO] HwResourcesManager:460 - Memory Region SRAM3_NS added
2025-02-28 16:55:58,775 [INFO] HwResourcesManager:460 - Memory Region SRAM4_SRD_NS added
2025-02-28 16:55:58,777 [INFO] HwResourcesManager:460 - Memory Region SRAM1_S added
2025-02-28 16:55:58,777 [INFO] HwResourcesManager:460 - Memory Region SRAM2_S added
2025-02-28 16:55:58,777 [INFO] HwResourcesManager:460 - Memory Region SRAM3_S added
2025-02-28 16:55:58,780 [INFO] HwResourcesManager:460 - Memory Region SRAM4_SRD_S added
2025-02-28 16:55:58,784 [INFO] HwResourcesManager:460 - Memory Region Backup_SRAM_NS added
2025-02-28 16:55:58,790 [INFO] HwResourcesManager:460 - Memory Region Backup_SRAM_S added
2025-02-28 16:56:03,074 [INFO] MemInfoExtractor:256 - EVENT_MCU_SET_IP_PARAMETER
2025-02-28 16:56:03,235 [INFO] UtilMem:75 - Begin LoadConfig() Used Memory: 439575512 Bytes (1073741824)
2025-02-28 16:56:03,236 [INFO] MicroXplorer:468 - Change Database Path : 
2025-02-28 16:56:03,236 [INFO] MicroXplorer:498 - Change Database Version : DB.6.0.111
2025-02-28 16:56:03,236 [INFO] OpenFileManager:312 - Change cursor
2025-02-28 16:56:03,303 [INFO] RulesReader:64 - Compatibility file has been processed (297 Rules)
2025-02-28 16:56:03,351 [INFO] Mcu:2021 - Initializing MCU STM32U575ZITxQ STM32U575ZITxQ STM32U575ZIT6Q
2025-02-28 16:56:12,497 [INFO] Context:663 - Trying to add GPIOservice into a context  which must be forbidden
2025-02-28 16:56:12,497 [INFO] Context:663 - Trying to add GPIOservice into a context  which must be forbidden
2025-02-28 16:56:17,407 [INFO] ApiDbMcu:508 - Load IP Config File for STMicroelectronics.X-CUBE-FREERTOS.1.2.0
2025-02-28 16:56:17,946 [WARN] ModelIntegratedComponent:63 - No mode defined for component null
2025-02-28 16:56:17,946 [WARN] ModelIntegratedComponent:63 - No mode defined for component null
2025-02-28 16:56:17,946 [WARN] ModelIntegratedComponent:63 - No mode defined for component null
2025-02-28 16:56:17,947 [WARN] ModelIntegratedComponent:63 - No mode defined for component null
2025-02-28 16:56:17,947 [WARN] ModelIntegratedComponent:63 - No mode defined for component null
2025-02-28 16:56:17,947 [WARN] ModelIntegratedComponent:63 - No mode defined for component null
2025-02-28 16:56:17,947 [WARN] ModelIntegratedComponent:63 - No mode defined for component null
2025-02-28 16:56:17,947 [WARN] ModelIntegratedComponent:63 - No mode defined for component null
2025-02-28 16:56:17,947 [WARN] ModelIntegratedComponent:63 - No mode defined for component null
2025-02-28 16:56:17,947 [WARN] ModelIntegratedComponent:63 - No mode defined for component null
2025-02-28 16:56:17,947 [WARN] ModelIntegratedComponent:63 - No mode defined for component null
2025-02-28 16:56:17,947 [WARN] ModelIntegratedComponent:63 - No mode defined for component null
2025-02-28 16:56:17,947 [WARN] ModelIntegratedComponent:63 - No mode defined for component null
2025-02-28 16:56:17,947 [WARN] ModelIntegratedComponent:63 - No mode defined for component null
2025-02-28 16:56:17,948 [WARN] ModelIntegratedComponent:63 - No mode defined for component null
2025-02-28 16:56:17,948 [WARN] ModelIntegratedComponent:63 - No mode defined for component null
2025-02-28 16:56:17,948 [WARN] ModelIntegratedComponent:63 - No mode defined for component null
2025-02-28 16:56:17,948 [WARN] ModelIntegratedComponent:63 - No mode defined for component null
2025-02-28 16:56:17,948 [WARN] ModelIntegratedComponent:63 - No mode defined for component null
2025-02-28 16:56:17,948 [WARN] ModelIntegratedComponent:63 - No mode defined for component null
2025-02-28 16:56:17,948 [WARN] ModelIntegratedComponent:63 - No mode defined for component null
2025-02-28 16:56:17,948 [WARN] ModelIntegratedComponent:63 - No mode defined for component null
2025-02-28 16:56:17,948 [WARN] ModelIntegratedComponent:63 - No mode defined for component null
2025-02-28 16:56:17,948 [WARN] ModelIntegratedComponent:63 - No mode defined for component null
2025-02-28 16:56:17,948 [WARN] ModelIntegratedComponent:63 - No mode defined for component null
2025-02-28 16:56:17,948 [WARN] ModelIntegratedComponent:63 - No mode defined for component null
2025-02-28 16:56:17,949 [WARN] ModelIntegratedComponent:63 - No mode defined for component null
2025-02-28 16:56:17,949 [WARN] ModelIntegratedComponent:63 - No mode defined for component null
2025-02-28 16:56:17,949 [WARN] ModelIntegratedComponent:63 - No mode defined for component null
2025-02-28 16:56:17,949 [WARN] ModelIntegratedComponent:63 - No mode defined for component null
2025-02-28 16:56:17,949 [WARN] ModelIntegratedComponent:63 - No mode defined for component null
2025-02-28 16:56:17,949 [WARN] ModelIntegratedComponent:63 - No mode defined for component null
2025-02-28 16:56:17,949 [WARN] ModelIntegratedComponent:63 - No mode defined for component null
2025-02-28 16:56:17,949 [WARN] ModelIntegratedComponent:63 - No mode defined for component null
2025-02-28 16:56:18,143 [INFO] RtosManager:555 - Registered RTOS mode: class=RTOS, group=ThreadX, mode=Core, owner=THREADX
2025-02-28 16:56:18,317 [INFO] RtosManager:555 - Registered RTOS mode: class=CMSIS, group=RTOS2, mode=CMSISJjRTOS2, owner=STMicroelectronics.X-CUBE-FREERTOS.1.2.0
2025-02-28 16:56:18,320 [WARN] IP:2120 - configENABLE_TRUSTZONE not found: check if there is a RefParameter without a condition.
2025-02-28 16:56:18,322 [INFO] RtosManager:555 - Registered RTOS mode: class=CMSIS, group=RTOS2, mode=CMSISJjRTOS2, owner=STMicroelectronics.X-CUBE-FREERTOS.1.2.0
2025-02-28 16:56:19,146 [INFO] ThirdPartyModel:298 - Start build external matchings
2025-02-28 16:56:20,666 [INFO] ThirdPartyModel:316 - End build external matchings
2025-02-28 16:56:20,699 [INFO] RtosManager:919 - Current active RTOS is STMicroelectronics.X-CUBE-FREERTOS.1.2.0 [CortexM33]
2025-02-28 16:56:20,706 [INFO] ImportTextPane:194 - (OptionalMessage_ERROR) IP (ADC1) : Parameter (NbrOfConversion) has invalid value (1)
2025-02-28 16:56:20,706 [INFO] ImportTextPane:194 - (OptionalMessage_ERROR) IP (ADC1) : Parameter (CommonPathInternal) has invalid value (null|null|null|null)
2025-02-28 16:56:20,709 [WARN] IP:2120 - SRAM5PowerDownInRunMode not found: check if there is a RefParameter without a condition.
2025-02-28 16:56:20,709 [WARN] IP:2120 - SRAM6PowerDownInRunMode not found: check if there is a RefParameter without a condition.
2025-02-28 16:56:20,709 [WARN] IP:2120 - RAM1Page4PowerDownInStopMode not found: check if there is a RefParameter without a condition.
2025-02-28 16:56:20,709 [WARN] IP:2120 - RAM1Page5PowerDownInStopMode not found: check if there is a RefParameter without a condition.
2025-02-28 16:56:20,709 [WARN] IP:2120 - RAM1Page6PowerDownInStopMode not found: check if there is a RefParameter without a condition.
2025-02-28 16:56:20,710 [WARN] IP:2120 - RAM1Page7PowerDownInStopMode not found: check if there is a RefParameter without a condition.
2025-02-28 16:56:20,710 [WARN] IP:2120 - RAM1Page8PowerDownInStopMode not found: check if there is a RefParameter without a condition.
2025-02-28 16:56:20,710 [WARN] IP:2120 - RAM1Page9PowerDownInStopMode not found: check if there is a RefParameter without a condition.
2025-02-28 16:56:20,710 [WARN] IP:2120 - RAM1Page10PowerDownInStopMode not found: check if there is a RefParameter without a condition.
2025-02-28 16:56:20,710 [WARN] IP:2120 - RAM1Page11PowerDownInStopMode not found: check if there is a RefParameter without a condition.
2025-02-28 16:56:20,710 [WARN] IP:2120 - RAM1Page12PowerDownInStopMode not found: check if there is a RefParameter without a condition.
2025-02-28 16:56:20,710 [WARN] IP:2120 - RAM3Page9PowerDownInStopMode not found: check if there is a RefParameter without a condition.
2025-02-28 16:56:20,710 [WARN] IP:2120 - RAM3Page10PowerDownInStopMode not found: check if there is a RefParameter without a condition.
2025-02-28 16:56:20,710 [WARN] IP:2120 - RAM3Page11PowerDownInStopMode not found: check if there is a RefParameter without a condition.
2025-02-28 16:56:20,710 [WARN] IP:2120 - RAM3Page12PowerDownInStopMode not found: check if there is a RefParameter without a condition.
2025-02-28 16:56:20,710 [WARN] IP:2120 - RAM3Page13PowerDownInStopMode not found: check if there is a RefParameter without a condition.
2025-02-28 16:56:20,710 [WARN] IP:2120 - RAM5Page1PowerDownInStopMode not found: check if there is a RefParameter without a condition.
2025-02-28 16:56:20,710 [WARN] IP:2120 - RAM5Page2PowerDownInStopMode not found: check if there is a RefParameter without a condition.
2025-02-28 16:56:20,710 [WARN] IP:2120 - RAM5Page3PowerDownInStopMode not found: check if there is a RefParameter without a condition.
2025-02-28 16:56:20,710 [WARN] IP:2120 - RAM5Page4PowerDownInStopMode not found: check if there is a RefParameter without a condition.
2025-02-28 16:56:20,710 [WARN] IP:2120 - RAM5Page5PowerDownInStopMode not found: check if there is a RefParameter without a condition.
2025-02-28 16:56:20,710 [WARN] IP:2120 - RAM5Page6PowerDownInStopMode not found: check if there is a RefParameter without a condition.
2025-02-28 16:56:20,710 [WARN] IP:2120 - RAM5Page7PowerDownInStopMode not found: check if there is a RefParameter without a condition.
2025-02-28 16:56:20,710 [WARN] IP:2120 - RAM5Page8PowerDownInStopMode not found: check if there is a RefParameter without a condition.
2025-02-28 16:56:20,711 [WARN] IP:2120 - RAM5Page9PowerDownInStopMode not found: check if there is a RefParameter without a condition.
2025-02-28 16:56:20,711 [WARN] IP:2120 - RAM5Page10PowerDownInStopMode not found: check if there is a RefParameter without a condition.
2025-02-28 16:56:20,711 [WARN] IP:2120 - RAM5Page11PowerDownInStopMode not found: check if there is a RefParameter without a condition.
2025-02-28 16:56:20,711 [WARN] IP:2120 - RAM5Page12PowerDownInStopMode not found: check if there is a RefParameter without a condition.
2025-02-28 16:56:20,711 [WARN] IP:2120 - RAM5Page13PowerDownInStopMode not found: check if there is a RefParameter without a condition.
2025-02-28 16:56:20,711 [WARN] IP:2120 - Dcache2PowerDownInStopMode not found: check if there is a RefParameter without a condition.
2025-02-28 16:56:20,711 [WARN] IP:2120 - GRAPHICPRAMPowerDownInStopMode not found: check if there is a RefParameter without a condition.
2025-02-28 16:56:20,711 [WARN] IP:2120 - DSIRAMPowerDownInStopMode not found: check if there is a RefParameter without a condition.
2025-02-28 16:56:20,715 [INFO] ImportTextPane:194 - (OptionalMessage_ERROR) IP (RCC) : Invalid parameter (FamilyName)
2025-02-28 16:56:20,717 [INFO] ImportTextPane:194 - (OptionalMessage_ERROR) IP (RCC) : Parameter (SAI1Freq_Value) has invalid value (258000000)
2025-02-28 16:56:20,717 [INFO] ImportTextPane:194 - (OptionalMessage_ERROR) IP (RCC) : Parameter (SAI2Freq_Value) has invalid value (258000000)
2025-02-28 16:56:21,446 [INFO] UtilMem:75 - End LoadConfig() Used Memory: 691380976 Bytes (1073741824)
2025-02-28 16:56:21,537 [WARN] ThirdParty:833 - waiting for thirdparty lock release [change project]
2025-02-28 16:56:21,538 [INFO] ThirdParty:835 - entering critical section [change project]
2025-02-28 16:56:21,538 [INFO] ThirdParty:1030 - CMSIS Pack Vendor :STMicroelectronics USBPD 4.1
2025-02-28 16:56:21,538 [INFO] ThirdParty:1030 - CMSIS Pack Vendor :STMicroelectronics X-CUBE-AZRTOS-H7 3.3.0
2025-02-28 16:56:21,538 [INFO] ThirdParty:1030 - CMSIS Pack Vendor :STMicroelectronics X-CUBE-NFC9 1.0.0
2025-02-28 16:56:21,538 [INFO] ThirdParty:1030 - CMSIS Pack Vendor :STMicroelectronics X-CUBE-GNSS1 6.0.0
2025-02-28 16:56:21,538 [INFO] ThirdParty:1030 - CMSIS Pack Vendor :STMicroelectronics USB_HOST 2.0.0
2025-02-28 16:56:21,538 [INFO] ThirdParty:1030 - CMSIS Pack Vendor :STMicroelectronics FP-SNS-MOTENVWB1 1.4.0
2025-02-28 16:56:21,538 [INFO] ThirdParty:1030 - CMSIS Pack Vendor :STMicroelectronics X-CUBE-AZRTOS-F4 1.1.0
2025-02-28 16:56:21,538 [INFO] ThirdParty:1030 - CMSIS Pack Vendor :STMicroelectronics LIBJPEG 8.0.0
2025-02-28 16:56:21,538 [INFO] ThirdParty:1030 - CMSIS Pack Vendor :STMicroelectronics FP-ATR-ASTRA1 2.0.1
2025-02-28 16:56:21,539 [INFO] ThirdParty:1030 - CMSIS Pack Vendor :STMicroelectronics X-CUBE-SMBUS 2.1.0
2025-02-28 16:56:21,539 [INFO] ThirdParty:1030 - CMSIS Pack Vendor :STMicroelectronics X-CUBE-WB05N 1.1.0
2025-02-28 16:56:21,539 [INFO] ThirdParty:1030 - CMSIS Pack Vendor :STMicroelectronics USB_DEVICE 3.0.0
2025-02-28 16:56:21,539 [INFO] ThirdParty:1030 - CMSIS Pack Vendor :STMicroelectronics X-CUBE-TCPP 4.1.0
2025-02-28 16:56:21,539 [INFO] ThirdParty:1030 - CMSIS Pack Vendor :STMicroelectronics X-CUBE-ISPU 2.1.0
2025-02-28 16:56:21,539 [INFO] ThirdParty:1030 - CMSIS Pack Vendor :STMicroelectronics X-CUBE-FREERTOS 1.2.0
2025-02-28 16:56:21,539 [INFO] ThirdParty:1030 - CMSIS Pack Vendor :STMicroelectronics X-CUBE-AZRTOS-WB 2.0.0
2025-02-28 16:56:21,539 [INFO] ThirdParty:1030 - CMSIS Pack Vendor :STMicroelectronics X-CUBE-GNSS1 7.0.1
2025-02-28 16:56:21,539 [INFO] ThirdParty:1030 - CMSIS Pack Vendor :STMicroelectronics X-CUBE-TOUCHGFX 4.23.2
2025-02-28 16:56:21,539 [INFO] ThirdParty:1030 - CMSIS Pack Vendor :STMicroelectronics X-CUBE-AZRTOS-F7 1.1.0
2025-02-28 16:56:21,539 [INFO] ThirdParty:1030 - CMSIS Pack Vendor :STMicroelectronics X-CUBE-AZRTOS-L5 2.0.0
2025-02-28 16:56:21,539 [INFO] ThirdParty:1030 - CMSIS Pack Vendor :STMicroelectronics USB_DEVICE 2.0.0
2025-02-28 16:56:21,539 [INFO] ThirdParty:1030 - CMSIS Pack Vendor :STMicroelectronics X-CUBE-NFC6 3.1.0
2025-02-28 16:56:21,539 [INFO] ThirdParty:1030 - CMSIS Pack Vendor :STMicroelectronics FP-SNS-STBOX1 2.0.0
2025-02-28 16:56:21,540 [INFO] ThirdParty:1030 - CMSIS Pack Vendor :STMicroelectronics FreeRTOS 0.0.1
2025-02-28 16:56:21,540 [INFO] ThirdParty:1030 - CMSIS Pack Vendor :STMicroelectronics X-CUBE-AZRTOS-G0 1.1.0
2025-02-28 16:56:21,540 [INFO] ThirdParty:1030 - CMSIS Pack Vendor :STMicroelectronics X-CUBE-SAFEA1 1.2.2
2025-02-28 16:56:21,540 [INFO] ThirdParty:1030 - CMSIS Pack Vendor :STMicroelectronics X-CUBE-NFC4 3.0.0
2025-02-28 16:56:21,540 [INFO] ThirdParty:1030 - CMSIS Pack Vendor :STMicroelectronics X-CUBE-DPower 1.2.0
2025-02-28 16:56:21,540 [INFO] ThirdParty:1030 - CMSIS Pack Vendor :STMicroelectronics X-CUBE-SUBG2 5.0.0
2025-02-28 16:56:21,540 [INFO] ThirdParty:1030 - CMSIS Pack Vendor :STMicroelectronics STM32_WPAN 1.0.0
2025-02-28 16:56:21,540 [INFO] ThirdParty:1030 - CMSIS Pack Vendor :EmbeddedOffice I-CUBE-FS-RTOS 1.0.1
2025-02-28 16:56:21,540 [INFO] ThirdParty:1030 - CMSIS Pack Vendor :STMicroelectronics lwIP 2.0.3
2025-02-28 16:56:21,540 [INFO] ThirdParty:1030 - CMSIS Pack Vendor :STMicroelectronics FP-SNS-FLIGHT1 5.0.2
2025-02-28 16:56:21,540 [INFO] ThirdParty:1030 - CMSIS Pack Vendor :Cesanta I-CUBE-Mongoose 7.13.0
2025-02-28 16:56:21,541 [INFO] ThirdParty:1030 - CMSIS Pack Vendor :STMicroelectronics USB_HOST 1.0.0
2025-02-28 16:56:21,541 [INFO] ThirdParty:1030 - CMSIS Pack Vendor :STMicroelectronics X-CUBE-AI 9.0.0
2025-02-28 16:56:21,541 [INFO] ThirdParty:1030 - CMSIS Pack Vendor :STMicroelectronics X-CUBE-AZRTOS-G4 2.0.0
2025-02-28 16:56:21,541 [INFO] ThirdParty:1030 - CMSIS Pack Vendor :STMicroelectronics PDM2PCM 3.1.0
2025-02-28 16:56:21,541 [INFO] ThirdParty:1030 - CMSIS Pack Vendor :STMicroelectronics PDM2PCM 3.3.0
2025-02-28 16:56:21,541 [INFO] ThirdParty:1030 - CMSIS Pack Vendor :STMicroelectronics X-CUBE-DISPLAY 3.0.0
2025-02-28 16:56:21,541 [INFO] ThirdParty:1030 - CMSIS Pack Vendor :RealThread X-CUBE-RT-Thread_Nano 4.1.1
2025-02-28 16:56:21,541 [INFO] ThirdParty:1030 - CMSIS Pack Vendor :wolfSSL I-CUBE-wolfSSL 5.7.0
2025-02-28 16:56:21,541 [INFO] ThirdParty:1030 - CMSIS Pack Vendor :STMicroelectronics X-CUBE-BLE1 7.0.0
2025-02-28 16:56:21,541 [INFO] ThirdParty:1030 - CMSIS Pack Vendor :STMicroelectronics FP-ATR-SIGFOX1 3.2.0
2025-02-28 16:56:21,541 [INFO] ThirdParty:1030 - CMSIS Pack Vendor :STMicroelectronics X-CUBE-NFC10 1.0.0
2025-02-28 16:56:21,541 [INFO] ThirdParty:1030 - CMSIS Pack Vendor :quantropi X-CUBE-qispace-sdk-base 1.9.3
2025-02-28 16:56:21,541 [INFO] ThirdParty:1030 - CMSIS Pack Vendor :STMicroelectronics X-CUBE-ISPU 2.0.0
2025-02-28 16:56:21,541 [INFO] ThirdParty:1030 - CMSIS Pack Vendor :STMicroelectronics X-CUBE-BLEMGR 4.0.0
2025-02-28 16:56:21,541 [INFO] ThirdParty:1030 - CMSIS Pack Vendor :STMicroelectronics X-CUBE-EEPRMA1 5.1.0
2025-02-28 16:56:21,542 [INFO] ThirdParty:1030 - CMSIS Pack Vendor :STMicroelectronics HAL Drivers 0.0.0
2025-02-28 16:56:21,542 [INFO] ThirdParty:1030 - CMSIS Pack Vendor :STMicroelectronics MBEDTLS 2.16.2
2025-02-28 16:56:21,542 [INFO] ThirdParty:1030 - CMSIS Pack Vendor :STMicroelectronics X-CUBE-ALS 1.0.2
2025-02-28 16:56:21,542 [INFO] ThirdParty:1030 - CMSIS Pack Vendor :emotas I-CUBE-CANOPEN 1.3.0
2025-02-28 16:56:21,542 [INFO] ThirdParty:1030 - CMSIS Pack Vendor :STMicroelectronics X-CUBE-FREERTOS 1.3.0
2025-02-28 16:56:21,542 [INFO] ThirdParty:1030 - CMSIS Pack Vendor :STMicroelectronics X-CUBE-MEMS1 10.0.0
2025-02-28 16:56:21,542 [INFO] ThirdParty:1030 - CMSIS Pack Vendor :STMicroelectronics X-CUBE-NFC7 1.0.1
2025-02-28 16:56:21,542 [INFO] ThirdParty:1030 - CMSIS Pack Vendor :STMicroelectronics MBEDTLS 2.14.1
2025-02-28 16:56:21,542 [INFO] ThirdParty:1030 - CMSIS Pack Vendor :STMicroelectronics X-CUBE-TOUCHGFX 4.24.0
2025-02-28 16:56:21,542 [INFO] ThirdParty:1030 - CMSIS Pack Vendor :ITTIA_DB I-CUBE-ITTIADB 8.9.0
2025-02-28 16:56:21,542 [INFO] ThirdParty:1030 - CMSIS Pack Vendor :STMicroelectronics X-CUBE-TOUCHGFX 4.24.2
2025-02-28 16:56:21,542 [INFO] ThirdParty:1030 - CMSIS Pack Vendor :wolfSSL I-CUBE-wolfTPM 3.4.0
2025-02-28 16:56:21,542 [INFO] ThirdParty:1030 - CMSIS Pack Vendor :portGmbH I-Cube-SoM-uGOAL 1.1.0
2025-02-28 16:56:21,542 [INFO] ThirdParty:1030 - CMSIS Pack Vendor :STMicroelectronics X-CUBE-BLEMGR 3.1.0
2025-02-28 16:56:21,542 [INFO] ThirdParty:1030 - CMSIS Pack Vendor :STMicroelectronics X-CUBE-AI 10.0.0
2025-02-28 16:56:21,543 [INFO] ThirdParty:1030 - CMSIS Pack Vendor :STMicroelectronics ThreadX 1.0.0
2025-02-28 16:56:21,543 [INFO] ThirdParty:1030 - CMSIS Pack Vendor :STMicroelectronics FP-SNS-SMARTAG2 1.2.0
2025-02-28 16:56:21,543 [INFO] ThirdParty:1030 - CMSIS Pack Vendor :STMicroelectronics X-CUBE-MEMS1 11.1.0
2025-02-28 16:56:21,543 [INFO] ThirdParty:1030 - CMSIS Pack Vendor :STMicroelectronics X-CUBE-AZRTOS-WL 2.0.0
2025-02-28 16:56:21,543 [INFO] ThirdParty:1030 - CMSIS Pack Vendor :SEGGER I-CUBE-embOS 1.3.1
2025-02-28 16:56:21,543 [INFO] ThirdParty:1030 - CMSIS Pack Vendor :STMicroelectronics X-CUBE-ALGOBUILD 1.4.0
2025-02-28 16:56:21,543 [INFO] ThirdParty:1030 - CMSIS Pack Vendor :STMicroelectronics FP-SNS-MOTENV1 5.0.0
2025-02-28 16:56:21,543 [INFO] ThirdParty:1030 - CMSIS Pack Vendor :STMicroelectronics USB_DEVICE 1.0.0
2025-02-28 16:56:21,543 [INFO] ThirdParty:1030 - CMSIS Pack Vendor :STMicroelectronics X-CUBE-AZRTOS-H7RS 1.0.0
2025-02-28 16:56:21,543 [INFO] ThirdParty:1030 - CMSIS Pack Vendor :wolfSSL I-CUBE-wolfMQTT 1.19.0
2025-02-28 16:56:21,543 [INFO] ThirdParty:1030 - CMSIS Pack Vendor :STMicroelectronics X-CUBE-AZRTOS-L4 2.0.0
2025-02-28 16:56:21,543 [INFO] ThirdParty:1030 - CMSIS Pack Vendor :STMicroelectronics ThreadX 0.0.2
2025-02-28 16:56:21,543 [INFO] ThirdParty:1030 - CMSIS Pack Vendor :WES I-CUBE-Cesium 1.3.0
2025-02-28 16:56:21,543 [INFO] ThirdParty:1030 - CMSIS Pack Vendor :STMicroelectronics FP-ATR-ASTRA1 2.0.0
2025-02-28 16:56:21,543 [INFO] ThirdParty:1030 - CMSIS Pack Vendor :STMicroelectronics lwIP 2.1.2
2025-02-28 16:56:21,544 [INFO] ThirdParty:1030 - CMSIS Pack Vendor :STMicroelectronics X-CUBE-SFXS2LP1 4.0.0
2025-02-28 16:56:21,544 [INFO] ThirdParty:1030 - CMSIS Pack Vendor :STMicroelectronics X-CUBE-BLE2 3.3.0
2025-02-28 16:56:21,544 [INFO] ThirdParty:1030 - CMSIS Pack Vendor :STMicroelectronics X-CUBE-TOF1 3.4.2
2025-02-28 16:56:21,544 [INFO] ThirdParty:1030 - CMSIS Pack Vendor :STMicroelectronics X-CUBE-TOF1 3.4.1
2025-02-28 16:56:21,544 [INFO] ThirdParty:1030 - CMSIS Pack Vendor :STMicroelectronics X-CUBE-AZRTOS-H7 3.2.0
2025-02-28 16:56:21,544 [INFO] ThirdParty:1030 - CMSIS Pack Vendor :Infineon AIROC-Wi-Fi-Bluetooth-STM32 1.6.0
2025-02-28 16:56:21,544 [INFO] ThirdParty:1030 - CMSIS Pack Vendor :STMicroelectronics PDM2PCM 3.2.0
2025-02-28 16:56:21,544 [INFO] ThirdParty:1030 - CMSIS Pack Vendor :wolfSSL I-CUBE-wolfSSH 1.4.17
2025-02-28 16:56:21,544 [INFO] ThirdParty:841 - exiting critical section [change project]
2025-02-28 16:56:22,223 [INFO] PinOutPanel:1561 - setPackage(No Configuration,No Configuration)
2025-02-28 16:56:22,228 [INFO] PinOutPanel:1561 - setPackage(STM32U575ZITxQ,LQFP144)
2025-02-28 16:56:22,417 [WARN] IP:2120 - rccPrivilegeSecure not found: check if there is a RefParameter without a condition.
2025-02-28 16:56:22,417 [WARN] IP:2120 - rccSecurity not found: check if there is a RefParameter without a condition.
2025-02-28 16:56:23,014 [WARN] IP:2120 - rccPrivilegeSecure not found: check if there is a RefParameter without a condition.
2025-02-28 16:56:23,014 [WARN] IP:2120 - rccSecurity not found: check if there is a RefParameter without a condition.
2025-02-28 16:56:23,513 [WARN] IP:2120 - rccPrivilegeSecure not found: check if there is a RefParameter without a condition.
2025-02-28 16:56:23,513 [WARN] IP:2120 - rccSecurity not found: check if there is a RefParameter without a condition.
2025-02-28 16:56:23,537 [INFO] UtilMem:75 - Before build in PCC Used Memory: 761518528 Bytes (1073741824)
2025-02-28 16:56:24,302 [INFO] UtilMem:75 - After build in PCC Used Memory: 913035712 Bytes (1073741824)
2025-02-28 16:56:24,482 [INFO] IPUIPlugin:80 - create IPUIPlugin
2025-02-28 16:56:24,482 [INFO] IPUIPlugin:80 - create IPUIPlugin
2025-02-28 16:56:24,483 [INFO] IPUIPlugin:80 - create IPUIPlugin
2025-02-28 16:56:24,497 [INFO] IPUIPlugin:80 - create IPUIPlugin
2025-02-28 16:56:24,497 [INFO] IPUIPlugin:80 - create IPUIPlugin
2025-02-28 16:56:24,498 [INFO] IPUIPlugin:80 - create IPUIPlugin
2025-02-28 16:56:24,498 [INFO] IPUIPlugin:80 - create IPUIPlugin
2025-02-28 16:56:24,499 [INFO] IPUIPlugin:80 - create IPUIPlugin
2025-02-28 16:56:24,499 [INFO] IPUIPlugin:80 - create IPUIPlugin
2025-02-28 16:56:24,499 [INFO] IPUIPlugin:80 - create IPUIPlugin
2025-02-28 16:56:24,500 [INFO] IPUIPlugin:80 - create IPUIPlugin
2025-02-28 16:56:24,500 [INFO] IPUIPlugin:80 - create IPUIPlugin
2025-02-28 16:56:24,500 [INFO] IPUIPlugin:80 - create IPUIPlugin
2025-02-28 16:56:24,501 [INFO] IPUIPlugin:80 - create IPUIPlugin
2025-02-28 16:56:24,501 [INFO] IPUIPlugin:80 - create IPUIPlugin
2025-02-28 16:56:24,501 [INFO] IPUIPlugin:80 - create IPUIPlugin
2025-02-28 16:56:24,502 [INFO] IPUIPlugin:80 - create IPUIPlugin
2025-02-28 16:56:24,502 [INFO] IPUIPlugin:80 - create IPUIPlugin
2025-02-28 16:56:24,502 [INFO] IPUIPlugin:80 - create IPUIPlugin
2025-02-28 16:56:24,503 [INFO] IPUIPlugin:80 - create IPUIPlugin
2025-02-28 16:56:24,503 [INFO] IPUIPlugin:80 - create IPUIPlugin
2025-02-28 16:56:24,503 [INFO] IPUIPlugin:80 - create IPUIPlugin
2025-02-28 16:56:24,503 [INFO] IPUIPlugin:80 - create IPUIPlugin
2025-02-28 16:56:24,503 [INFO] IPUIPlugin:80 - create IPUIPlugin
2025-02-28 16:56:24,504 [INFO] IPUIPlugin:80 - create IPUIPlugin
2025-02-28 16:56:24,504 [INFO] IPUIPlugin:80 - create IPUIPlugin
2025-02-28 16:56:24,504 [INFO] IPUIPlugin:80 - create IPUIPlugin
2025-02-28 16:56:24,504 [INFO] IPUIPlugin:80 - create IPUIPlugin
2025-02-28 16:56:24,504 [INFO] IPUIPlugin:80 - create IPUIPlugin
2025-02-28 16:56:24,505 [INFO] IPUIPlugin:80 - create IPUIPlugin
2025-02-28 16:56:24,506 [INFO] IPUIPlugin:80 - create IPUIPlugin
2025-02-28 16:56:24,506 [INFO] IPUIPlugin:80 - create IPUIPlugin
2025-02-28 16:56:24,506 [INFO] IPUIPlugin:80 - create IPUIPlugin
2025-02-28 16:56:24,506 [INFO] IPUIPlugin:80 - create IPUIPlugin
2025-02-28 16:56:24,507 [INFO] IPUIPlugin:80 - create IPUIPlugin
2025-02-28 16:56:24,507 [INFO] IPUIPlugin:80 - create IPUIPlugin
2025-02-28 16:56:24,507 [INFO] IPUIPlugin:80 - create IPUIPlugin
2025-02-28 16:56:24,508 [INFO] IPUIPlugin:80 - create IPUIPlugin
2025-02-28 16:56:24,508 [INFO] IPUIPlugin:80 - create IPUIPlugin
2025-02-28 16:56:24,508 [INFO] IPUIPlugin:80 - create IPUIPlugin
2025-02-28 16:56:24,509 [INFO] IPUIPlugin:80 - create IPUIPlugin
2025-02-28 16:56:24,509 [INFO] IPUIPlugin:80 - create IPUIPlugin
2025-02-28 16:56:24,510 [INFO] IPUIPlugin:80 - create IPUIPlugin
2025-02-28 16:56:24,510 [INFO] IPUIPlugin:80 - create IPUIPlugin
2025-02-28 16:56:24,510 [INFO] IPUIPlugin:80 - create IPUIPlugin
2025-02-28 16:56:24,511 [INFO] IPUIPlugin:80 - create IPUIPlugin
2025-02-28 16:56:24,511 [INFO] IPUIPlugin:80 - create IPUIPlugin
2025-02-28 16:56:24,512 [INFO] IPUIPlugin:80 - create IPUIPlugin
2025-02-28 16:56:24,512 [INFO] IPUIPlugin:80 - create IPUIPlugin
2025-02-28 16:56:24,512 [INFO] IPUIPlugin:80 - create IPUIPlugin
2025-02-28 16:56:24,513 [INFO] IPUIPlugin:80 - create IPUIPlugin
2025-02-28 16:56:24,513 [INFO] IPUIPlugin:80 - create IPUIPlugin
2025-02-28 16:56:24,514 [INFO] IPUIPlugin:80 - create IPUIPlugin
2025-02-28 16:56:24,514 [INFO] IPUIPlugin:80 - create IPUIPlugin
2025-02-28 16:56:24,515 [INFO] IPUIPlugin:80 - create IPUIPlugin
2025-02-28 16:56:24,516 [INFO] IPUIPlugin:80 - create IPUIPlugin
2025-02-28 16:56:24,517 [INFO] IPUIPlugin:80 - create IPUIPlugin
2025-02-28 16:56:24,518 [INFO] IPUIPlugin:80 - create IPUIPlugin
2025-02-28 16:56:24,518 [INFO] IPUIPlugin:80 - create IPUIPlugin
2025-02-28 16:56:24,519 [INFO] IPUIPlugin:80 - create IPUIPlugin
2025-02-28 16:56:24,520 [INFO] IPUIPlugin:80 - create IPUIPlugin
2025-02-28 16:56:24,521 [INFO] IPUIPlugin:80 - create IPUIPlugin
2025-02-28 16:56:24,521 [INFO] IPUIPlugin:80 - create IPUIPlugin
2025-02-28 16:56:24,522 [INFO] IPUIPlugin:80 - create IPUIPlugin
2025-02-28 16:56:24,523 [INFO] IPUIPlugin:80 - create IPUIPlugin
2025-02-28 16:56:24,523 [INFO] IPUIPlugin:80 - create IPUIPlugin
2025-02-28 16:56:24,524 [INFO] IPUIPlugin:80 - create IPUIPlugin
2025-02-28 16:56:24,524 [INFO] IPUIPlugin:80 - create IPUIPlugin
2025-02-28 16:56:24,525 [INFO] IPUIPlugin:80 - create IPUIPlugin
2025-02-28 16:56:24,525 [INFO] IPUIPlugin:80 - create IPUIPlugin
2025-02-28 16:56:24,525 [INFO] IPUIPlugin:80 - create IPUIPlugin
2025-02-28 16:56:24,526 [INFO] IPUIPlugin:80 - create IPUIPlugin
2025-02-28 16:56:24,527 [INFO] IPUIPlugin:80 - create IPUIPlugin
2025-02-28 16:56:24,527 [INFO] IPUIPlugin:80 - create IPUIPlugin
2025-02-28 16:56:24,528 [INFO] IPUIPlugin:80 - create IPUIPlugin
2025-02-28 16:56:24,528 [INFO] IPUIPlugin:80 - create IPUIPlugin
2025-02-28 16:56:24,529 [INFO] IPUIPlugin:80 - create IPUIPlugin
2025-02-28 16:56:24,530 [INFO] IPUIPlugin:80 - create IPUIPlugin
2025-02-28 16:56:24,530 [INFO] IPUIPlugin:80 - create IPUIPlugin
2025-02-28 16:56:24,531 [INFO] IPUIPlugin:80 - create IPUIPlugin
2025-02-28 16:56:24,531 [INFO] IPUIPlugin:80 - create IPUIPlugin
2025-02-28 16:56:24,532 [INFO] IPUIPlugin:80 - create IPUIPlugin
2025-02-28 16:56:24,533 [INFO] IPUIPlugin:80 - create IPUIPlugin
2025-02-28 16:56:24,533 [INFO] IPUIPlugin:80 - create IPUIPlugin
2025-02-28 16:56:24,534 [INFO] IPUIPlugin:80 - create IPUIPlugin
2025-02-28 16:56:24,534 [INFO] IPUIPlugin:80 - create IPUIPlugin
2025-02-28 16:56:24,535 [INFO] IPUIPlugin:80 - create IPUIPlugin
2025-02-28 16:56:24,536 [INFO] IPUIPlugin:80 - create IPUIPlugin
2025-02-28 16:56:24,537 [INFO] IPUIPlugin:80 - create IPUIPlugin
2025-02-28 16:56:24,538 [INFO] IPUIPlugin:80 - create IPUIPlugin
2025-02-28 16:56:24,539 [INFO] IPUIPlugin:80 - create IPUIPlugin
2025-02-28 16:56:24,540 [INFO] IPUIPlugin:80 - create IPUIPlugin
2025-02-28 16:56:24,541 [INFO] IPUIPlugin:80 - create IPUIPlugin
2025-02-28 16:56:24,542 [INFO] IPUIPlugin:80 - create IPUIPlugin
2025-02-28 16:56:24,543 [INFO] IPUIPlugin:80 - create IPUIPlugin
2025-02-28 16:56:24,543 [INFO] IPUIPlugin:80 - create IPUIPlugin
2025-02-28 16:56:24,544 [INFO] IPUIPlugin:80 - create IPUIPlugin
2025-02-28 16:56:24,545 [INFO] IPUIPlugin:80 - create IPUIPlugin
2025-02-28 16:56:24,545 [INFO] IPUIPlugin:80 - create IPUIPlugin
2025-02-28 16:56:24,546 [INFO] IPUIPlugin:80 - create IPUIPlugin
2025-02-28 16:56:24,546 [INFO] IPUIPlugin:80 - create IPUIPlugin
2025-02-28 16:56:24,547 [INFO] IPUIPlugin:80 - create IPUIPlugin
2025-02-28 16:56:24,548 [INFO] IPUIPlugin:80 - create IPUIPlugin
2025-02-28 16:56:24,549 [INFO] IPUIPlugin:80 - create IPUIPlugin
2025-02-28 16:56:24,550 [INFO] IPUIPlugin:80 - create IPUIPlugin
2025-02-28 16:56:24,833 [INFO] CADModel:165 - CPN selected for project levelSTM32U575ZIT6Q
2025-02-28 16:56:24,833 [INFO] CADModel:114 - Register for checkConnection events
2025-02-28 16:56:24,837 [INFO] RtosManager:697 - Active RTOS found at IOC load: STMicroelectronics.X-CUBE-FREERTOS.1.2.0 [CortexM33]
2025-02-28 16:56:24,934 [INFO] OpenFileManager:343 - Restore cursor
2025-02-28 16:56:25,407 [WARN] IP:2120 - SRAM5PowerDownInRunMode not found: check if there is a RefParameter without a condition.
2025-02-28 16:56:25,407 [WARN] IP:2120 - SRAM6PowerDownInRunMode not found: check if there is a RefParameter without a condition.
2025-02-28 16:56:25,407 [WARN] IP:2120 - RAM1Page4PowerDownInStopMode not found: check if there is a RefParameter without a condition.
2025-02-28 16:56:25,407 [WARN] IP:2120 - RAM1Page5PowerDownInStopMode not found: check if there is a RefParameter without a condition.
2025-02-28 16:56:25,407 [WARN] IP:2120 - RAM1Page6PowerDownInStopMode not found: check if there is a RefParameter without a condition.
2025-02-28 16:56:25,407 [WARN] IP:2120 - RAM1Page7PowerDownInStopMode not found: check if there is a RefParameter without a condition.
2025-02-28 16:56:25,407 [WARN] IP:2120 - RAM1Page8PowerDownInStopMode not found: check if there is a RefParameter without a condition.
2025-02-28 16:56:25,407 [WARN] IP:2120 - RAM1Page9PowerDownInStopMode not found: check if there is a RefParameter without a condition.
2025-02-28 16:56:25,407 [WARN] IP:2120 - RAM1Page10PowerDownInStopMode not found: check if there is a RefParameter without a condition.
2025-02-28 16:56:25,407 [WARN] IP:2120 - RAM1Page11PowerDownInStopMode not found: check if there is a RefParameter without a condition.
2025-02-28 16:56:25,407 [WARN] IP:2120 - RAM1Page12PowerDownInStopMode not found: check if there is a RefParameter without a condition.
2025-02-28 16:56:25,408 [WARN] IP:2120 - RAM3Page9PowerDownInStopMode not found: check if there is a RefParameter without a condition.
2025-02-28 16:56:25,408 [WARN] IP:2120 - RAM3Page10PowerDownInStopMode not found: check if there is a RefParameter without a condition.
2025-02-28 16:56:25,408 [WARN] IP:2120 - RAM3Page11PowerDownInStopMode not found: check if there is a RefParameter without a condition.
2025-02-28 16:56:25,408 [WARN] IP:2120 - RAM3Page12PowerDownInStopMode not found: check if there is a RefParameter without a condition.
2025-02-28 16:56:25,408 [WARN] IP:2120 - RAM3Page13PowerDownInStopMode not found: check if there is a RefParameter without a condition.
2025-02-28 16:56:25,408 [WARN] IP:2120 - RAM5Page1PowerDownInStopMode not found: check if there is a RefParameter without a condition.
2025-02-28 16:56:25,408 [WARN] IP:2120 - RAM5Page2PowerDownInStopMode not found: check if there is a RefParameter without a condition.
2025-02-28 16:56:25,408 [WARN] IP:2120 - RAM5Page3PowerDownInStopMode not found: check if there is a RefParameter without a condition.
2025-02-28 16:56:25,408 [WARN] IP:2120 - RAM5Page4PowerDownInStopMode not found: check if there is a RefParameter without a condition.
2025-02-28 16:56:25,408 [WARN] IP:2120 - RAM5Page5PowerDownInStopMode not found: check if there is a RefParameter without a condition.
2025-02-28 16:56:25,408 [WARN] IP:2120 - RAM5Page6PowerDownInStopMode not found: check if there is a RefParameter without a condition.
2025-02-28 16:56:25,408 [WARN] IP:2120 - RAM5Page7PowerDownInStopMode not found: check if there is a RefParameter without a condition.
2025-02-28 16:56:25,408 [WARN] IP:2120 - RAM5Page8PowerDownInStopMode not found: check if there is a RefParameter without a condition.
2025-02-28 16:56:25,408 [WARN] IP:2120 - RAM5Page9PowerDownInStopMode not found: check if there is a RefParameter without a condition.
2025-02-28 16:56:25,408 [WARN] IP:2120 - RAM5Page10PowerDownInStopMode not found: check if there is a RefParameter without a condition.
2025-02-28 16:56:25,408 [WARN] IP:2120 - RAM5Page11PowerDownInStopMode not found: check if there is a RefParameter without a condition.
2025-02-28 16:56:25,408 [WARN] IP:2120 - RAM5Page12PowerDownInStopMode not found: check if there is a RefParameter without a condition.
2025-02-28 16:56:25,408 [WARN] IP:2120 - RAM5Page13PowerDownInStopMode not found: check if there is a RefParameter without a condition.
2025-02-28 16:56:25,408 [WARN] IP:2120 - Dcache2PowerDownInStopMode not found: check if there is a RefParameter without a condition.
2025-02-28 16:56:25,409 [WARN] IP:2120 - GRAPHICPRAMPowerDownInStopMode not found: check if there is a RefParameter without a condition.
2025-02-28 16:56:25,409 [WARN] IP:2120 - DSIRAMPowerDownInStopMode not found: check if there is a RefParameter without a condition.
2025-02-28 16:56:25,480 [WARN] IP:2120 - rccPrivilegeSecure not found: check if there is a RefParameter without a condition.
2025-02-28 16:56:25,480 [WARN] IP:2120 - rccSecurity not found: check if there is a RefParameter without a condition.
2025-02-28 16:56:25,572 [WARN] IP:2120 - rccPrivilegeSecure not found: check if there is a RefParameter without a condition.
2025-02-28 16:56:25,572 [WARN] IP:2120 - rccSecurity not found: check if there is a RefParameter without a condition.
2025-02-28 17:13:20,579 [ERROR] LogOutputStream:75 - [STDERR_REDIRECT] Exception in thread "AWT-EventQueue-0" java.awt.IllegalComponentStateException: Native resources unavailable
2025-02-28 17:13:20,581 [ERROR] LogOutputStream:75 - [STDERR_REDIRECT] 	at java.desktop/sun.awt.windows.WWindowPeer.getScreenImOn(Native Method)
2025-02-28 17:13:20,584 [ERROR] LogOutputStream:75 - [STDERR_REDIRECT] 	at java.desktop/sun.awt.windows.WWindowPeer.updateGC(WWindowPeer.java:566)
2025-02-28 17:13:20,587 [ERROR] LogOutputStream:75 - [STDERR_REDIRECT] 	at java.desktop/java.awt.event.InvocationEvent.dispatch(InvocationEvent.java:318)
2025-02-28 17:13:20,589 [ERROR] LogOutputStream:75 - [STDERR_REDIRECT] 	at java.desktop/java.awt.EventQueue.dispatchEventImpl(EventQueue.java:773)
2025-02-28 17:13:20,592 [ERROR] LogOutputStream:75 - [STDERR_REDIRECT] 	at java.desktop/java.awt.EventQueue$4.run(EventQueue.java:720)
2025-02-28 17:13:20,595 [ERROR] LogOutputStream:75 - [STDERR_REDIRECT] 	at java.desktop/java.awt.EventQueue$4.run(EventQueue.java:714)
2025-02-28 17:13:20,598 [ERROR] LogOutputStream:75 - [STDERR_REDIRECT] 	at java.base/java.security.AccessController.doPrivileged(AccessController.java:399)
2025-02-28 17:13:20,602 [ERROR] LogOutputStream:75 - [STDERR_REDIRECT] 	at java.base/java.security.ProtectionDomain$JavaSecurityAccessImpl.doIntersectionPrivilege(ProtectionDomain.java:86)
2025-02-28 17:13:20,605 [ERROR] LogOutputStream:75 - [STDERR_REDIRECT] 	at java.base/java.security.ProtectionDomain$JavaSecurityAccessImpl.doIntersectionPrivilege(ProtectionDomain.java:97)
2025-02-28 17:13:20,607 [ERROR] LogOutputStream:75 - [STDERR_REDIRECT] 	at java.desktop/java.awt.EventQueue$5.run(EventQueue.java:747)
2025-02-28 17:13:20,609 [ERROR] LogOutputStream:75 - [STDERR_REDIRECT] 	at java.desktop/java.awt.EventQueue$5.run(EventQueue.java:745)
2025-02-28 17:13:20,611 [ERROR] LogOutputStream:75 - [STDERR_REDIRECT] 	at java.base/java.security.AccessController.doPrivileged(AccessController.java:399)
2025-02-28 17:13:20,616 [ERROR] LogOutputStream:75 - [STDERR_REDIRECT] 	at java.base/java.security.ProtectionDomain$JavaSecurityAccessImpl.doIntersectionPrivilege(ProtectionDomain.java:86)
2025-02-28 17:13:20,619 [ERROR] LogOutputStream:75 - [STDERR_REDIRECT] 	at java.desktop/java.awt.EventQueue.dispatchEvent(EventQueue.java:744)
2025-02-28 17:13:20,621 [ERROR] LogOutputStream:75 - [STDERR_REDIRECT] 	at java.desktop/java.awt.EventDispatchThread.pumpOneEventForFilters(EventDispatchThread.java:203)
2025-02-28 17:13:20,624 [ERROR] LogOutputStream:75 - [STDERR_REDIRECT] 	at java.desktop/java.awt.EventDispatchThread.pumpEventsForFilter(EventDispatchThread.java:124)
2025-02-28 17:13:20,627 [ERROR] LogOutputStream:75 - [STDERR_REDIRECT] 	at java.desktop/java.awt.EventDispatchThread.pumpEventsForHierarchy(EventDispatchThread.java:113)
2025-02-28 17:13:20,629 [ERROR] LogOutputStream:75 - [STDERR_REDIRECT] 	at java.desktop/java.awt.EventDispatchThread.pumpEvents(EventDispatchThread.java:109)
2025-02-28 17:13:20,631 [ERROR] LogOutputStream:75 - [STDERR_REDIRECT] 	at java.desktop/java.awt.EventDispatchThread.pumpEvents(EventDispatchThread.java:101)
2025-02-28 17:13:20,635 [ERROR] LogOutputStream:75 - [STDERR_REDIRECT] 	at java.desktop/java.awt.EventDispatchThread.run(EventDispatchThread.java:90)
2025-02-28 17:13:23,982 [ERROR] LogOutputStream:75 - [STDERR_REDIRECT] 
2025-02-28 17:13:23,983 [ERROR] LogOutputStream:75 - [STDERR_REDIRECT] 
